0.0,9.01617524638382,0.0,0.0,0.0,3.787141033451202,0.0,3.6272602441197597,0.0,3.6871772309075697,0.0,3.925501393966139,0.0,0.0,2.8153653522072335,2.210616243151719,0.0,2.113392499601008,0.0,1.7367098445767795,2.0030661657732733,1.5207749456060315,1.6343983753616644,1.7681857764540507,1.3279646454084948,1.4129057084313774,1.173624821328771,0.0,0.0,0.0,0.8040456440585052,1.1138737334818405,0.7756033406554377,0.6630000291880546,1.122751048980358,0.0,0.0,0.0,1.0469891101905022,1.128235130423564,1.0786550252584672,0.0,0.0,0.0,0.0,0.820940721159159,1.1947276064284718,0.0,0.0,0.0,0.0,0.0,0.0,0.0,2.6375866818775777,0.0,0.0,0.0,0.0,0.0,1.0039594908697296,0.0,1.2051118066863524,0.0,0.0,0.8534028183757361,0.8388572018103321,0.0,1.3779038422140906,0.6214971249874026,0.6779950291331892,0.0,0.0,0.0,0.0,0.5078877564207258
0.0,0.0,0.0,0.0,6.164791303133319,3.404050746829752,3.4554295561903876,3.1828617894744653,2.8537956870512002,0.0,0.0,0.0,2.1109308926803205,0.0,2.9253195153451066,1.8375691332459314,0.0,1.7887586595274738,0.0,1.9290816718591954,1.6473036947062099,1.6917695541396907,1.0766000623312855,0.0,1.280654628808989,1.5579713343456207,1.0860824245909684,1.39405640237401,1.2360733543458697,0.0,0.8394865183622209,1.2099946298368698,1.0313558251184805,0.869609127864606,1.1186257386182052,0.0,0.0,0.0,0.8405068480530318,0.949260589799079,0.7527272406089222,0.9935110100377854,0.0,0.0,0.0,0.735804888228357,1.0658884707272318,0.0,0.0,0.0,0.7131932680583559,0.0,0.0,0.0,0.0,0.0,0.0,0.0,0.0,1.166830686525032,0.8521042717381511,0.0,1.0716570960570062,0.0,0.7819015238833166,0.792980323902711,0.7325135499890261,0.3767542633817486,0.0,0.5210119494517917,0.5160068839789222,0.24243663310321917,0.0,0.3093606767629447,0.0,0.0
0.0,0.0,0.0,0.0,5.455344578797004,3.594298614623672,3.951543223101475,4.70891852115839,2.215873677491869,0.0,2.3322755634942363,0.0,2.4218024325418366,3.636093122140837,0.0,0.0,0.0,0.0,1.594119172701431,0.0,0.0,0.0,1.471598534922654,0.0,0.0,0.0,1.3433378838790906,1.473572158015621,0.0,0.0,1.4593889977903434,1.397668240783267,0.0,1.4631383749087843,1.527384561206959,1.2178188217296553,1.743416577662,0.0,1.6789618924503245,0.0,2.7658391469071457,0.0,1.5550261434994475,0.0,0.0,0.0,0.0,2.061162710540615,0.0,2.425472969971083,1.2173645353198204,2.085631182854999,1.8202652555118786,1.7505485553606641,0.0,1.740061293824635,0.0,1.731667798653941,1.7023138149929937,0.0,0.0,0.0,0.0,1.4233284251383893,0.0,0.0,0.0,1.1041182907037963,0.0,0.0,0.0,1.0265710486964243,0.0,0.0,0.0,0.0
0.0,0.0,0.0,0.0,1.4487286552161671,4.2678878417131925,3.074544428954149,0.0,3.9839281813009957,1.8967460933287017,2.3084372951365193,0.0,1.9223052165942067,0.5147402014553795,0.0,0.0,0.0,0.0,2.4441575756699168,3.115672879076041,0.0,0.0,1.425782540781851,0.0,0.0,0.0,1.6251130987957563,0.5655027933721455,2.538056224639618,0.0,0.0,0.6174581082967237,0.0,0.2668306638673238,0.7637254192612764,0.0,0.1891304918505576,1.4633417752878723,0.0,0.0,0.0,0.0,0.0,0.0,0.0,0.0,0.0,0.0,0.0,0.0,0.0,0.0,0.0,0.0,0.0,0.0,0.0,0.0,0.0,0.0,0.0,0.0,0.0,0.0,0.0,0.0,0.0,0.0,0.0,0.0,0.0,0.0,0.0,0.0,0.0,0.0
0.0,0.0,0.0,0.0,0.0,3.827504915500776,3.9403317133759037,1.5457816867322438,2.7334801629512935,2.91533921911736,2.6423922458482947,3.433554232670706,2.4072272722605037,0.35587305011857645,0.0,3.2841104223370543,0.0,0.0,2.1618543790866784,2.53530469439489,0.0,2.209088694691043,1.5674172459579887,0.0,2.110114378345285,0.0,1.5056051761178728,1.1302604318383584,1.6834407906842208,0.0,1.2666878616965713,0.8232583794060166,1.8171620865705265,0.9958063927165888,0.9052590507641218,0.0,0.11108945432477041,1.2948600697586052,0.0,0.0,0.0,0.0,0.0,0.0,0.0,0.0,0.0,1.3267900034256228,0.0,0.0,1.1322759843225496,0.0,0.0,1.3505986321693277,0.0,0.6917311797133382,0.0,0.0,0.0,0.0,0.0,0.0,0.0,0.0,0.0,0.0,0.0,0.649452800498101,0.0,0.0,0.0,0.7223035930028032,0.0,0.0,0.0,0.0
0.0,0.0,0.0,0.0,0.0,0.0,3.683391565411595,3.0115078152239265,2.309400643825338,3.0499261651874923,2.9857048207595143,0.0,2.076157851732705,3.1236854210921345,3.1376425572487463,2.405259999905707,0.0,1.9142945900464723,1.7945421487075404,2.044757291973445,2.0276006317947424,1.9178438491168452,1.5053166647186291,0.0,1.4045360981736164,1.590664779790714,1.1137212293864196,1.4312989174127109,1.198070344809572,1.394428020686576,1.3991764319112168,1.3250909888733131,1.1986297165091746,1.4106667087506248,1.1660511119651507,1.092794496060824,1.6574689968317082,2.070458866037157,1.2079738425606434,0.0,1.4257072642646111,1.8865699967584495,2.1243053411986104,0.0,0.0,0.0,0.0,1.4866272444819932,0.0,0.0,0.8508990843613161,1.7532236943521378,1.0216323602774275,1.543664496876056,0.0,1.2705516421057714,0.0,1.2156292008042586,0.0,1.226633041500311,0.0,0.0,0.0,1.9603769400422804,1.0555218053545004,0.0,1.1505901934679794,0.6079267095862715,0.0,0.0,1.0382820026517983,0.6211946338147227,0.9319093682531292,0.6144374297609259,0.0,0.5776442041428107
0.0,0.0,0.0,0.0,0.0,0.0,0.0,3.2373345977165027,3.1274904226925058,3.1474370937294096,3.6135664935556817,0.0,2.2401263274864696,2.7520158762027465,0.0,2.888748926005084,3.246601523830035,2.9095619737683385,2.5351619873531392,2.1913485867401445,0.0,2.145845424820347,1.7029606232683645,0.0,1.9676213220360137,1.8789295119399334,1.7176722696335132,1.6402701093514636,1.7686186457203958,0.0,1.5239811371663352,1.6324414017711057,1.7999232933024794,1.495951037343284,1.5926547309030412,1.2140169134275585,1.850503645643807,1.84588965616084,0.0,0.0,0.0,0.0,0.0,0.0,0.0,0.0,0.0,0.0,0.0,0.0,1.2713460412706654,0.0,1.679557340388551,1.7551270602166529,0.0,0.0,0.0,0.0,0.0,0.0,0.0,0.0,0.0,0.0,0.0,0.0,0.0,0.8553122034096196,0.0,0.0,0.0,0.871070968734371,0.0,0.0,0.0,0.0
0.0,0.0,0.0,0.0,0.0,0.0,0.0,0.0,4.238927634220234,0.0,3.0856509322272943,0.0,2.0661706061002763,1.8196824281467368,4.463008256926274,2.447127675557077,0.0,0.0,3.500681293890955,2.007940895458755,1.794294929281529,2.0838189680170687,1.0021344992310333,1.874599321750626,1.4046713498783663,1.7750598029484654,1.6432888180321068,1.185009585406088,1.0828484690557612,1.091378789675504,1.1919603126669944,0.9109050230479862,1.57656681866041,1.2326746036106404,1.0842951346570833,0.13366699538100157,1.2435173288614334,0.0,1.0877364767244102,0.0,1.3984755097720343,0.0,0.8555342847330202,0.0,0.0,0.0,0.0,1.472861253600701,0.0,0.6353726192411475,0.9455925332240547,0.6718992722219504,0.39870393191781156,1.465518259033676,0.0,0.5802045956706796,0.0,0.0,0.9944637508658498,1.5670007761903118,0.0,0.0,0.0,1.1592984466147587,1.3312840321827846,0.7940926492949564,0.0,0.21120105148736323,0.0,0.0,0.0,0.6344527650859629,0.7759711648347523,0.5831576987469074,0.0,0.8659178174338011
0.0,0.0,0.0,0.0,0.0,0.0,0.0,0.0,0.0,3.604896985804716,2.5862245012746548,0.0,2.524357127158095,3.7068670012152585,0.0,0.0,0.0,0.0,1.5630078852727847,2.3851666649927616,0.0,2.0987008710195973,1.9292931186660534,0.0,0.0,0.0,1.3871171389969805,1.8856076518854183,1.607292977319076,2.168882785922278,1.7736359661991208,1.7927524085808528,0.0,1.7725220733603133,1.514482988960578,1.4108254715902926,1.8867050147282955,0.0,2.03136754074333,0.0,0.0,0.0,0.0,0.0,0.0,0.0,0.0,1.9912811495622056,0.0,0.0,1.4154044775657693,2.2691221926634535,1.834915823698386,2.00604258243731,0.0,1.8242657281401593,0.0,2.173616852790396,2.8180121691776785,0.0,0.0,0.0,0.0,1.9784384165873137,0.0,0.0,0.0,1.2159418259970907,0.0,0.0,0.0,1.2398739080822663,0.0,0.0,0.0,0.0
0.0,0.0,0.0,0.0,0.0,0.0,0.0,0.0,0.0,0.0,3.3269636218733707,2.642986521083475,2.8105806289035735,0.0,0.0,2.7096848240839893,2.1676540615182005,1.901809247529169,2.456616250377629,0.0,0.0,0.0,1.7062963583687552,1.6984713663835225,1.628035844588724,1.8195781798118413,1.7936590361624012,1.4988954864806163,2.5364909048900692,0.0,1.2361162894955446,0.4131205539125931,1.404207036759291,0.7168165742307133,0.5363742133478296,1.0845348627026878,0.9430968013606833,0.7830242597606728,0.586182718156286,0.9686556369391375,0.6278015420409458,1.1231835992683918,0.0,0.0,2.3996583604311588,2.073116093457872,0.0,0.0,0.0,0.0,0.0,0.0,0.0,0.0,1.4589785618866111,0.0,1.613058679371653,0.0,0.0,0.0,0.0,1.6516109155527696,1.1524477647906344,0.0,0.0,0.0,0.0,0.0,0.7227619513977652,1.0591071511242285,1.0298202116669617,0.0,0.0,0.0,0.0,0.568944559175154
0.0,0.0,0.0,0.0,0.0,0.0,0.0,0.0,0.0,0.0,0.0,0.0,2.6809368397215088,2.7311237335063994,0.0,0.0,3.6994483672985368,0.0,2.1850517002844376,0.0,0.0,0.0,1.7329508451331788,0.0,0.0,0.0,1.6636224800393498,1.6419500593356293,0.0,0.0,1.5389083493954963,0.8800205118760897,1.0834700947047133,1.2947931554223806,1.241098823030283,0.24851751522231663,1.6794245232424974,1.6238780758840887,0.0,0.0,0.0,0.0,0.0,0.0,0.0,0.0,0.0,1.6922515871983048,0.0,1.5977359046784625,0.8938893788029131,1.1880441470448377,1.1580866844706836,1.5881977913628438,0.0,1.5449036104059104,0.0,1.0604007084736915,1.719774346486886,0.0,0.0,0.0,0.0,0.0,0.0,0.0,0.0,0.5773303293641434,0.0,0.0,0.0,0.7885164075256035,0.0,0.0,0.0,0.0
0.0,0.0,0.0,0.0,0.0,0.0,0.0,0.0,0.0,0.0,0.0,0.0,2.8373663833273626,0.0,0.0,0.0,2.394774126887145,2.285663441981772,0.0,0.0,3.473337430334166,0.0,0.0,1.5433679399597708,1.7490750362649632,1.5308884654228472,0.0,1.1980093617788095,0.0,0.0,1.4333522901745241,0.1964404432655257,0.9584663604377783,0.5369519213905734,0.37732075961978706,0.4122761936454738,0.6107432775718314,0.6428778411905213,0.9302916994427365,0.8730197954051059,0.9678521209955911,1.2340629955116769,0.0,0.0,2.6158732483814937,0.0,0.0,0.0,0.0,0.0,0.0,0.0,0.0,0.0,1.7461754480272693,0.0,1.8550384214404112,0.0,0.0,0.0,0.0,1.9344653775939396,1.506211805278222,0.0,0.0,0.0,0.0,0.0,0.9275244143188835,1.2784796716983968,1.2884211029391817,0.0,0.0,0.0,0.0,0.8928319119047442
0.0,0.0,0.0,0.0,0.0,0.0,0.0,0.0,0.0,0.0,0.0,0.0,0.0,2.7301079321029134,4.357995917548173,2.8949198592194154,2.8194209874051395,2.4474855859155897,2.56154521198147,2.249446605936516,0.0,2.260304486716962,1.7768391894074864,2.2847506014267407,2.055741172362767,2.056523483950817,1.8012822542696707,1.38354139592772,1.8507487691983866,1.631976519449907,1.518538938386579,1.7258853797740592,1.8124061912310676,1.535664212602194,1.3974216860010784,1.207016598682657,1.4439939595117437,1.809951717650042,1.6394398424948342,0.0,0.0,0.0,0.0,0.0,0.0,0.0,0.0,0.0,0.0,0.0,1.227098825131662,0.0,1.4746835414754638,0.0,0.0,0.0,0.0,0.0,0.0,0.0,0.0,0.0,0.0,0.0,0.0,0.0,0.0,0.9934408826511321,0.0,0.0,0.0,0.9388996946366961,0.0,0.9885591149013497,0.0,0.0
0.0,0.0,0.0,0.0,0.0,0.0,0.0,0.0,0.0,0.0,0.0,0.0,0.0,0.0,0.0,0.0,0.0,0.0,3.7182921731681136,0.0,0.0,0.0,2.188525567344877,0.0,0.0,0.0,2.3810587784376676,0.1711253578055107,0.0,0.0,0.0,0.0,0.0,0.0,0.0,0.24269223336421147,0.5300829499812801,0.0,0.0,0.0,0.0,0.0,0.0,0.0,0.0,0.0,0.0,0.0,0.0,0.0,0.0,0.0,0.0,0.0,0.0,0.0,0.0,0.0,0.0,0.0,0.0,0.0,0.0,0.0,0.0,0.0,0.0,0.0,0.0,0.0,0.0,0.0,0.0,0.0,0.0,0.0
0.0,0.0,0.0,0.0,0.0,0.0,0.0,0.0,0.0,0.0,0.0,0.0,0.0,0.0,0.0,2.5193839463607812,0.0,2.16741763879737,0.0,2.0877243205189613,1.5903367692683992,1.499736262319323,1.3095429012591737,2.3057091095137054,1.4516433395188535,1.324649498629713,1.161642919076111,1.5836810978600084,1.4363267644623041,0.0,0.9736235649944476,1.1830352989442507,1.1242963141754594,1.0708730105466155,1.1199218592078573,1.4092408353439076,0.0,0.0,1.2116968566040538,1.6012090984988867,1.2596638784086203,1.5524720498276674,0.0,0.0,0.0,0.0,1.476278747967154,0.0,0.0,0.0,0.7646219334127984,0.0,1.780695730029423,0.0,0.0,0.0,0.0,0.0,0.0,1.3258847242034135,1.5844387501438881,0.0,0.0,0.0,1.1124402854644502,0.854952306755822,1.1622056684362756,0.499538619720783,0.0,1.4846932933511108,0.8721005196006266,0.3813653417737071,0.8430034591065918,0.4109501453041604,0.0,0.48426771510630184
0.0,0.0,0.0,0.0,0.0,0.0,0.0,0.0,0.0,0.0,0.0,0.0,0.0,0.0,0.0,0.0,2.354522857142272,2.057107304400176,0.0,2.1669392248864647,1.8992658176664796,1.633659123478098,1.5130699599186095,1.9603204252638569,1.5459658023831053,1.6244632627232845,1.4744311183637562,1.4594915180209094,1.5015490660320436,1.9127451082298568,0.9967191898280576,1.4521479047251065,1.4314015348228413,0.9054239196220693,1.431733692287146,0.0,0.0,0.0,1.0053037153865412,1.0600332401723265,0.9277978884969174,1.2446918115422547,0.0,0.0,0.0,0.9771869203378125,1.0966314843208986,0.0,0.0,0.0,0.0,0.0,0.0,0.0,0.0,0.0,0.0,0.0,0.0,1.2802004143551982,0.9356813526648204,0.0,1.1254708547210248,0.0,1.08467275896978,0.0,0.8028725987583528,1.3349183795844903,0.0,0.5630584640318378,0.5925930639897297,0.9359890025812849,0.0,0.7570073061632787,0.0,0.3221501144306542
0.0,0.0,0.0,0.0,0.0,0.0,0.0,0.0,0.0,0.0,0.0,0.0,0.0,0.0,0.0,0.0,0.0,1.7282425597492008,0.0,0.0,0.0,0.0,0.0,2.022421897379128,1.7854188122024939,1.9569376168698134,0.0,1.6709508035440357,0.0,0.0,1.4639140564062385,1.827826908280849,1.8449814585053075,1.5004882155258286,1.3437684875971014,0.0,0.0,1.8585031226455486,0.0,0.0,0.0,0.0,0.0,0.0,0.0,0.0,0.0,0.0,0.0,0.0,0.0,0.0,0.0,0.0,1.652641303265273,0.0,1.995462034880952,0.0,0.0,0.0,0.0,1.6320661507088075,1.3415575670570614,0.0,0.0,0.0,0.0,0.0,0.8486040404765608,1.0086444245290722,1.0383087658950205,0.0,0.0,0.0,0.0,0.0
0.0,0.0,0.0,0.0,0.0,0.0,0.0,0.0,0.0,0.0,0.0,0.0,0.0,0.0,0.0,0.0,0.0,0.0,0.0,2.149903456816615,2.1061253061913194,2.0378241797820955,1.52882368638965,1.5408020285982111,1.435090975147841,1.6446412924467761,1.464798669342097,1.396880525957393,1.6146060015761763,0.0,1.249334173500434,1.5345622209560785,1.4405095214788677,1.3100048747632762,1.0485780460664373,0.0,0.0,0.0,1.2112940463554493,1.1960901721904178,0.9700139296297997,1.571891952707336,0.0,0.0,0.0,1.1733119091711384,1.0261453901612068,0.0,0.0,0.0,0.0,0.0,0.0,0.0,1.1830627931853086,0.0,1.4475153904395706,0.0,0.0,0.0,0.8823250946623041,1.2818610438829512,1.0225498765624146,0.0,0.0,0.0,0.8868273633320218,0.0,1.1230230230764287,0.6439618631732562,0.7226715627114462,0.0,0.0,0.0,0.0,0.36513626786078274
0.0,0.0,0.0,0.0,0.0,0.0,0.0,0.0,0.0,0.0,0.0,0.0,0.0,0.0,0.0,0.0,0.0,0.0,0.0,0.0,0.0,0.0,2.5684753613625304,0.0,0.0,0.0,1.3434358729378308,1.4122375307633939,0.0,0.0,1.3604232234177729,1.5067610672060223,0.0,1.2604843977812918,1.2259290437683297,0.9291542022962123,1.4901146503259957,0.0,1.7123138399345004,0.0,0.0,0.0,1.580119256855359,0.0,0.0,0.0,0.0,1.7962363458202724,0.0,2.31675444343683,1.0882738036356787,1.8519856121129423,1.8043969126763322,1.4753844870289416,0.0,1.3598016008642337,0.0,1.6636747006852026,1.387840144733503,0.0,0.0,0.0,0.0,1.673138563121702,0.0,0.0,0.0,1.0537692948045176,0.0,0.0,0.0,0.8862058553312826,0.0,0.0,0.0,0.0
0.0,0.0,0.0,0.0,0.0,0.0,0.0,0.0,0.0,0.0,0.0,0.0,0.0,0.0,0.0,0.0,0.0,0.0,0.0,0.0,1.8496225600987355,1.7207247771211702,1.7622775173374476,0.0,1.5367768884843782,1.6899120300719064,1.2597000342501157,1.0032732442815453,1.2064015754000676,0.9080626110532573,1.154503052348214,1.2269220520625765,1.1736560119487662,1.3024853644765182,1.2195452458559164,1.1493675603365876,1.9874325873026275,0.0,1.0971303607521836,1.2460605901892894,1.0974528717349188,1.255585328870123,0.0,0.0,0.0,0.0,1.247664635405246,0.0,0.0,0.0,0.8444829371318929,0.0,1.380232451589662,0.0,0.0,0.0,0.0,1.229432042348673,0.0,0.8790815630060249,0.0,0.0,0.0,0.0,0.8976623614384726,0.8008283021755032,0.8437846915275996,0.43744510702811584,0.0,0.0,0.5978447875361204,0.3083181561245801,0.8368377198188472,0.39595415617132684,0.0,0.3561658200974636
0.0,0.0,0.0,0.0,0.0,0.0,0.0,0.0,0.0,0.0,0.0,0.0,0.0,0.0,0.0,0.0,0.0,0.0,0.0,0.0,0.0,1.6245852675600312,1.5412604302093302,2.1452599689306755,1.5321874529982442,1.8282971458492048,1.5046375296838943,0.0,1.218393793327567,0.0,0.9387827420512573,1.0440727280549584,0.8907755369962432,0.9889581365484528,1.3046059647811905,0.0,0.0,0.0,1.2761241878670044,1.6825534618657199,1.3287180936103358,1.9818562533045174,0.0,0.0,0.0,1.3290893122324068,1.406938458909714,0.0,0.0,0.0,0.8498618019205061,0.0,0.7065964849482429,0.0,0.0,0.0,0.0,0.0,0.0,1.1885312489347013,1.3802248766667065,0.0,0.0,0.0,1.0709781990783072,0.5301566742751711,1.0357838801300918,0.5048064566491595,0.0,1.30205346219398,0.8533280151753397,0.5073080175081571,0.0,0.5453148202572021,0.0,0.5624632289440451
0.0,0.0,0.0,0.0,0.0,0.0,0.0,0.0,0.0,0.0,0.0,0.0,0.0,0.0,0.0,0.0,0.0,0.0,0.0,0.0,0.0,0.0,1.5398473801222166,0.0,1.6485082450131925,1.5353881997143992,1.4759321234148126,1.380443482165566,1.575358673173957,1.7379415090485033,1.1539204818658744,1.21283847478,1.2872949095165929,1.099224232264621,1.1718568560310605,1.1749491398813674,2.2168952785766884,0.0,1.176705982903277,1.3478618768679553,1.0912184668619684,1.3330559760265697,0.0,0.0,0.0,1.0343570609096604,1.3123322394643977,0.0,0.0,0.0,0.7917994032798483,0.0,0.0,0.0,0.0,0.0,0.0,0.0,0.0,1.3316454553740569,1.0812997655652887,0.0,0.0,0.0,1.0625504768562644,0.9867309563445017,1.0636487006337494,0.5456375455869091,0.0,0.8052319260994857,0.823597382200503,0.39999005023420364,0.0,0.4396972302185291,0.0,0.3633690360921935
0.0,0.0,0.0,0.0,0.0,0.0,0.0,0.0,0.0,0.0,0.0,0.0,0.0,0.0,0.0,0.0,0.0,0.0,0.0,0.0,0.0,0.0,0.0,1.9059965183438714,1.2741661535116036,1.817747645369175,1.21682966156904,1.196539978908185,1.2724947519414662,1.3721917596950317,1.2059879904403483,1.2223062120088803,1.1566546303853116,1.3945215141925853,1.1738346383603782,0.8433464237285825,1.4021190761334497,0.0,1.1975706569506768,1.757454702281494,1.4006026848635398,1.404966610248502,1.7214778731531237,3.460577749549961,0.0,0.0,1.4956174202760595,0.44366589149365576,0.0,2.2792775130410368,0.906935011274947,1.6415691525057488,0.9636003143560146,1.5345237853922042,0.0,1.2389196022762092,0.0,1.2365179419611576,0.0,1.0296895917493947,0.0,0.0,0.0,0.0,1.0167382018019944,0.9689151658722681,0.915834637790476,0.5524634148727177,0.0,0.0,0.7699661589601012,0.5974197080177022,0.9176255531971932,0.5297712934755063,1.1397968485758097,0.5357570294107914
0.0,0.0,0.0,0.0,0.0,0.0,0.0,0.0,0.0,0.0,0.0,0.0,0.0,0.0,0.0,0.0,0.0,0.0,0.0,0.0,0.0,0.0,0.0,0.0,1.4847593527118106,1.5558267993598935,0.0,1.5626692172351833,0.0,0.0,1.3629141739822883,0.6799449532995886,0.4969087061552403,0.5437344612121556,0.6860463835490704,1.551120650736015,0.7330191492039283,0.49736307785709866,1.91280175719801,0.5385589679335767,0.5905266180961227,0.0,0.0,0.0,1.780929016854077,1.422407922985706,0.0,0.0,0.0,0.0,0.0,0.0,0.0,0.0,0.954337825073801,0.0,1.1464057042585345,0.0,0.0,0.0,1.3640515393649257,1.1709941491954754,1.026622578369758,0.0,0.0,0.0,0.0,0.0,0.9950413487510695,0.6838405523499037,0.8356856069237382,0.0,0.0,0.0,0.0,0.32154243293167406
0.0,0.0,0.0,0.0,0.0,0.0,0.0,0.0,0.0,0.0,0.0,0.0,0.0,0.0,0.0,0.0,0.0,0.0,0.0,0.0,0.0,0.0,0.0,0.0,0.0,1.5630448082157014,1.0972280378671604,1.4351039755654282,1.3203394506053856,0.0,1.239580919460978,1.3473092706488892,1.1215072096277388,1.2173281456488831,1.0472013651888739,0.0,0.0,1.3160625879609362,0.9772809888791643,1.010545224529524,0.8373766633587967,0.9959822396381113,0.0,0.0,0.0,0.8603643892644389,0.983875061924266,0.0,0.0,0.0,0.0,0.0,0.0,0.0,1.2390321157385205,0.0,1.4746927947330297,0.0,0.0,1.4764009331845966,0.8509298210887285,1.2826222067447206,0.9116256643693762,0.0,1.0283834028282015,0.7554323412113015,0.7544146607011367,1.053462943830092,0.8665565534314513,0.524778277995342,0.5435393996666659,0.0,0.0,0.49607524358701016,0.0,0.13971230249565525
0.0,0.0,0.0,0.0,0.0,0.0,0.0,0.0,0.0,0.0,0.0,0.0,0.0,0.0,0.0,0.0,0.0,0.0,0.0,0.0,0.0,0.0,0.0,0.0,0.0,0.0,1.4400140363235185,1.399663979824111,1.4485138939470108,0.0,1.0708911509644061,1.3210807344033766,1.2354579931382326,1.1016431640365547,1.251729519335171,1.3471790623954631,0.0,1.610111155452525,1.2490446029259235,1.3870218623299104,1.1080603786588294,1.339300635813284,0.0,0.0,0.0,1.162015824373246,1.2790120311998776,0.0,0.0,0.0,0.8955977991021803,0.0,0.0,0.0,1.7354761833474424,0.0,1.790505503456627,0.0,0.0,1.3714903807595826,1.0927823046155696,1.702674035437365,1.29676011240274,0.0,1.078132816547214,1.040656685867745,1.0410659355884242,0.6686387310017312,1.1676678394356097,0.8674460417933911,0.8529336845574746,0.45267573923129995,0.0,0.5512257510361148,0.0,0.43501825747756884
0.0,0.0,0.0,0.0,0.0,0.0,0.0,0.0,0.0,0.0,0.0,0.0,0.0,0.0,0.0,0.0,0.0,0.0,0.0,0.0,0.0,0.0,0.0,0.0,0.0,0.0,0.0,1.3700369351667856,1.2181820605471443,1.5225793711832867,1.2676413886671274,1.364285485431893,1.205326610226792,1.4397457553549255,1.2147988402064245,1.0732701277380154,1.5408755318007912,2.3117439504997828,1.2129547084403534,1.9075612369960637,1.3685489371278146,1.4236627868201162,1.9611480170844184,0.0,0.0,0.0,0.0,1.7253053719999603,0.0,0.0,0.9351178561444942,1.7478817330698517,1.127763164607946,1.5752289299852749,0.0,1.4153093462073238,0.0,1.2162684523915677,0.0,1.1306016466632312,0.0,0.0,0.0,1.7947799354395446,1.0610653143255504,1.1201939458835402,0.9124416278128,0.6439203085206666,0.0,0.0,0.7388993779317394,0.6286654298567032,0.9170497197066483,0.6115142234632905,1.2487095953824254,0.6111124736746839
0.0,0.0,0.0,0.0,0.0,0.0,0.0,0.0,0.0,0.0,0.0,0.0,0.0,0.0,0.0,0.0,0.0,0.0,0.0,0.0,0.0,0.0,0.0,0.0,0.0,0.0,0.0,0.0,1.6477917081130835,1.094824807361523,1.279193700930508,1.6262890044843874,1.410083654392495,1.7675112248096703,1.326419545329296,0.7604239998143179,0.9369879565121191,1.3747375755080453,0.9019500566924208,0.0,0.0,0.0,0.0,0.0,0.0,0.0,0.0,1.955265931661632,0.0,0.0,1.392339330358384,0.0,1.4685091786859554,0.0,0.0,0.0,0.0,0.0,0.0,0.0,0.0,0.0,0.0,0.0,0.0,0.0,0.0,1.0801190750058378,0.0,0.0,0.0,1.0439819860035833,0.0,0.981191133381452,0.0,0.0
0.0,0.0,0.0,0.0,0.0,0.0,0.0,0.0,0.0,0.0,0.0,0.0,0.0,0.0,0.0,0.0,0.0,0.0,0.0,0.0,0.0,0.0,0.0,0.0,0.0,0.0,0.0,0.0,0.0,1.1920234974708865,1.5242075484428463,1.5255497436930263,1.3044631484849722,1.8572681324182847,1.5425450009477875,1.4549146111666365,2.290421073265034,0.0,1.2919199451431524,0.0,1.5440400961476763,2.061084376008957,0.0,0.0,0.0,0.0,0.0,0.0,0.0,0.0,0.9406744430312278,0.0,1.231618271960336,0.0,0.0,0.0,0.0,0.0,0.0,1.2162554785088222,0.0,0.0,0.0,0.0,1.2238003360729102,1.2222287007344037,1.1837799904354311,0.7852286872471113,0.0,0.0,0.8784405290666308,0.6322901026144054,0.9999979385314588,0.6400750279610641,1.3983481120881454,0.6822378523133333
0.0,0.0,0.0,0.0,0.0,0.0,0.0,0.0,0.0,0.0,0.0,0.0,0.0,0.0,0.0,0.0,0.0,0.0,0.0,0.0,0.0,0.0,0.0,0.0,0.0,0.0,0.0,0.0,0.0,0.0,0.38250370374099435,1.5500662719969762,0.0,1.5178189272241551,0.8940894518716265,0.0,0.0,0.0,0.0,0.0,0.0,0.0,0.0,0.0,0.0,0.0,0.0,0.0,0.0,0.0,0.0,0.0,0.0,0.0,0.0,0.0,0.0,0.0,0.0,0.0,0.0,0.0,0.0,0.0,0.0,0.0,0.0,0.37360191196355325,0.0,0.0,0.0,0.0,0.0,0.0,0.0,0.0
0.0,0.0,0.0,0.0,0.0,0.0,0.0,0.0,0.0,0.0,0.0,0.0,0.0,0.0,0.0,0.0,0.0,0.0,0.0,0.0,0.0,0.0,0.0,0.0,0.0,0.0,0.0,0.0,0.0,0.0,0.0,1.3708652790724412,1.2582077030468533,0.8842285018417242,0.5740025788040859,1.1584040987661701,1.5575595065514687,1.2780890292256295,1.112646333374759,1.1972673199019483,0.9421925144859635,0.0,0.0,0.0,0.0,0.0,1.2386781722967766,0.0,0.0,0.0,1.1075587752935472,0.0,1.7082565361553292,0.0,1.4331569319123374,0.0,1.5924049227575265,0.0,0.0,1.1681390306527186,1.0599508471502803,1.562587131834371,1.020858029089069,0.0,1.0819288421459188,0.9279997713898225,0.9375298582106555,0.7581225582532567,0.8763143883712408,0.7018153049778142,0.7326008655487823,0.5891199539377966,1.1694075435710598,0.6696213441600887,0.0,0.0
0.0,0.0,0.0,0.0,0.0,0.0,0.0,0.0,0.0,0.0,0.0,0.0,0.0,0.0,0.0,0.0,0.0,0.0,0.0,0.0,0.0,0.0,0.0,0.0,0.0,0.0,0.0,0.0,0.0,0.0,0.0,0.0,0.9922004049891973,1.2759256074556218,1.243870644202108,0.6726481415087953,0.914340337949451,0.5937230530408468,0.6269123678674084,0.7609322584064473,0.4172228505725859,0.8366804738139983,1.0593874522382545,1.4139678500521144,1.8134239095018547,1.2048499120157357,1.2668579996047549,1.588663417242077,0.0,0.0,0.9224788925837575,0.0,1.1188226527345813,0.0,0.0,0.0,0.6431564201518001,1.385292569106786,0.0,1.1804087743557252,1.0618903795676515,0.0,1.2213891512366786,0.0,1.1204709541618132,0.9994876046333059,1.0876843658988318,0.6745345621303,0.0,0.7905518660650608,0.8107054944329348,0.5911761523093848,0.0,0.6106453733653193,1.6200499369879606,0.6760826951982063
0.0,0.0,0.0,0.0,0.0,0.0,0.0,0.0,0.0,0.0,0.0,0.0,0.0,0.0,0.0,0.0,0.0,0.0,0.0,0.0,0.0,0.0,0.0,0.0,0.0,0.0,0.0,0.0,0.0,0.0,0.0,0.0,0.0,0.59547186635778,1.2619373446931033,1.3085938956520489,1.049357759295379,0.24198741999455298,0.5316360307895305,0.38115822641017577,0.48152078011207294,0.855716217621626,0.0,0.0,1.0602393898874032,1.0904760244248866,1.2046707097383857,0.0,0.0,0.0,0.0,0.0,0.0,0.0,0.9355987387759629,0.0,1.1449745184721491,0.0,0.0,1.127114501762992,1.017494001004307,0.9613822088924635,0.7611718093232741,0.0,1.0161057130598412,0.9770829512202222,0.9818050277568257,0.7730538792963869,0.25382089429610255,0.4711813611018068,0.5878915365042792,0.6192684086042589,0.0,0.7866676721063388,0.0,0.3967762988332929
0.0,0.0,0.0,0.0,0.0,0.0,0.0,0.0,0.0,0.0,0.0,0.0,0.0,0.0,0.0,0.0,0.0,0.0,0.0,0.0,0.0,0.0,0.0,0.0,0.0,0.0,0.0,0.0,0.0,0.0,0.0,0.0,0.0,0.0,1.117781893050637,0.836030432897678,0.9495888643879629,0.45804417710478396,0.6804880641340784,0.6768140974884573,0.23672940096413697,0.852342793733279,1.7733664906412976,1.7990703383393092,1.5016203151786205,1.1647597739232343,1.1668909766978337,0.0,0.0,0.0,1.0406595456160759,0.0,1.504808565775919,0.0,1.0400792723613717,0.0,1.201745861933886,0.0,0.0,1.2039131154313263,0.9909056454210698,1.1448913571728596,0.9903455222423736,0.0,1.106948914894647,1.0367505221452855,0.952801247287821,0.7544527099723605,0.3415107160934821,0.6374652540137318,0.6832889578820329,0.7292884024118409,0.0,0.6299759115292656,0.0,0.0
0.0,0.0,0.0,0.0,0.0,0.0,0.0,0.0,0.0,0.0,0.0,0.0,0.0,0.0,0.0,0.0,0.0,0.0,0.0,0.0,0.0,0.0,0.0,0.0,0.0,0.0,0.0,0.0,0.0,0.0,0.0,0.0,0.0,0.0,0.0,1.1748259424096417,1.4613711753476588,0.5557627902154633,0.7471333462118537,0.9149771630313391,0.7158794885405105,1.0087244938423292,1.3559832230410707,1.9751076534928313,2.6386042145799173,0.0,1.3532091753972249,0.0,0.0,0.0,0.0,0.0,0.0,0.0,0.0,0.0,0.7220228095006443,0.0,0.0,1.191294264758063,0.0,0.0,0.0,0.0,1.0728277106938995,0.0,1.0340993100966598,0.5849942493894521,0.0,0.8020959779501604,0.7331717656767575,0.5746627161506933,0.0,0.5578303293505196,0.0,0.0
0.0,0.0,0.0,0.0,0.0,0.0,0.0,0.0,0.0,0.0,0.0,0.0,0.0,0.0,0.0,0.0,0.0,0.0,0.0,0.0,0.0,0.0,0.0,0.0,0.0,0.0,0.0,0.0,0.0,0.0,0.0,0.0,0.0,0.0,0.0,0.0,0.8467640236820005,1.2771672952571762,0.6184641953709472,1.6645886640448613,0.8120383049415243,1.27329573581983,1.1723991122514548,2.555823728336044,0.0,0.0,0.0,1.396124809542233,0.0,0.0,1.238648747107469,0.0,0.0,1.4011972524530198,0.0,0.0,0.0,0.0,0.0,0.0,0.0,0.0,0.0,0.0,0.0,0.0,0.0,0.7999552082216319,0.0,0.0,0.0,0.0,0.0,0.0,0.0,0.0
0.0,0.0,0.0,0.0,0.0,0.0,0.0,0.0,0.0,0.0,0.0,0.0,0.0,0.0,0.0,0.0,0.0,0.0,0.0,0.0,0.0,0.0,0.0,0.0,0.0,0.0,0.0,0.0,0.0,0.0,0.0,0.0,0.0,0.0,0.0,0.0,0.0,0.5518284812927561,0.4938285684161486,0.0,0.8557909218844868,0.9755681532071236,1.5238692059842,0.0,0.0,0.0,0.0,0.0,0.0,0.0,0.0,0.0,0.0,0.0,0.0,0.0,0.0,0.0,0.0,0.0,0.0,0.0,0.0,0.0,0.0,0.0,0.0,0.0,0.0,0.0,0.0,0.0,0.0,0.0,0.0,0.0
0.0,0.0,0.0,0.0,0.0,0.0,0.0,0.0,0.0,0.0,0.0,0.0,0.0,0.0,0.0,0.0,0.0,0.0,0.0,0.0,0.0,0.0,0.0,0.0,0.0,0.0,0.0,0.0,0.0,0.0,0.0,0.0,0.0,0.0,0.0,0.0,0.0,0.0,0.5185466663273735,0.29002391531209265,0.5126537353711969,1.1219795323692896,0.0,0.0,0.8750881796608403,0.0,0.0,0.0,0.0,0.0,0.0,0.0,0.0,0.0,1.084635340496216,0.0,1.1750196906286385,0.0,0.0,0.0,0.0,0.0,0.0,0.0,0.0,0.0,0.0,0.0,0.2905315869408394,0.837427129388149,0.5474812749563802,0.0,0.0,0.0,0.0,0.0
0.0,0.0,0.0,0.0,0.0,0.0,0.0,0.0,0.0,0.0,0.0,0.0,0.0,0.0,0.0,0.0,0.0,0.0,0.0,0.0,0.0,0.0,0.0,0.0,0.0,0.0,0.0,0.0,0.0,0.0,0.0,0.0,0.0,0.0,0.0,0.0,0.0,0.0,0.0,0.6505186651820427,0.7561547639416579,1.1976339434044347,0.9003148575865035,1.7785342100656312,1.3011655064505536,0.9017624402794014,1.0892106191716138,0.9835788498698931,2.8239093062214153,1.5411188463260164,0.6007530287995966,1.2778843473881767,0.0,1.0414909098280738,1.0631987319152112,0.5288979943893372,0.5444402440978073,0.8866210369981313,0.0,0.7206627004062279,0.8498167489529661,1.3483824998955392,1.0430890614887334,1.0659836118608528,0.7013342304905152,0.7952355355309361,0.5212119747096986,0.14286356134700687,0.8047794522549784,0.774395063362614,0.5059302936825334,0.17464167109448311,0.561689339819435,0.31937309992552887,0.5566390849832334,0.13393279910488426
0.0,0.0,0.0,0.0,0.0,0.0,0.0,0.0,0.0,0.0,0.0,0.0,0.0,0.0,0.0,0.0,0.0,0.0,0.0,0.0,0.0,0.0,0.0,0.0,0.0,0.0,0.0,0.0,0.0,0.0,0.0,0.0,0.0,0.0,0.0,0.0,0.0,0.0,0.0,0.0,0.612162646086139,1.1944240523433125,2.3770243787277194,1.879162441044582,0.9065167709092384,0.48079799066483364,0.900817223409702,0.0,0.0,0.0,0.4398155138212588,1.2176568204341485,0.0,1.0420555140273833,0.7117046538770053,1.4179232990719681,0.4968511448857093,0.9176069904291517,0.0,0.7422519026815654,0.8154488871282227,1.100909606663796,0.6963238059337709,0.0,0.8528664420592915,0.8017720277209293,0.5734006503300376,0.11929072125845233,0.0,0.5388871381185879,0.3904479078341643,0.0,0.6104295666482957,0.2989410441108443,1.1496056634111047,0.0
0.0,0.0,0.0,0.0,0.0,0.0,0.0,0.0,0.0,0.0,0.0,0.0,0.0,0.0,0.0,0.0,0.0,0.0,0.0,0.0,0.0,0.0,0.0,0.0,0.0,0.0,0.0,0.0,0.0,0.0,0.0,0.0,0.0,0.0,0.0,0.0,0.0,0.0,0.0,0.0,0.0,1.036626772583419,1.3869267738661466,1.4852241292667967,1.0128887171481862,0.5975667449681135,0.8501442741594522,1.1332358266558515,2.416885288400643,1.9072736280949392,0.7156155467243244,1.2543845890257619,0.8640572846573262,1.1222849769982373,0.7279053658536002,1.4399878986197634,0.42301495373862946,0.8941733800762507,1.4185447692076263,0.7225787155375983,0.6398975569417295,1.1611865254286178,0.7790016820036396,1.0881603220632117,0.735706257684507,0.7901054041082274,0.44595770841018995,0.3148356906535414,0.14432463280095087,0.5902326164682177,0.36647217595331216,0.22108340051517916,0.0,0.30254810855225406,0.6219045810207111,0.0
0.0,0.0,0.0,0.0,0.0,0.0,0.0,0.0,0.0,0.0,0.0,0.0,0.0,0.0,0.0,0.0,0.0,0.0,0.0,0.0,0.0,0.0,0.0,0.0,0.0,0.0,0.0,0.0,0.0,0.0,0.0,0.0,0.0,0.0,0.0,0.0,0.0,0.0,0.0,0.0,0.0,0.0,2.005512211039035,2.317690778749389,1.3586437205643658,0.8350397564793489,0.9497801734110796,0.961816313656034,3.9977441689855713,1.7719075587432185,0.5762942850903071,1.2477951099640818,0.7973625781909737,0.9822279462237447,0.7481757933806428,1.2239502907133326,0.7515303945562678,0.842345094988835,0.0,0.8188003644400341,0.830401841417334,1.0497810632095539,0.7951259916987788,1.1009400302089374,0.7915403123613536,0.9236547615679508,0.6186808397705896,0.39596595515150457,0.5304922803062495,0.6022791730967373,0.4401148626605104,0.2362951061260956,0.3675372091609826,0.3436356076840367,0.7276516465903999,0.0
0.0,0.0,0.0,0.0,0.0,0.0,0.0,0.0,0.0,0.0,0.0,0.0,0.0,0.0,0.0,0.0,0.0,0.0,0.0,0.0,0.0,0.0,0.0,0.0,0.0,0.0,0.0,0.0,0.0,0.0,0.0,0.0,0.0,0.0,0.0,0.0,0.0,0.0,0.0,0.0,0.0,0.0,0.0,1.7659692014223995,1.9839938266754136,0.0,0.0,1.0586004088936785,1.5653993865405544,0.7600264431460427,0.9288069478510378,1.0948889691680601,0.0,1.189381363136502,1.2982436960980066,0.5779981024224596,0.8482440804129916,0.9008831565339096,0.2592488809702909,0.0,0.0,0.0,0.0,1.0559950154805366,1.3076550541238239,0.0,1.0992367326869792,0.10813922973256572,0.0,1.5529968159385499,0.0,0.515752884173923,0.0,0.7667251305787864,0.0,0.46772516094073285
0.0,0.0,0.0,0.0,0.0,0.0,0.0,0.0,0.0,0.0,0.0,0.0,0.0,0.0,0.0,0.0,0.0,0.0,0.0,0.0,0.0,0.0,0.0,0.0,0.0,0.0,0.0,0.0,0.0,0.0,0.0,0.0,0.0,0.0,0.0,0.0,0.0,0.0,0.0,0.0,0.0,0.0,0.0,0.0,1.9244018466005817,0.0,0.0,1.2329544463215616,2.108244785288047,0.9040248879545599,0.8782883268883047,0.7340972302313048,0.413879514437945,1.1919262340798835,0.5791135742042084,1.3746383520879744,0.6526502017463729,0.6977828903982513,0.3630740452315324,0.0,0.0,0.0,0.0,1.2347611433229266,0.0,0.0,0.0,0.22750979406148888,0.0,0.0,0.0,0.4069684318999103,0.0,0.8958645856666724,0.0,0.0
0.0,0.0,0.0,0.0,0.0,0.0,0.0,0.0,0.0,0.0,0.0,0.0,0.0,0.0,0.0,0.0,0.0,0.0,0.0,0.0,0.0,0.0,0.0,0.0,0.0,0.0,0.0,0.0,0.0,0.0,0.0,0.0,0.0,0.0,0.0,0.0,0.0,0.0,0.0,0.0,0.0,0.0,0.0,0.0,0.0,0.0,0.0,0.0,0.0,2.165212450439999,0.0,1.4477834309117312,0.0,1.2539038814022874,0.3969021350820734,1.607182465476914,0.3984227492204403,0.9040543041684648,0.0,0.0,0.0,1.1465690426057127,0.0,1.5199283560140961,0.0,0.0,0.0,0.6553675890074305,0.0,0.6756790631477068,0.0,0.878048972402784,0.0,0.0,0.0,0.0
0.0,0.0,0.0,0.0,0.0,0.0,0.0,0.0,0.0,0.0,0.0,0.0,0.0,0.0,0.0,0.0,0.0,0.0,0.0,0.0,0.0,0.0,0.0,0.0,0.0,0.0,0.0,0.0,0.0,0.0,0.0,0.0,0.0,0.0,0.0,0.0,0.0,0.0,0.0,0.0,0.0,0.0,0.0,0.0,0.0,0.0,0.8591060087183325,0.0,0.0,0.0,0.605641179697056,0.0,1.212193432664412,0.0,1.231931969418812,0.0,1.265981398963513,1.1115347495163104,0.0,0.9949624057172378,0.7023795750906203,0.0,0.7756752127029198,0.0,0.8954102010132882,0.8753932006560871,0.576413446460815,0.534539048025146,0.5950693252819581,0.33715244315723003,0.35943249946613876,0.46245093630712075,0.8197975195209878,0.3000141247244572,0.0,0.0
0.0,0.0,0.0,0.0,0.0,0.0,0.0,0.0,0.0,0.0,0.0,0.0,0.0,0.0,0.0,0.0,0.0,0.0,0.0,0.0,0.0,0.0,0.0,0.0,0.0,0.0,0.0,0.0,0.0,0.0,0.0,0.0,0.0,0.0,0.0,0.0,0.0,0.0,0.0,0.0,0.0,0.0,0.0,0.0,0.0,0.0,0.0,0.0,0.0,0.0,0.6464595049593397,1.3751246592216417,1.0296038265199805,0.0,1.1017836178186289,0.0,0.0,1.024951119797433,0.0,0.9104292115081887,0.8419290084074613,0.0,0.9112161670656418,0.0,1.0486210473496187,0.8338278406532449,0.6712131382446496,0.4772654544831617,0.0,0.47630281884216175,0.5261598113211862,0.20144600064676213,0.8473532412204943,0.454203323131703,0.0,0.17463890017584252
0.0,0.0,0.0,0.0,0.0,0.0,0.0,0.0,0.0,0.0,0.0,0.0,0.0,0.0,0.0,0.0,0.0,0.0,0.0,0.0,0.0,0.0,0.0,0.0,0.0,0.0,0.0,0.0,0.0,0.0,0.0,0.0,0.0,0.0,0.0,0.0,0.0,0.0,0.0,0.0,0.0,0.0,0.0,0.0,0.0,0.0,0.0,0.0,0.0,2.1477393994856957,0.9473615728447775,1.7360471138024074,1.348767311362623,0.7032367671753981,0.0,1.0959830239863575,0.0,1.331462516245948,1.4214284693780832,0.0,0.0,0.0,0.0,0.7668805879459051,0.0,0.0,0.0,0.0,0.0,0.0,0.0,0.0,1.0610165123965245,0.7998993252532762,1.75130755722813,0.7562098816904799
0.0,0.0,0.0,0.0,0.0,0.0,0.0,0.0,0.0,0.0,0.0,0.0,0.0,0.0,0.0,0.0,0.0,0.0,0.0,0.0,0.0,0.0,0.0,0.0,0.0,0.0,0.0,0.0,0.0,0.0,0.0,0.0,0.0,0.0,0.0,0.0,0.0,0.0,0.0,0.0,0.0,0.0,0.0,0.0,0.0,0.0,0.0,0.0,0.0,0.694020748195155,1.0232907319012536,0.6670772156910876,0.0,1.3446673952490942,0.0,1.3423505694760351,0.0,0.5289796127344117,0.5977528025025642,0.0,0.0,0.0,0.0,1.366254731022643,0.0,0.0,0.0,0.22116980254856372,0.0,0.0,0.0,0.43319451927417957,0.0,0.0,0.0,0.0
0.0,0.0,0.0,0.0,0.0,0.0,0.0,0.0,0.0,0.0,0.0,0.0,0.0,0.0,0.0,0.0,0.0,0.0,0.0,0.0,0.0,0.0,0.0,0.0,0.0,0.0,0.0,0.0,0.0,0.0,0.0,0.0,0.0,0.0,0.0,0.0,0.0,0.0,0.0,0.0,0.0,0.0,0.0,0.0,0.0,0.0,0.0,0.0,0.0,0.0,0.8017598432743784,1.2663798038059595,0.3493787994237114,0.9023230713982786,1.454261766219666,0.9770992047192355,1.335544493729692,0.9658863968943301,0.8736742814243925,0.0,0.0,0.0,0.0,0.8982344060264358,0.0,0.0,0.0,0.2964743279680435,0.0,0.0,0.0,0.5309255844701253,0.3491455927333851,0.0,0.0,0.6191340941546497
0.0,0.0,0.0,0.0,0.0,0.0,0.0,0.0,0.0,0.0,0.0,0.0,0.0,0.0,0.0,0.0,0.0,0.0,0.0,0.0,0.0,0.0,0.0,0.0,0.0,0.0,0.0,0.0,0.0,0.0,0.0,0.0,0.0,0.0,0.0,0.0,0.0,0.0,0.0,0.0,0.0,0.0,0.0,0.0,0.0,0.0,0.0,0.0,0.0,0.0,0.0,1.2305954862916415,0.8984728013559201,0.6204638676114168,1.3526174205276151,1.2795907327077298,1.4370338965635592,0.7167437947034285,1.5320901734069434,0.7981178884354707,0.8908071784612607,0.0,1.080183210797598,1.0967261169574343,0.7199392183599426,0.8126030416082419,0.6372052565961356,0.3550752639926948,0.0,0.7177400100363729,0.4490784817796765,0.0,0.4856461340186266,0.0,0.8410170644432581,0.39789154834523216
0.0,0.0,0.0,0.0,0.0,0.0,0.0,0.0,0.0,0.0,0.0,0.0,0.0,0.0,0.0,0.0,0.0,0.0,0.0,0.0,0.0,0.0,0.0,0.0,0.0,0.0,0.0,0.0,0.0,0.0,0.0,0.0,0.0,0.0,0.0,0.0,0.0,0.0,0.0,0.0,0.0,0.0,0.0,0.0,0.0,0.0,0.0,0.0,0.0,0.0,0.0,0.0,0.6352478496473692,0.8459318676914702,1.3466684573072432,1.363740132753048,1.136144199953831,0.8835769233543055,1.4629409957278516,0.0,1.2507389897240093,0.0,0.0,1.1006999013498,0.8910048421264337,0.0,0.7735577181424554,0.3517248074721069,0.0,0.900954274244354,0.5833762322526816,0.4979068673330086,0.5664921278527775,0.4906511971952987,0.0,0.5177529955827995
0.0,0.0,0.0,0.0,0.0,0.0,0.0,0.0,0.0,0.0,0.0,0.0,0.0,0.0,0.0,0.0,0.0,0.0,0.0,0.0,0.0,0.0,0.0,0.0,0.0,0.0,0.0,0.0,0.0,0.0,0.0,0.0,0.0,0.0,0.0,0.0,0.0,0.0,0.0,0.0,0.0,0.0,0.0,0.0,0.0,0.0,0.0,0.0,0.0,0.0,0.0,0.0,0.0,1.4998888195390019,0.0,0.9974292530996217,0.0,0.9921297627707234,0.4890588640195407,1.2314925655568536,0.0,0.0,0.0,1.1448272420375623,0.0,0.8240883427776508,0.0,0.0,1.1501354479950057,1.0685050283171398,0.9641399700859673,0.6791423108532987,0.7742987842663152,0.48316463192013726,0.0,0.5046030741164745
0.0,0.0,0.0,0.0,0.0,0.0,0.0,0.0,0.0,0.0,0.0,0.0,0.0,0.0,0.0,0.0,0.0,0.0,0.0,0.0,0.0,0.0,0.0,0.0,0.0,0.0,0.0,0.0,0.0,0.0,0.0,0.0,0.0,0.0,0.0,0.0,0.0,0.0,0.0,0.0,0.0,0.0,0.0,0.0,0.0,0.0,0.0,0.0,0.0,0.0,0.0,0.0,0.0,0.0,1.487473875607136,1.0014086599870597,1.475347641756678,0.9952881372551036,1.3556927111015882,0.0,0.0,0.0,0.0,0.5233232747788328,0.0,0.0,0.0,0.5483344153607438,0.0,0.0,0.0,0.0,0.9358136234973699,0.5933300998394739,1.5008005756168454,0.7213380602841482
0.0,0.0,0.0,0.0,0.0,0.0,0.0,0.0,0.0,0.0,0.0,0.0,0.0,0.0,0.0,0.0,0.0,0.0,0.0,0.0,0.0,0.0,0.0,0.0,0.0,0.0,0.0,0.0,0.0,0.0,0.0,0.0,0.0,0.0,0.0,0.0,0.0,0.0,0.0,0.0,0.0,0.0,0.0,0.0,0.0,0.0,0.0,0.0,0.0,0.0,0.0,0.0,0.0,0.0,0.0,1.3303877015953964,0.6836637111978118,0.9211846571692446,1.7872100536215012,0.0,0.8954644009331614,1.1771328470881954,1.1943954258537022,1.1789537936153998,0.0,0.0,0.6122468971348607,0.5020064992495118,0.4857865857320247,0.642091001240462,0.4148635811254402,0.8159024547040525,0.6284429366441213,0.3233814289342406,0.0,0.4482318200240376
0.0,0.0,0.0,0.0,0.0,0.0,0.0,0.0,0.0,0.0,0.0,0.0,0.0,0.0,0.0,0.0,0.0,0.0,0.0,0.0,0.0,0.0,0.0,0.0,0.0,0.0,0.0,0.0,0.0,0.0,0.0,0.0,0.0,0.0,0.0,0.0,0.0,0.0,0.0,0.0,0.0,0.0,0.0,0.0,0.0,0.0,0.0,0.0,0.0,0.0,0.0,0.0,0.0,0.0,0.0,0.0,0.0,1.4587671402164224,0.6779896210288134,0.0,0.0,0.0,0.0,0.3468538601534581,0.0,0.0,0.0,0.0,0.0,0.0,0.0,0.715907330522723,1.1769951933556133,0.0,0.0,0.8936518093557231
0.0,0.0,0.0,0.0,0.0,0.0,0.0,0.0,0.0,0.0,0.0,0.0,0.0,0.0,0.0,0.0,0.0,0.0,0.0,0.0,0.0,0.0,0.0,0.0,0.0,0.0,0.0,0.0,0.0,0.0,0.0,0.0,0.0,0.0,0.0,0.0,0.0,0.0,0.0,0.0,0.0,0.0,0.0,0.0,0.0,0.0,0.0,0.0,0.0,0.0,0.0,0.0,0.0,0.0,0.0,0.0,0.0,0.9263361555298633,0.0,0.0,0.0,1.6129798909011854,1.1011649256109415,0.0,0.0,0.0,0.0,0.0,0.624279925375741,0.8730596259874166,0.0,0.0,0.6048490018711801,0.0,0.0,0.46565663172120936
0.0,0.0,0.0,0.0,0.0,0.0,0.0,0.0,0.0,0.0,0.0,0.0,0.0,0.0,0.0,0.0,0.0,0.0,0.0,0.0,0.0,0.0,0.0,0.0,0.0,0.0,0.0,0.0,0.0,0.0,0.0,0.0,0.0,0.0,0.0,0.0,0.0,0.0,0.0,0.0,0.0,0.0,0.0,0.0,0.0,0.0,0.0,0.0,0.0,0.0,0.0,0.0,0.0,0.0,0.0,0.0,0.0,0.0,1.0831819389553274,0.0,1.0946234450743406,1.4550053255087447,1.181109179310447,1.1274935227267417,0.8243504188453371,1.0341336294173027,0.8026994629150958,0.26539391492361786,0.6628130657014533,0.7973990618423993,0.5971315653200734,0.3644262791014341,0.5233531916894755,0.35129068164867716,0.8528056683403814,0.32847112559204306
0.0,0.0,0.0,0.0,0.0,0.0,0.0,0.0,0.0,0.0,0.0,0.0,0.0,0.0,0.0,0.0,0.0,0.0,0.0,0.0,0.0,0.0,0.0,0.0,0.0,0.0,0.0,0.0,0.0,0.0,0.0,0.0,0.0,0.0,0.0,0.0,0.0,0.0,0.0,0.0,0.0,0.0,0.0,0.0,0.0,0.0,0.0,0.0,0.0,0.0,0.0,0.0,0.0,0.0,0.0,0.0,0.0,0.0,0.0,0.0,0.0,0.0,0.0,0.894062721035247,0.0,0.0,0.0,0.0,0.0,0.0,0.0,0.6415104875664694,0.0,0.0,0.0,0.8530939785851839
0.0,0.0,0.0,0.0,0.0,0.0,0.0,0.0,0.0,0.0,0.0,0.0,0.0,0.0,0.0,0.0,0.0,0.0,0.0,0.0,0.0,0.0,0.0,0.0,0.0,0.0,0.0,0.0,0.0,0.0,0.0,0.0,0.0,0.0,0.0,0.0,0.0,0.0,0.0,0.0,0.0,0.0,0.0,0.0,0.0,0.0,0.0,0.0,0.0,0.0,0.0,0.0,0.0,0.0,0.0,0.0,0.0,0.0,0.0,0.0,0.9539175313941184,0.0,1.3291487396959656,0.0,0.7253626021960997,0.4935220613430584,0.4257017423225814,0.0,0.954427195256939,0.6961149351886942,0.27483819366303386,0.0,0.0,0.17773136180878985,0.0,0.1474635343759257
0.0,0.0,0.0,0.0,0.0,0.0,0.0,0.0,0.0,0.0,0.0,0.0,0.0,0.0,0.0,0.0,0.0,0.0,0.0,0.0,0.0,0.0,0.0,0.0,0.0,0.0,0.0,0.0,0.0,0.0,0.0,0.0,0.0,0.0,0.0,0.0,0.0,0.0,0.0,0.0,0.0,0.0,0.0,0.0,0.0,0.0,0.0,0.0,0.0,0.0,0.0,0.0,0.0,0.0,0.0,0.0,0.0,0.0,0.0,0.0,0.0,1.1232016753475587,0.864969824910293,0.0,0.5430193408244021,0.7224996412089467,0.4694441126342269,0.35616045939199303,0.5650649926188561,0.43431177498792983,0.36648905569087686,0.0,0.6690942330824499,0.2756733979788759,0.0,0.0
0.0,0.0,0.0,0.0,0.0,0.0,0.0,0.0,0.0,0.0,0.0,0.0,0.0,0.0,0.0,0.0,0.0,0.0,0.0,0.0,0.0,0.0,0.0,0.0,0.0,0.0,0.0,0.0,0.0,0.0,0.0,0.0,0.0,0.0,0.0,0.0,0.0,0.0,0.0,0.0,0.0,0.0,0.0,0.0,0.0,0.0,0.0,0.0,0.0,0.0,0.0,0.0,0.0,0.0,0.0,0.0,0.0,0.0,0.0,0.0,0.0,0.0,1.0431602287299235,0.0,0.0,0.0,0.8500096349711597,0.0,0.851314292765246,0.7262935029441839,0.6306673580730484,0.0,0.840219391254204,0.0,0.0,0.558201266734687
0.0,0.0,0.0,0.0,0.0,0.0,0.0,0.0,0.0,0.0,0.0,0.0,0.0,0.0,0.0,0.0,0.0,0.0,0.0,0.0,0.0,0.0,0.0,0.0,0.0,0.0,0.0,0.0,0.0,0.0,0.0,0.0,0.0,0.0,0.0,0.0,0.0,0.0,0.0,0.0,0.0,0.0,0.0,0.0,0.0,0.0,0.0,0.0,0.0,0.0,0.0,0.0,0.0,0.0,0.0,0.0,0.0,0.0,0.0,0.0,0.0,0.0,0.0,0.0,0.9665011488442738,1.0767008857731757,0.760087623977689,0.6561013515908407,0.3325921752972371,0.5688846357100352,0.40035299807211816,0.20407474706110956,0.8487719932131801,0.4443418979758637,0.0,0.306562625007657
0.0,0.0,0.0,0.0,0.0,0.0,0.0,0.0,0.0,0.0,0.0,0.0,0.0,0.0,0.0,0.0,0.0,0.0,0.0,0.0,0.0,0.0,0.0,0.0,0.0,0.0,0.0,0.0,0.0,0.0,0.0,0.0,0.0,0.0,0.0,0.0,0.0,0.0,0.0,0.0,0.0,0.0,0.0,0.0,0.0,0.0,0.0,0.0,0.0,0.0,0.0,0.0,0.0,0.0,0.0,0.0,0.0,0.0,0.0,0.0,0.0,0.0,0.0,0.0,0.0,0.0,0.0,0.0,0.0,0.0,0.0,0.0,1.1129413002928714,0.0,0.0,0.8182836674268288
0.0,0.0,0.0,0.0,0.0,0.0,0.0,0.0,0.0,0.0,0.0,0.0,0.0,0.0,0.0,0.0,0.0,0.0,0.0,0.0,0.0,0.0,0.0,0.0,0.0,0.0,0.0,0.0,0.0,0.0,0.0,0.0,0.0,0.0,0.0,0.0,0.0,0.0,0.0,0.0,0.0,0.0,0.0,0.0,0.0,0.0,0.0,0.0,0.0,0.0,0.0,0.0,0.0,0.0,0.0,0.0,0.0,0.0,0.0,0.0,0.0,0.0,0.0,0.0,0.0,0.7936677107768484,0.6553327350663296,0.0,1.2634996272161945,0.7589573289502349,0.5342091990985802,0.0,0.5923050840260327,0.0,0.5929365031779232,0.0
0.0,0.0,0.0,0.0,0.0,0.0,0.0,0.0,0.0,0.0,0.0,0.0,0.0,0.0,0.0,0.0,0.0,0.0,0.0,0.0,0.0,0.0,0.0,0.0,0.0,0.0,0.0,0.0,0.0,0.0,0.0,0.0,0.0,0.0,0.0,0.0,0.0,0.0,0.0,0.0,0.0,0.0,0.0,0.0,0.0,0.0,0.0,0.0,0.0,0.0,0.0,0.0,0.0,0.0,0.0,0.0,0.0,0.0,0.0,0.0,0.0,0.0,0.0,0.0,0.0,0.0,0.7095954231247584,0.13126830703525216,1.056580859010369,0.7679466792380113,0.19523638324196613,0.33709704691250897,0.8266531275845445,0.22566468646194437,0.0,0.3105433652398619
0.0,0.0,0.0,0.0,0.0,0.0,0.0,0.0,0.0,0.0,0.0,0.0,0.0,0.0,0.0,0.0,0.0,0.0,0.0,0.0,0.0,0.0,0.0,0.0,0.0,0.0,0.0,0.0,0.0,0.0,0.0,0.0,0.0,0.0,0.0,0.0,0.0,0.0,0.0,0.0,0.0,0.0,0.0,0.0,0.0,0.0,0.0,0.0,0.0,0.0,0.0,0.0,0.0,0.0,0.0,0.0,0.0,0.0,0.0,0.0,0.0,0.0,0.0,0.0,0.0,0.0,0.0,0.3273132725945835,0.0,0.6602101081693985,0.38042018672262384,0.0,0.7135089941242669,0.3098124003018116,0.0,0.0
0.0,0.0,0.0,0.0,0.0,0.0,0.0,0.0,0.0,0.0,0.0,0.0,0.0,0.0,0.0,0.0,0.0,0.0,0.0,0.0,0.0,0.0,0.0,0.0,0.0,0.0,0.0,0.0,0.0,0.0,0.0,0.0,0.0,0.0,0.0,0.0,0.0,0.0,0.0,0.0,0.0,0.0,0.0,0.0,0.0,0.0,0.0,0.0,0.0,0.0,0.0,0.0,0.0,0.0,0.0,0.0,0.0,0.0,0.0,0.0,0.0,0.0,0.0,0.0,0.0,0.0,0.0,0.0,0.9592757750029435,0.8216355332860841,0.6705822680904416,0.0,0.6869306490070888,0.2601275800051726,0.8439388306571445,0.3043305197526453
0.0,0.0,0.0,0.0,0.0,0.0,0.0,0.0,0.0,0.0,0.0,0.0,0.0,0.0,0.0,0.0,0.0,0.0,0.0,0.0,0.0,0.0,0.0,0.0,0.0,0.0,0.0,0.0,0.0,0.0,0.0,0.0,0.0,0.0,0.0,0.0,0.0,0.0,0.0,0.0,0.0,0.0,0.0,0.0,0.0,0.0,0.0,0.0,0.0,0.0,0.0,0.0,0.0,0.0,0.0,0.0,0.0,0.0,0.0,0.0,0.0,0.0,0.0,0.0,0.0,0.0,0.0,0.0,0.0,0.6736514384286637,0.6218131148401581,0.8299129490291667,0.7237368720534211,0.0,0.0,0.281537699123832
0.0,0.0,0.0,0.0,0.0,0.0,0.0,0.0,0.0,0.0,0.0,0.0,0.0,0.0,0.0,0.0,0.0,0.0,0.0,0.0,0.0,0.0,0.0,0.0,0.0,0.0,0.0,0.0,0.0,0.0,0.0,0.0,0.0,0.0,0.0,0.0,0.0,0.0,0.0,0.0,0.0,0.0,0.0,0.0,0.0,0.0,0.0,0.0,0.0,0.0,0.0,0.0,0.0,0.0,0.0,0.0,0.0,0.0,0.0,0.0,0.0,0.0,0.0,0.0,0.0,0.0,0.0,0.0,0.0,0.0,0.26241928853719554,0.0,0.5993336305010045,0.3058112578349679,0.0,0.2509651777364448
0.0,0.0,0.0,0.0,0.0,0.0,0.0,0.0,0.0,0.0,0.0,0.0,0.0,0.0,0.0,0.0,0.0,0.0,0.0,0.0,0.0,0.0,0.0,0.0,0.0,0.0,0.0,0.0,0.0,0.0,0.0,0.0,0.0,0.0,0.0,0.0,0.0,0.0,0.0,0.0,0.0,0.0,0.0,0.0,0.0,0.0,0.0,0.0,0.0,0.0,0.0,0.0,0.0,0.0,0.0,0.0,0.0,0.0,0.0,0.0,0.0,0.0,0.0,0.0,0.0,0.0,0.0,0.0,0.0,0.0,0.0,0.27685289984241923,0.8643280035078791,0.43872696447069703,0.0,0.36509952676454493
0.0,0.0,0.0,0.0,0.0,0.0,0.0,0.0,0.0,0.0,0.0,0.0,0.0,0.0,0.0,0.0,0.0,0.0,0.0,0.0,0.0,0.0,0.0,0.0,0.0,0.0,0.0,0.0,0.0,0.0,0.0,0.0,0.0,0.0,0.0,0.0,0.0,0.0,0.0,0.0,0.0,0.0,0.0,0.0,0.0,0.0,0.0,0.0,0.0,0.0,0.0,0.0,0.0,0.0,0.0,0.0,0.0,0.0,0.0,0.0,0.0,0.0,0.0,0.0,0.0,0.0,0.0,0.0,0.0,0.0,0.0,0.0,0.8612207583461289,0.0,0.9920426247774097,0.22238678246594046
0.0,0.0,0.0,0.0,0.0,0.0,0.0,0.0,0.0,0.0,0.0,0.0,0.0,0.0,0.0,0.0,0.0,0.0,0.0,0.0,0.0,0.0,0.0,0.0,0.0,0.0,0.0,0.0,0.0,0.0,0.0,0.0,0.0,0.0,0.0,0.0,0.0,0.0,0.0,0.0,0.0,0.0,0.0,0.0,0.0,0.0,0.0,0.0,0.0,0.0,0.0,0.0,0.0,0.0,0.0,0.0,0.0,0.0,0.0,0.0,0.0,0.0,0.0,0.0,0.0,0.0,0.0,0.0,0.0,0.0,0.0,0.0,0.0,0.2796787041509139,0.8129403924735773,0.3390391423517993
0.0,0.0,0.0,0.0,0.0,0.0,0.0,0.0,0.0,0.0,0.0,0.0,0.0,0.0,0.0,0.0,0.0,0.0,0.0,0.0,0.0,0.0,0.0,0.0,0.0,0.0,0.0,0.0,0.0,0.0,0.0,0.0,0.0,0.0,0.0,0.0,0.0,0.0,0.0,0.0,0.0,0.0,0.0,0.0,0.0,0.0,0.0,0.0,0.0,0.0,0.0,0.0,0.0,0.0,0.0,0.0,0.0,0.0,0.0,0.0,0.0,0.0,0.0,0.0,0.0,0.0,0.0,0.0,0.0,0.0,0.0,0.0,0.0,0.0,0.9849564407712302,0.21402646604059528
0.0,0.0,0.0,0.0,0.0,0.0,0.0,0.0,0.0,0.0,0.0,0.0,0.0,0.0,0.0,0.0,0.0,0.0,0.0,0.0,0.0,0.0,0.0,0.0,0.0,0.0,0.0,0.0,0.0,0.0,0.0,0.0,0.0,0.0,0.0,0.0,0.0,0.0,0.0,0.0,0.0,0.0,0.0,0.0,0.0,0.0,0.0,0.0,0.0,0.0,0.0,0.0,0.0,0.0,0.0,0.0,0.0,0.0,0.0,0.0,0.0,0.0,0.0,0.0,0.0,0.0,0.0,0.0,0.0,0.0,0.0,0.0,0.0,0.0,0.0,0.0
0.0,0.0,0.0,0.0,0.0,0.0,0.0,0.0,0.0,0.0,0.0,0.0,0.0,0.0,0.0,0.0,0.0,0.0,0.0,0.0,0.0,0.0,0.0,0.0,0.0,0.0,0.0,0.0,0.0,0.0,0.0,0.0,0.0,0.0,0.0,0.0,0.0,0.0,0.0,0.0,0.0,0.0,0.0,0.0,0.0,0.0,0.0,0.0,0.0,0.0,0.0,0.0,0.0,0.0,0.0,0.0,0.0,0.0,0.0,0.0,0.0,0.0,0.0,0.0,0.0,0.0,0.0,0.0,0.0,0.0,0.0,0.0,0.0,0.0,0.0,0.0
