0.0,8.719081065040458,0.0,0.0,0.0,4.476893203606615,0.0,3.702205591803977,0.0,3.838909631113412,0.0,3.395861833356723,0.0,0.0,1.8022423404401473,2.0630218870690844,3.067862334427124,1.9920735964163936,0.0,1.6760695317127134,1.3546447809237174,1.5610769237887465,1.8397687120436643,1.4787141285364915,1.4082352832928833,1.2008013445248993,1.70782570196045,2.1161564780718414,1.7873963947260623,0.0,0.7564426885639248,1.0851186205040027,1.1443258360514508,1.1270402813677998,0.7778658375717235,0.0,0.0,2.185284907913161,1.2069215567496263,1.478519696248259,1.1443997243370772,0.0,0.0,0.0,0.0,0.965723193795361,1.0973591291758333,0.0,0.0,0.0,0.0,0.0,0.0,0.0,1.9206106132788352,0.0,0.0,0.0,0.0,0.0,1.228267055450616,0.0,1.3101555602062844,0.0,0.0,0.8535602373594475,0.8177453155985034,0.0,1.8555014502077283,0.8954033984078902,0.6359220851569686,0.0,0.0,0.0,0.0,0.0
0.0,0.0,0.0,0.0,5.979281103434049,3.9228332388724683,4.107047429048169,3.746421675145987,2.9722104051873637,0.0,0.0,0.0,2.3547353020461257,0.0,2.0159428973786895,2.4485009223633787,0.0,2.1802157603565577,0.0,1.5380725669111475,2.0146528521716256,1.6785581086760024,1.5367455714384703,0.0,1.0878476844858842,1.447364023869325,1.559767658460883,1.762598304591909,1.4761522408033918,0.0,0.7109676849036048,1.3236366894777698,0.9073636898655428,0.9770087907476229,1.0387859548684801,0.0,0.0,0.0,1.2753805244938214,1.6990511498407779,0.9114544691020358,1.402620723377143,0.0,0.0,0.0,1.9437618259998615,0.9717186854309048,0.0,0.0,0.0,1.0727945270035142,0.0,0.0,0.0,0.0,0.0,0.0,0.0,0.0,0.9809214996777404,1.178849397372076,0.0,0.6895939714229248,0.0,0.6561588361058734,0.9061141170480286,0.9304763814646335,0.6296931546653267,0.0,0.9556516730056756,0.9983254131126014,0.0,0.0,0.8765389632458289,0.0,0.5063435476111651
0.0,0.0,0.0,8.57165335521362,5.249038751976767,2.617839869904447,3.4319874494183917,3.3882500599865697,3.434495220695351,3.4828963496689136,2.7300708059796728,3.236017195928399,3.179711850148924,2.6382737973624364,0.0,0.0,0.0,0.0,0.9094905591699233,0.0,0.0,0.0,0.5982596317880302,0.0,0.0,0.0,0.4556421617591065,1.1647705086422486,0.0,0.0,1.526168559920642,1.5419198878138252,2.634419686028301,1.9395887690831264,1.598286652089172,1.3080666258014377,2.223638748320001,0.0,2.045140597657372,0.0,2.3794802996839426,0.0,1.3921221430730084,0.0,0.0,0.0,0.0,1.6271403425455833,0.0,2.288871240797677,0.756738728464291,0.0,1.3868337567641422,1.3177033846775479,0.0,1.7632685027440433,0.0,1.0171112279873764,2.0063311922053533,0.0,0.0,0.0,0.0,0.23722899071245035,0.0,0.0,0.0,0.7985578838795167,0.0,0.0,0.0,1.1459667019822695,0.0,0.0,0.0,0.0
0.0,0.0,0.0,0.0,2.755588897776622,4.227262740260219,3.5160957717288226,2.2777613282197944,3.02490188155191,1.8600877330898398,2.6937014823308485,0.0,1.8774979575228863,1.5871613423987103,0.0,0.0,0.0,0.0,1.521264598637959,2.623342850112735,0.0,0.0,1.3728937134950412,0.0,0.0,0.0,0.9568706734204202,0.5134407825729879,1.9238613206630681,0.0,0.0,0.5029257471483402,0.0,0.3734584069430342,0.736724592191587,0.45437319088955974,0.2447709924119828,0.0,0.0,0.0,0.0,0.0,0.0,0.0,0.0,0.0,0.0,0.0,0.0,0.0,0.0,0.0,0.0,0.0,0.0,0.0,0.0,0.0,0.0,0.0,0.0,0.0,0.0,0.0,0.0,0.0,0.0,0.0,0.0,0.0,0.0,0.0,0.0,0.0,0.0,0.0
0.0,0.0,0.0,0.0,0.0,3.2300280625427513,3.296962912089053,2.5074244419186913,2.8759930587972695,3.162870618505867,2.3683070246423084,2.334017666642244,2.168427088470872,1.4206184751577324,0.0,3.2085776278905804,0.0,0.0,1.5516625852788242,2.4907500496643378,0.0,2.036753324385177,1.612687734826292,0.0,2.17611337862611,0.0,0.7600895087152145,1.0456033689892228,1.7636395680090056,0.0,1.7880596567819171,0.9087684454507945,1.4290439625716753,1.4858651044793953,1.286959908208285,0.7956923555245521,0.8256576262851751,1.606715770543744,0.0,0.0,0.0,0.0,1.2650783596793613,0.0,0.0,0.0,0.0,1.5546369828294595,0.0,1.8777266606949388,1.0350082022468943,0.0,1.4219753540937654,1.4908843439320125,0.0,1.9221225383506664,0.0,0.0,0.0,0.0,0.0,0.0,0.0,1.2521525864599887,0.0,0.0,0.0,0.8078330571670964,0.0,0.0,0.0,0.29419246117737274,0.0,0.0,0.0,0.0
0.0,0.0,0.0,0.0,0.0,0.0,4.179079777448981,2.7714544961405716,3.3318820427566957,3.3858011708760176,2.5284838912130034,2.8315705115842027,1.976041511251013,2.1752678810981907,2.1524952725832605,2.1531969539687195,0.0,2.1859673903272183,1.1829468719742624,1.386083501934801,1.6389531505133723,1.2166907178213269,1.0386567513150213,0.0,1.2643525866987522,1.5438240159482792,1.4783497542152584,1.2510235207969844,1.4432051089305418,1.2641391111732587,1.780434795596212,1.1210473373925836,1.510932589390281,1.250220238032647,0.9544773879203677,1.3034017295538798,1.3955788743826028,2.1618168812020193,1.446493656082481,0.0,1.1780484599545489,2.133720702007898,1.514347270708932,0.0,0.0,0.0,1.7276395951419494,1.046364970492922,0.0,2.0186854311069307,1.1244022895322445,1.6355445487182945,0.783583959300141,1.3124785244366475,0.0,1.3146455105678934,0.0,0.8723227374165914,0.0,1.1520149371186355,0.0,0.0,0.0,1.3556994723858313,0.8617851794484341,0.0,1.0401819367411849,0.6079355201489731,0.0,0.0,1.3462393227209102,0.4546187312869475,0.5738294902736183,0.6665080308142921,0.0,0.8985609934533317
0.0,0.0,0.0,0.0,0.0,0.0,0.0,3.2134191243616854,3.329560658427616,2.15285555370835,2.73531274398236,2.013763300003363,2.13209814415734,2.215039903807648,0.0,2.6653510868546904,2.4791328564459274,2.5601096417482325,1.995568227979816,1.656908878391786,0.0,1.9438004956135218,1.5422426918420435,0.0,1.9421466057111862,1.5008059053401572,1.4916373968980554,1.2427099544695928,1.3519861492570975,0.0,1.4770647747476862,1.387868613371325,1.0723737725245028,1.0298472731514055,0.586753018723661,0.7381824398936098,0.6700729187466065,1.247644948693209,1.6186324775094518,0.0,1.365282889666605,0.0,1.616591463657202,0.0,0.0,0.0,0.0,1.3767577960916215,0.0,0.0,1.1098966529989798,0.0,1.2394783353065733,1.6584170364487756,0.0,0.0,0.0,0.0,0.0,0.0,0.0,0.0,0.0,0.0,0.0,0.0,0.0,0.9691581590706202,0.0,0.0,0.0,0.7656356454650134,0.0,0.0,0.0,0.0
0.0,0.0,0.0,0.0,0.0,0.0,0.0,0.0,3.0117503052920394,0.0,2.262488698727622,3.6587147644080598,2.7243694695260157,1.9391718310877504,2.7064847449683502,3.0627945622292407,0.0,2.3785435141567532,1.5582174971069653,2.591704055817381,2.226714550984274,0.0,0.8179916858902244,1.5921863252061947,2.038370981251641,1.6063998819520098,1.6260203651086247,1.5891381271316711,1.1975133886948262,1.4374307093837557,1.7148664167522494,0.894856749977792,1.2689279929511827,1.6392598717940778,1.7394511002567623,0.9313980570734929,0.6069987250353509,0.0,1.216166663110005,0.0,1.2450996811007475,0.0,1.3035581913427337,0.0,0.0,0.0,0.0,1.3264624879853912,0.0,1.0500170813956042,0.8323489582698067,1.5344849303208625,0.6339760794852066,1.141206958723153,0.0,1.024643597306493,0.0,0.9911223167186067,2.093704320824976,1.3438212968364713,0.0,0.0,0.0,1.799685307708538,0.0,1.4980920378954496,0.0,0.8785824363809703,0.0,0.0,0.0,0.8216514232532816,0.8553555178485595,0.9249230088670197,0.0,0.4154797661716901
0.0,0.0,0.0,0.0,0.0,0.0,0.0,0.0,0.0,2.8817822095051673,3.4031063491294935,0.0,2.4306696689310745,2.0703463194886473,0.0,3.0639276578153183,0.0,0.0,0.6747778428574738,1.7254290870968498,0.0,1.3679763884416216,1.6089102671061064,2.0374647999473106,1.4475539943884783,1.4465905255835474,1.3587665946809517,1.749800951327639,1.1428484341149767,2.391917976389381,1.4631431738731306,1.399299847637725,1.9775132168945642,1.4293310358809461,1.1239701583979869,1.2032989784181018,1.6030294369383031,1.5543658959722046,1.5203630979106824,0.0,0.0,0.0,1.5193915853223556,0.0,0.0,0.0,0.0,1.1395898204167567,0.0,1.568272599226435,0.9312056616208081,0.0,1.3458098290130218,1.4964187171715544,0.0,1.5744415369781428,0.0,1.0685344774930512,2.3684299301274723,0.0,0.0,0.0,0.0,1.9458134599745214,0.0,0.0,0.0,1.1413094219096045,0.0,0.0,0.0,0.8683196782960712,1.1470880889043968,0.0,0.0,0.0
0.0,0.0,0.0,0.0,0.0,0.0,0.0,0.0,0.0,0.0,3.971008022536197,1.231714980622888,2.1828480728347937,0.0,0.0,1.7503405170517246,1.630809625505503,2.061840435438983,1.794895620486148,0.0,0.0,2.571097348611122,1.443060913577454,0.9750987063634597,1.1469837307586401,0.6714085197457604,1.4690257602785717,0.7489123572930592,0.0,0.0,0.794623697849455,0.4856700568680203,0.7756537125805941,0.2164193682418264,0.8398380425647023,0.8411681354917294,0.19370901053345585,0.8559937109889446,0.4867327297874729,0.7945972454454225,0.6169592550415994,2.613198300094147,0.0,0.0,0.9131465416867426,0.0,0.0,0.0,0.0,0.0,0.0,0.0,0.0,0.0,1.303550143903885,0.0,1.5490972892511985,0.7045663523759182,0.0,0.0,0.0,1.3761777104462467,0.352276589056895,0.0,0.0,0.0,0.0,0.0,1.3353004260239711,0.3467592692039932,0.8641408084951012,0.0,0.0,0.0,0.0,0.3320155342990948
0.0,0.0,0.0,0.0,0.0,0.0,0.0,0.0,0.0,0.0,0.0,3.0015587408515407,2.597208723309914,1.6496933382011836,0.0,0.0,3.363998185760445,0.0,0.3025893159252041,0.0,0.0,0.0,0.35016093580754487,2.3297878533022,0.0,2.3634925215341136,1.5522941937596544,1.5727335686849866,0.0,0.0,1.3073833275083362,1.0824208429839017,1.9614296005969103,1.6893569226152354,1.4871679868196637,0.5527499423932125,1.5259057338320088,1.3611304876166255,1.2102888951979702,0.0,0.0,0.0,1.0033759001568265,0.0,0.0,0.0,0.0,1.2626211001481544,0.0,1.2534487930188583,0.8881028778270977,1.3901809424152836,1.2965139343483738,0.5040488807426515,0.0,0.23041195684589022,0.0,0.0,1.8073106629885483,0.0,0.0,0.0,0.0,0.0,0.0,0.0,0.0,0.6878144605504023,0.0,0.0,0.0,0.4298192706129105,0.734050752939329,0.0,0.0,0.0
0.0,0.0,0.0,0.0,0.0,0.0,0.0,0.0,0.0,0.0,0.0,0.0,2.193062503414409,0.0,0.0,0.0,1.549781292672418,1.76397729041278,1.9877353518318468,0.0,0.0,0.0,2.2120307528117396,1.0118000635568514,1.621491054023679,0.7134705175469701,0.0,1.5534843946895414,0.0,0.0,0.7016394239149556,0.49681288593153405,0.6451712680541698,0.6593463499046948,0.8907228549501224,0.8150936281758693,0.5929438794471334,0.4260349045557458,0.4476420514874094,0.8403133032652327,0.0,1.047804918355647,1.2644176423886129,0.0,0.7359663871084848,0.0,0.0,0.0,0.0,0.0,0.0,0.0,0.0,0.0,0.7135536356216372,0.0,1.3797137654302465,1.312754066531996,0.0,0.0,0.0,1.5781684379553764,1.0324239840400906,0.0,0.0,0.0,0.0,0.0,1.0735311637860048,0.9018440627038584,0.6806064864149919,0.0,0.0,0.0,0.0,0.8896330331731046
0.0,0.0,0.0,0.0,0.0,0.0,0.0,0.0,0.0,0.0,0.0,0.0,0.0,1.7378104011142161,3.1820036420786684,2.6538417625249497,2.524765236251943,2.3204949155477235,1.774963507233727,1.9479174954369736,2.2151027887989563,1.7584955360869081,2.083443543765542,1.2165908815327047,1.3757102217580153,1.3664558753936933,1.5753020806940166,0.9823172085357323,1.0119803308335826,1.5788698937730743,1.0990484578512483,1.1955423388961137,1.213044220693182,0.8722131285287593,0.9388178990193827,0.7784630426850512,0.9447473931230714,1.4152669224610734,0.9915475119286781,2.038063024751351,1.318647757373037,0.0,1.3331483564565376,0.0,2.3882778869177645,0.0,0.0,1.639711162834344,0.0,0.0,1.0937106922736897,1.9590869874678138,1.137300941278061,0.0,0.0,1.5410082036392225,2.0987625316563827,0.0,0.0,0.0,0.0,0.0,0.0,0.0,0.0,0.0,1.3148925661107156,0.7115839667363821,0.0,1.34361830616891,0.0,0.46779550408235204,0.0,1.0634307953623012,0.0,0.0
0.0,0.0,0.0,0.0,0.0,0.0,0.0,0.0,0.0,0.0,0.0,0.0,0.0,0.0,0.0,0.0,0.0,0.0,1.9622286047235085,0.0,0.0,0.0,1.2751677495982168,0.0,0.0,0.0,1.869150498623979,0.5908601674071797,0.0,0.0,0.0,0.9850745321869017,0.0,2.3140886575227197,0.0,0.23989687510390112,0.2148757719569801,0.0,0.0,0.0,0.0,0.0,0.0,0.0,0.0,0.0,0.0,1.4635500958968788,0.0,0.0,0.0,0.0,0.0,1.7100633800540186,0.0,1.4520876407969419,0.0,0.0,0.0,0.0,0.0,0.0,0.0,0.0,0.0,0.0,0.0,0.8614130061324137,0.0,0.0,0.0,1.123851415575689,0.0,0.0,0.0,0.0
0.0,0.0,0.0,0.0,0.0,0.0,0.0,0.0,0.0,0.0,0.0,0.0,0.0,0.0,0.0,2.1339526365515975,0.0,2.0533767134425704,0.0,0.8480228018513426,1.9697378689952194,1.442763762059314,1.7915039530156702,2.137494042392637,1.6769087148309523,1.196646093040738,1.1689125443222705,1.3842836687561417,1.3619641377703118,2.201629984203985,1.3115209254898377,1.3190774148449256,1.2941615229280488,1.5861428553468429,1.4570178151239939,0.0,0.0,0.0,1.0154278264905,1.9544043650228762,1.3931699156794255,1.3407936818432187,0.0,0.0,0.0,0.0,1.3981883439309986,0.0,0.0,0.0,1.0049466785720131,0.0,1.7537027713161706,0.0,0.0,0.0,0.0,1.4519029088075592,0.0,1.1704550680920214,1.3906746910489038,0.0,0.0,0.0,0.6770205615958937,0.7999093621115261,1.1493815719980873,0.6905210338470417,0.0,1.0136877496117576,0.7658331805952113,0.2754247069310004,1.1785177518124053,0.8303481298132853,0.0,0.0
0.0,0.0,0.0,0.0,0.0,0.0,0.0,0.0,0.0,0.0,0.0,0.0,0.0,0.0,0.0,0.0,1.7717600479845086,1.2529018746826657,0.0,2.168809813892952,2.0735514309917633,1.6609124438839729,1.6102812919107863,0.0,2.0946766203741234,1.4465638020448048,1.334082797015927,1.6117640679225285,1.1542535972806207,1.3044245559497467,1.1427692116992743,1.2233734628701305,1.0240864796596731,0.920160955649947,1.0377347169977955,0.0,0.0,0.0,1.1273425980701277,1.1255296487575879,1.1761373154977548,1.4007145653181643,0.0,0.0,0.0,1.4794293896001431,0.9717476048668232,0.0,0.0,0.0,0.0,0.0,0.0,0.0,0.0,0.0,0.0,0.0,0.0,1.1328736688397574,1.0569604544714126,0.0,1.1241736459197673,0.0,1.0142896371901597,0.0,0.6061682222914831,0.8884230289703017,0.0,0.6355939168376996,0.7027007313743598,1.1104641083709548,0.0,0.0,0.0,0.4795660059720208
0.0,0.0,0.0,0.0,0.0,0.0,0.0,0.0,0.0,0.0,0.0,0.0,0.0,0.0,0.0,0.0,0.0,1.524752909840902,0.0,1.6164788515385624,0.0,1.9963026010770195,0.0,1.3662010288457966,1.0741151954015014,1.63084198677598,0.0,1.4119043871640504,1.8903006254975725,0.0,0.7071672675098457,1.1332243914992592,1.1398575032379368,1.1373439978006865,0.6927992413256978,0.0,0.0,1.0010177768200612,0.0,0.9364461047801153,0.0,0.0,0.0,0.0,0.0,0.0,0.0,0.0,0.0,0.0,0.0,0.0,0.0,0.0,1.3656353378294876,0.0,1.2416115984017515,0.0,0.0,0.0,0.0,1.6139739087691747,1.1537752745958019,0.0,0.0,0.0,0.0,0.0,1.2445794556102818,1.0530457616900852,0.6454953828556024,0.0,0.0,0.0,0.0,0.0
0.0,0.0,0.0,0.0,0.0,0.0,0.0,0.0,0.0,0.0,0.0,0.0,0.0,0.0,0.0,0.0,0.0,0.0,0.0,1.231109927360349,2.00047529108154,1.5955056166342065,1.4810901468933557,1.171413737992011,1.6499624909240818,0.9142123060286533,1.2542592058629007,1.0702923360328238,1.4075328396519424,1.8872596966403394,1.470070577390791,1.261734978324498,1.3851287109607804,0.6952323276600969,0.8727484222023794,0.0,0.0,0.0,1.312381801667044,1.070267500931434,0.6507409148649161,1.738274684598709,0.0,0.0,0.0,1.1631652961584003,0.7233785958281023,0.0,0.0,0.0,0.0,0.0,0.0,0.0,1.0547775248854028,0.0,0.9028075168471815,0.0,0.0,0.0,1.0509517959295072,1.2808312481206934,0.7552767579126762,0.0,0.0,0.0,0.7143069863117466,0.0,1.4210056953913366,0.5452088986354471,0.44536101321366806,0.0,0.0,0.0,0.0,0.31057873966621924
0.0,0.0,0.0,0.0,0.0,0.0,0.0,0.0,0.0,0.0,0.0,0.0,0.0,0.0,0.0,0.0,0.0,0.0,0.0,0.0,0.0,0.0,1.1555064504419355,0.0,0.0,0.0,1.001435994447394,1.6276804709859762,0.0,0.0,1.897850046735659,1.4760539316304315,0.0,1.4966501239022267,1.5732423485821123,1.114056556078756,1.6485836857642902,2.2007471447732114,2.310166436524172,0.0,0.0,0.0,1.8158352446977533,0.0,0.0,0.0,0.0,1.0560766223521225,0.0,0.0,1.134416507564428,1.8735477317675877,1.2813110445389946,1.1864542801286235,0.0,1.611768147306664,0.0,0.0,1.7278354717902153,0.0,0.0,0.0,0.0,2.0431317218642935,0.0,0.0,0.0,0.9985638747807508,0.0,0.0,0.0,0.6543477185372438,0.0,0.0,0.0,0.0
0.0,0.0,0.0,0.0,0.0,0.0,0.0,0.0,0.0,0.0,0.0,0.0,0.0,0.0,0.0,0.0,0.0,0.0,0.0,0.0,2.2589519274566636,1.205546530416267,1.8853321407944086,0.0,1.2283761186191375,1.2377494894129333,0.9661130374919499,1.6521984785988093,1.2084212611312566,0.7233478334627641,1.1859746319524085,1.5494558366728333,1.3712674669995222,1.231608587264521,1.1687615388113994,1.3439349938579264,1.5351203143527714,0.0,0.87144422128403,1.639690764569412,1.4543567624640041,1.773294086794821,1.411213966677225,0.0,0.0,0.0,1.0047345636098977,0.0,0.0,0.0,0.6669083148629281,0.0,1.4963166393231484,0.0,0.0,0.0,0.0,1.109795561104555,0.0,0.8554267075819725,0.0,0.0,0.0,0.0,1.0865181230988425,0.9263701095821325,0.7421768959717002,0.4383873464383969,0.0,1.3695834906127184,0.8694669236534971,0.27605392139934215,0.7016206386561297,0.8450693404343437,0.0,0.6590514519940432
0.0,0.0,0.0,0.0,0.0,0.0,0.0,0.0,0.0,0.0,0.0,0.0,0.0,0.0,0.0,0.0,0.0,0.0,0.0,0.0,0.0,1.6625559645450019,1.0011923432601724,1.7967540031767797,1.6020729528814694,1.268439486127511,1.5064736099642881,1.147810253228469,1.455400628151077,0.0,1.3017600288626636,1.3667813654318621,0.8980004053924162,1.139170930369009,1.3833176883676574,0.0,0.0,0.0,1.1394005330829224,1.7605026370547963,1.156847312657085,1.800443054630359,0.0,0.0,0.0,1.9865016971576024,1.3108932570084069,0.0,0.0,0.0,1.1131499699293466,0.0,0.9592128829449678,0.0,0.0,0.0,0.0,1.307770825776626,0.0,0.9102346590892733,1.6111317843262887,0.0,0.0,0.0,0.9009139056113588,0.889207748352347,0.8732502678407424,0.460491948706526,0.0,1.1169960806614414,1.0582842443885152,0.3484242881853366,1.0627648705064558,0.7962342976112661,0.0,0.6568047081989641
0.0,0.0,0.0,0.0,0.0,0.0,0.0,0.0,0.0,0.0,0.0,0.0,0.0,0.0,0.0,0.0,0.0,0.0,0.0,0.0,0.0,0.0,1.6919860293879494,0.0,1.2653661124752267,1.1078591473462533,1.6510504877295922,1.5653099983589183,1.0639298228203398,1.9785204110117578,0.8254230153372322,1.0966842492035336,1.3326764598828393,0.9978405716861878,1.4913208130691276,1.7206843894703805,2.134592034526898,0.0,1.0126484953137591,1.2699131062955664,0.8788064064393057,1.256431943427061,0.0,0.0,0.0,2.326982955215162,1.0143741032512563,0.0,0.0,0.0,0.7493126970970071,0.0,0.0,0.0,0.0,0.0,0.0,0.0,0.0,1.219134527933078,1.0892076585675015,0.0,1.343736797414507,0.0,0.8109303546955284,0.8215351653885463,0.6816739240739206,0.6605756820409592,0.0,0.8598535985435571,0.8383099397945584,0.47590896192394494,0.0,0.5967169889704464,0.0,0.4155944433140913
0.0,0.0,0.0,0.0,0.0,0.0,0.0,0.0,0.0,0.0,0.0,0.0,0.0,0.0,0.0,0.0,0.0,0.0,0.0,0.0,0.0,0.0,0.0,1.8552866014026206,1.8272200469357078,1.7148405270869103,1.2103182276788549,1.590708157942739,1.9761962789681589,1.9156531042401368,0.9678585101855516,1.088007630373256,1.2035004414822794,1.275101307604202,1.5110949365813968,1.403658849710339,1.7486838877253459,2.657147633584765,1.5882941262829071,0.0,1.2459836326739575,1.428423095124747,1.4297739260860736,0.0,0.0,0.0,1.5267260258317217,1.3451307267550763,0.0,1.5858030653265112,0.9590620426556634,1.3606811379931574,1.1145605674272894,1.1415860271840774,0.0,1.5735224772724745,0.0,1.012938274207389,0.0,1.2570522883612925,0.0,0.0,0.0,1.1194489319947554,0.9635443585708505,1.425551844362455,0.5843090466623015,0.7371632105936277,0.0,0.0,0.6376947894344527,0.5527791647544869,1.1384645894902201,0.8445487343106629,1.2125473423898692,0.6341667388578932
0.0,0.0,0.0,0.0,0.0,0.0,0.0,0.0,0.0,0.0,0.0,0.0,0.0,0.0,0.0,0.0,0.0,0.0,0.0,0.0,0.0,0.0,0.0,0.0,1.3129386446852307,1.6475961830662051,1.7476884203673664,1.0076216667406843,0.0,0.0,0.9127416066917852,0.7468177134097514,0.8444479201390002,0.8645823417855122,0.7322185024487506,0.0,0.8589041370746388,0.3142386211962079,0.0,0.7106428432295082,0.9296193436886633,0.0,0.0,0.0,1.3989815009052076,1.6888476893562903,0.0,0.0,0.0,0.0,0.0,0.0,0.0,0.0,1.308974118308302,0.0,1.3390458105768885,0.0,0.0,0.0,1.6472892941053656,1.2885766607349725,1.187665262288724,0.0,0.0,0.0,0.0,0.0,0.6816403361187934,0.808257475569552,0.5751343050982617,0.0,0.0,0.0,0.0,0.7513984429978878
0.0,0.0,0.0,0.0,0.0,0.0,0.0,0.0,0.0,0.0,0.0,0.0,0.0,0.0,0.0,0.0,0.0,0.0,0.0,0.0,0.0,0.0,0.0,0.0,0.0,1.202179668850259,1.1935471874382653,1.117086792462619,1.3237736604724646,0.0,1.1824644614226147,1.2178883356256576,0.7202611184624649,0.5974862671034381,0.8460415984872429,0.0,0.0,0.8198286940632159,0.9805531477225802,1.3843727082365027,1.1728209815603101,1.336545645816909,0.0,0.0,0.0,1.4836443574407174,1.1910768455792562,0.0,0.0,0.0,0.0,0.0,0.0,0.0,1.2608079961783245,0.0,1.1429345483052538,1.229326851761972,0.0,0.0,1.1104234640634743,1.1434473645761454,0.9127245383783051,0.0,0.0,0.9859391038233096,0.4190657068268392,0.0,1.2328034615453778,0.8048273627188902,0.6059669998236881,0.0,0.0,0.8633016209698985,0.0,0.5398310878184363
0.0,0.0,0.0,0.0,0.0,0.0,0.0,0.0,0.0,0.0,0.0,0.0,0.0,0.0,0.0,0.0,0.0,0.0,0.0,0.0,0.0,0.0,0.0,0.0,0.0,0.0,1.154648069436233,1.2076316532277724,1.4378702692936884,0.0,0.7842347854645205,1.2588354756235907,1.0499502972430426,1.0809415336459858,1.1177944770695447,1.63744325258872,0.0,0.908598798661394,1.091327078927606,1.0939404491165372,1.0065036462833583,1.0596407009093962,0.0,0.0,2.0144465553438287,1.2999535425894742,1.2103978080095184,0.0,0.0,0.0,0.0,0.0,0.0,0.0,1.451392748768645,0.0,1.0530360020452354,0.0,0.0,1.1347377884503231,1.0051068952707922,1.236930035674109,0.9183918113567243,0.0,0.8818960155810556,1.0335037244881522,0.8491764657971417,0.4091129659095379,1.8522877412748753,0.8818848944018663,0.9870298635163481,0.6548145600532631,0.0,0.6850626069160564,0.0,0.43579033028321723
0.0,0.0,0.0,0.0,0.0,0.0,0.0,0.0,0.0,0.0,0.0,0.0,0.0,0.0,0.0,0.0,0.0,0.0,0.0,0.0,0.0,0.0,0.0,0.0,0.0,0.0,0.0,1.0172896642578888,0.8989804692714838,1.7017669898313394,1.1462447555960824,1.687002109258421,1.140918835445584,1.4771727553707181,1.1317703243939783,1.704348469170931,1.319362801268733,1.954283893417646,1.7427841742481867,2.5073048485906564,1.3960500444888309,1.194874072747849,1.4556247619226563,0.0,0.0,0.0,1.4575668203544914,1.203303342483246,0.0,1.8475064263599505,0.8972350530022126,1.399025069982234,0.7042730107530621,1.2955369758849733,0.0,1.4662831893499781,0.0,0.9293130179474982,2.0708244165840193,1.2361530704394625,0.0,0.0,0.0,1.2807955899744818,0.9599778600077988,1.0455668812799461,0.6750380023182346,0.44438378719880756,0.0,0.0,0.7368898511769992,0.5807416813609271,0.9253668394483752,0.7720381824627893,0.9160882894452134,0.927839248802617
0.0,0.0,0.0,0.0,0.0,0.0,0.0,0.0,0.0,0.0,0.0,0.0,0.0,0.0,0.0,0.0,0.0,0.0,0.0,0.0,0.0,0.0,0.0,0.0,0.0,0.0,0.0,0.0,0.6815633510259492,1.1988396938238233,1.0220256065973272,0.8575561047714868,0.948696144851642,0.7862253745685029,0.6412728906833911,0.5240532748985101,0.6145079105391066,0.7900480916892565,0.5523485219720125,1.8864349482732976,0.0,0.8869287135560824,1.6739990417207857,0.0,0.0,0.0,0.0,1.6175940514928735,0.0,0.0,1.0530217284297119,0.0,0.9610486363489882,0.0,0.0,0.0,1.8210810167813087,1.4415909759730021,0.0,1.4706400856733444,0.0,0.0,0.0,0.0,0.7625588300077449,1.2612156317091587,1.1278199780923535,0.39114237034881316,0.0,0.0,1.0322210446726179,0.1485102511906755,0.8333630555642176,0.5748902701273813,0.0,0.9435327906409365
0.0,0.0,0.0,0.0,0.0,0.0,0.0,0.0,0.0,0.0,0.0,0.0,0.0,0.0,0.0,0.0,0.0,0.0,0.0,0.0,0.0,0.0,0.0,0.0,0.0,0.0,0.0,0.0,0.0,0.8602055683928719,1.3566660138914974,1.426710239327147,1.2005418023196242,1.0365516731619229,1.1431183794076054,1.5826732596595865,1.5334630273237428,0.0,1.2265164758206257,0.0,1.2396973432974916,0.0,1.5329658392990668,0.0,0.0,0.0,1.1866232782729345,1.4450043807639221,0.0,0.0,0.9438614774174966,1.8172258528899645,0.7191128492515575,1.566831606118965,0.0,0.0,0.0,0.0,0.0,0.9348109726708791,0.0,0.0,0.0,0.0,0.6824518552377956,1.0500437726908982,0.9108181201892181,0.4411828585482549,0.0,0.0,0.8832021237691547,0.3550406986905444,0.954915935597172,0.6623589604392704,1.1220723724891952,0.9622305921192894
0.0,0.0,0.0,0.0,0.0,0.0,0.0,0.0,0.0,0.0,0.0,0.0,0.0,0.0,0.0,0.0,0.0,0.0,0.0,0.0,0.0,0.0,0.0,0.0,0.0,0.0,0.0,0.0,0.0,0.0,0.7807709888401142,2.356289661434555,0.0,1.1609564415724525,1.2681976750805986,0.0,0.0,0.0,0.0,0.0,0.0,0.0,0.0,0.0,0.0,0.0,0.0,0.0,0.0,0.0,0.0,0.0,0.0,0.0,0.0,0.0,0.0,0.0,0.0,0.0,0.0,0.0,0.0,0.0,1.9370968611297823,0.0,0.0,0.7372400179443055,0.0,0.0,0.0,0.7122799875420884,0.0,1.013854626664213,0.0,0.0
0.0,0.0,0.0,0.0,0.0,0.0,0.0,0.0,0.0,0.0,0.0,0.0,0.0,0.0,0.0,0.0,0.0,0.0,0.0,0.0,0.0,0.0,0.0,0.0,0.0,0.0,0.0,0.0,0.0,0.0,0.0,0.8933774491995246,1.3441995360238859,0.49362973536999,0.7262883147385784,1.5156674624061754,1.650741804547757,0.7424509509208868,1.2197649964620871,0.9650548572568372,0.6754331783181551,0.0,0.0,0.0,0.0,0.0,1.219676466500206,0.0,0.0,0.0,0.7566817862761481,0.0,1.3716065217408495,0.0,1.4519043244060938,0.0,0.8031404326104279,0.0,0.0,1.1917514845282733,1.2912243545962412,1.4942343786848757,1.0359919128976454,0.0,0.9680936007990064,0.0,0.6999099579190702,0.7833468557347067,1.6294086105458094,0.8196865974034808,0.9993575023369463,0.42310984714288685,1.356065731016799,1.0355194664511016,0.0,0.46455565570885454
0.0,0.0,0.0,0.0,0.0,0.0,0.0,0.0,0.0,0.0,0.0,0.0,0.0,0.0,0.0,0.0,0.0,0.0,0.0,0.0,0.0,0.0,0.0,0.0,0.0,0.0,0.0,0.0,0.0,0.0,0.0,0.0,0.8481872785687152,0.4668635550557485,0.7240564622751748,0.8223023381183534,0.7863937637698621,0.6492457335380205,0.47021469377618275,0.42729959151688723,0.488274907678797,0.8067044449354428,0.51392631747545,0.0,0.8867794317864153,1.7137285014294914,0.9353883908959042,1.234136434680458,0.0,0.0,0.9226357857093734,1.7063183722781916,1.0390529723251383,1.0163381273838792,1.4841964695818213,1.2001246878879792,0.0,0.6758579007537769,0.0,1.0409054066004235,0.9583596714691649,0.0,1.0299967650058457,1.3161590954200155,1.0227909626944829,0.819807303106989,0.6409849437767035,0.6087943936484049,0.6464244833677388,0.9188414973160564,0.5516878640133538,0.5216651872495597,0.0,0.7271205517254242,0.0,0.9751954195813306
0.0,0.0,0.0,0.0,0.0,0.0,0.0,0.0,0.0,0.0,0.0,0.0,0.0,0.0,0.0,0.0,0.0,0.0,0.0,0.0,0.0,0.0,0.0,0.0,0.0,0.0,0.0,0.0,0.0,0.0,0.0,0.0,0.0,0.5208278893693585,0.7601811580392868,1.883898699604592,0.8377960262348576,0.4946307750235248,0.5588397876275276,0.6222704751317726,0.3552075181115718,1.3093511388437737,0.0,0.0,0.7534344325576271,1.8832729993406212,0.9415080815489435,0.0,0.0,0.0,0.0,0.0,0.0,0.0,0.8096441802965929,0.0,0.7662903352883429,0.0,0.0,0.9626530880558067,0.7194735708829885,0.9167195212795275,0.7507784307288232,0.0,0.9159326299325122,0.0,0.473474179154647,1.1689208378736824,0.6875772230387762,0.506397112218487,0.37746593949127355,0.25329108788266474,0.5994154986323836,0.0,0.0,0.29832198531385684
0.0,0.0,0.0,0.0,0.0,0.0,0.0,0.0,0.0,0.0,0.0,0.0,0.0,0.0,0.0,0.0,0.0,0.0,0.0,0.0,0.0,0.0,0.0,0.0,0.0,0.0,0.0,0.0,0.0,0.0,0.0,0.0,0.0,0.0,0.17350311825652726,0.7256102961345982,0.5824492632413802,0.2543423159767044,0.7419316247391944,0.2808987141173111,0.21753276240511096,0.3484977777611123,1.1428917182577643,0.9224387710486093,0.6213774565894639,1.7805213301586078,1.114927602836537,1.8949143133390165,0.0,0.0,0.9861607859638913,0.0,1.0352823832072378,0.0,1.0030492748319007,0.0,0.0,1.3414597046717507,0.0,1.295894968878425,1.0422867894853562,1.2396591461031814,0.8397101343961195,0.0,0.9654421162151493,1.1794132468384386,0.7986440456747501,0.5734954240891292,0.0,0.7347701913742606,0.6760988537562862,0.0,0.0,1.0533550322594605,0.0,0.0
0.0,0.0,0.0,0.0,0.0,0.0,0.0,0.0,0.0,0.0,0.0,0.0,0.0,0.0,0.0,0.0,0.0,0.0,0.0,0.0,0.0,0.0,0.0,0.0,0.0,0.0,0.0,0.0,0.0,0.0,0.0,0.0,0.0,0.0,0.0,0.6888729836754584,0.8372969816677258,0.40834286072993475,0.35892882715228774,1.107251447105214,0.4355810525664662,1.0123269286942467,0.9132423350851384,1.1118638862647803,1.2394997400978731,0.0,1.0760975976053753,0.0,0.0,0.0,1.7094425047255237,0.0,0.0,0.0,0.0,0.0,1.1391413225805245,0.932891921826259,0.0,1.1869012933236607,1.3194463712263564,0.0,0.0,0.0,0.8047297844454324,0.0,0.8798043815596411,0.9270003218677156,0.0,0.69780909037699,0.46434137472797493,1.1486679812130296,0.3552733846170962,1.270635123525801,0.0,0.0
0.0,0.0,0.0,0.0,0.0,0.0,0.0,0.0,0.0,0.0,0.0,0.0,0.0,0.0,0.0,0.0,0.0,0.0,0.0,0.0,0.0,0.0,0.0,0.0,0.0,0.0,0.0,0.0,0.0,0.0,0.0,0.0,0.0,0.0,0.0,0.0,0.0,0.8834714979810026,0.6184448912294965,1.6141624581782639,0.6637828724610254,0.7851152118458697,0.999855152228408,2.7423418676258224,1.9346300718689204,0.0,0.0,1.246137951910711,0.0,0.0,0.6529091505346862,1.3770617539572283,1.350965909117099,0.9049590527409634,0.0,0.8933285398179791,0.0,1.207236641118222,0.0,0.0,0.0,0.0,0.0,0.880970238993795,0.9356330009340728,0.0,1.4029703655577486,0.6022416367795158,0.0,0.0,0.0,0.6212853905585192,1.1274208353585644,0.0,0.0,0.0
0.0,0.0,0.0,0.0,0.0,0.0,0.0,0.0,0.0,0.0,0.0,0.0,0.0,0.0,0.0,0.0,0.0,0.0,0.0,0.0,0.0,0.0,0.0,0.0,0.0,0.0,0.0,0.0,0.0,0.0,0.0,0.0,0.0,0.0,0.0,0.0,0.0,0.6518483358889768,0.4073033783823888,0.0,0.9405595377175024,0.6754493175843492,0.7161194293702722,0.0,0.0,0.0,0.0,0.0,0.0,0.0,0.0,0.0,0.0,0.0,0.0,0.0,0.0,0.0,0.0,0.0,0.0,0.0,0.0,0.0,0.0,0.0,0.0,0.0,0.0,0.0,0.0,0.0,0.0,0.0,0.0,0.0
0.0,0.0,0.0,0.0,0.0,0.0,0.0,0.0,0.0,0.0,0.0,0.0,0.0,0.0,0.0,0.0,0.0,0.0,0.0,0.0,0.0,0.0,0.0,0.0,0.0,0.0,0.0,0.0,0.0,0.0,0.0,0.0,0.0,0.0,0.0,0.0,0.0,0.0,0.3659534563261095,0.2912311207128003,0.1730096511873775,0.9209088612812621,0.0,0.0,0.4245767761956531,0.0,0.0,0.0,0.0,0.0,0.0,0.0,0.0,0.0,0.8685159058740515,0.0,1.0760420961766406,0.0,0.0,0.0,0.0,0.0,0.0,0.0,0.0,0.0,0.0,0.0,0.9175795693942614,0.0,0.4742422850463072,0.0,0.0,0.0,0.0,0.0
0.0,0.0,0.0,0.0,0.0,0.0,0.0,0.0,0.0,0.0,0.0,0.0,0.0,0.0,0.0,0.0,0.0,0.0,0.0,0.0,0.0,0.0,0.0,0.0,0.0,0.0,0.0,0.0,0.0,0.0,0.0,0.0,0.0,0.0,0.0,0.0,0.0,0.0,0.0,0.9685624066477412,0.9180222812712482,1.1719925390637607,0.5236451109468343,0.9695606668902279,0.6350832476820849,1.3672730316167914,0.9246245852528021,1.2236864968292416,2.360030665027325,0.9198194990436724,0.4885885594458235,0.8786826870454482,0.698699682609265,0.9929391777587391,1.138952576752006,1.2565258833422264,0.4442606655990946,0.6513220771411864,0.8188311362801479,0.840311629230605,1.030928512909922,0.8764555028293276,0.8859458600408259,0.7228737359864117,0.7462466168410049,0.5008752110356565,0.7140351426390923,0.37651947796227825,0.5157633225238583,0.47662604467687725,0.5055864360040814,0.0,0.19497870114361826,0.22221344200324158,0.4960579300965313,0.24471556582305076
0.0,0.0,0.0,0.0,0.0,0.0,0.0,0.0,0.0,0.0,0.0,0.0,0.0,0.0,0.0,0.0,0.0,0.0,0.0,0.0,0.0,0.0,0.0,0.0,0.0,0.0,0.0,0.0,0.0,0.0,0.0,0.0,0.0,0.0,0.0,0.0,0.0,0.0,0.0,0.0,0.1720570094187879,1.2217379124880854,1.5907433314961357,0.7806470560775137,0.37173158760058916,1.137436589675578,0.5401988549359614,0.0,0.0,1.707543757844892,0.4465455138638686,0.7687932499066679,0.9510470785050897,0.6416953128658022,0.9456613046348834,1.1929442010200733,0.8233022553459225,0.34613822601199223,0.0,0.8662809855802168,0.7913024106568959,0.6658103225109907,0.6115027117722732,0.0,0.36682726452117725,0.646637406608341,0.4136212386779616,0.29690224066813536,0.3832780890300134,0.23953695742802197,0.41829596050882223,0.0,0.0,0.30949964514585365,0.7929324459504654,0.0
0.0,0.0,0.0,0.0,0.0,0.0,0.0,0.0,0.0,0.0,0.0,0.0,0.0,0.0,0.0,0.0,0.0,0.0,0.0,0.0,0.0,0.0,0.0,0.0,0.0,0.0,0.0,0.0,0.0,0.0,0.0,0.0,0.0,0.0,0.0,0.0,0.0,0.0,0.0,0.0,0.0,0.30759814151469095,1.3067412951420725,1.4946160171642637,0.7450393993001154,1.0614496880787505,0.6945817384503737,1.1475221765417047,1.5764342845452914,1.22553052125326,0.6341894405197798,0.8120688809426765,0.8588999457289,1.0357504537821698,0.7518503404940707,1.1831349742502622,0.3773650251780944,0.625649068089071,1.3540534692279216,0.7894855973378252,0.8612603381855691,0.9675389321957615,0.6944465941093734,1.0294685525812233,0.4664828276530753,0.7219770072018128,0.6231503676887743,0.11213360579838522,0.2227630875892998,0.30840978706498884,0.4569138255035246,0.0,0.0,0.4915902558472848,0.3823894774697684,0.0
0.0,0.0,0.0,0.0,0.0,0.0,0.0,0.0,0.0,0.0,0.0,0.0,0.0,0.0,0.0,0.0,0.0,0.0,0.0,0.0,0.0,0.0,0.0,0.0,0.0,0.0,0.0,0.0,0.0,0.0,0.0,0.0,0.0,0.0,0.0,0.0,0.0,0.0,0.0,0.0,0.0,0.0,1.3751787363635641,1.4310730417956052,0.676909677190372,0.0,0.811335955971024,1.0922029862129947,3.3510307837373965,1.201846420388946,0.6123826249800162,1.1427450804138428,0.6973140865477272,0.7422697056024224,0.7856512289508756,1.362852333706477,1.095596528569697,0.788507373418086,0.0,0.7700218165327021,0.933553258840235,0.9799017634331517,0.6824989104221504,1.3253143205439586,0.7136930546215412,0.7295339363043312,0.5805936064618605,0.3468826852107856,1.3241630750334443,0.6950214466604372,0.27240332566347353,0.0,0.10949367939866822,0.6594370814074471,0.8527476838642978,0.0
0.0,0.0,0.0,0.0,0.0,0.0,0.0,0.0,0.0,0.0,0.0,0.0,0.0,0.0,0.0,0.0,0.0,0.0,0.0,0.0,0.0,0.0,0.0,0.0,0.0,0.0,0.0,0.0,0.0,0.0,0.0,0.0,0.0,0.0,0.0,0.0,0.0,0.0,0.0,0.0,0.0,0.0,0.0,0.40105943414847184,1.2392271268371498,0.0,0.0,1.0040674538755519,2.221545211351151,0.5335811547920296,0.6127217771768835,0.7238171473847618,0.2557575086047859,0.6178874595844561,1.1375752304026636,0.7010857544451272,0.5068658316500091,0.488204821841069,0.31008783968835435,1.5253933567375544,0.0,0.0,0.0,0.6152064430247591,1.0088535485128085,1.5203332516987564,0.7332115574992415,0.3074010656061538,0.5330254472930164,0.0,0.670620499217534,0.11111339487478768,0.0,0.6207183134439793,0.0,0.6580308685003877
0.0,0.0,0.0,0.0,0.0,0.0,0.0,0.0,0.0,0.0,0.0,0.0,0.0,0.0,0.0,0.0,0.0,0.0,0.0,0.0,0.0,0.0,0.0,0.0,0.0,0.0,0.0,0.0,0.0,0.0,0.0,0.0,0.0,0.0,0.0,0.0,0.0,0.0,0.0,0.0,0.0,0.0,0.0,0.0,0.6547970902782662,0.0,0.0,1.0120866241240434,1.2221262581369263,0.89645339917587,0.723487856340913,0.521244586225593,0.7587492758537648,0.6914349701985315,0.367329861624214,1.237805013178899,1.2963795542954855,0.3101581535260576,0.38757062687984456,0.0,0.0,0.0,0.0,1.04715096961907,0.0,0.0,0.0,0.6312010424139912,0.0,0.0,0.0,0.0,0.0,0.8609709835588414,0.0,0.0
0.0,0.0,0.0,0.0,0.0,0.0,0.0,0.0,0.0,0.0,0.0,0.0,0.0,0.0,0.0,0.0,0.0,0.0,0.0,0.0,0.0,0.0,0.0,0.0,0.0,0.0,0.0,0.0,0.0,0.0,0.0,0.0,0.0,0.0,0.0,0.0,0.0,0.0,0.0,0.0,0.0,0.0,0.0,0.0,0.0,1.565557274945998,0.0,0.0,0.0,1.0894441349333208,0.9426159654555433,1.0144812886232921,0.0,0.8544235994889708,0.6289644584068872,0.9664423620616271,0.2871689176013632,0.20544768729588805,0.0,0.0,0.0,0.5761150874938851,0.7998014007886933,1.1745178900127686,0.0,0.0,0.0,0.0,0.43657291273624277,0.10121030187959654,0.0,0.1702046376402143,0.0,0.0,0.0,0.0
0.0,0.0,0.0,0.0,0.0,0.0,0.0,0.0,0.0,0.0,0.0,0.0,0.0,0.0,0.0,0.0,0.0,0.0,0.0,0.0,0.0,0.0,0.0,0.0,0.0,0.0,0.0,0.0,0.0,0.0,0.0,0.0,0.0,0.0,0.0,0.0,0.0,0.0,0.0,0.0,0.0,0.0,0.0,0.0,0.0,0.0,1.298421891037809,0.0,0.0,0.0,0.5736681310566916,0.0,0.7003912222821755,0.0,0.0,0.0,0.7887584495968285,0.6920493359377691,0.0,0.6705348956903282,1.0649902992155116,0.0,0.9656657280820437,0.0,1.0345574814557625,0.6882237239440337,0.0,0.0,0.5119600106756335,0.5124227542488637,0.6192634291210279,0.805652709845432,0.2631724207944024,0.7901897259415831,0.0,0.17893002081240397
0.0,0.0,0.0,0.0,0.0,0.0,0.0,0.0,0.0,0.0,0.0,0.0,0.0,0.0,0.0,0.0,0.0,0.0,0.0,0.0,0.0,0.0,0.0,0.0,0.0,0.0,0.0,0.0,0.0,0.0,0.0,0.0,0.0,0.0,0.0,0.0,0.0,0.0,0.0,0.0,0.0,0.0,0.0,0.0,0.0,0.0,0.0,0.0,0.0,0.0,0.4714072912679832,1.0789214981529722,0.0,0.0,0.0,0.0,0.0,0.9048584765151622,0.0,0.6697584846008866,0.874862490989557,0.0,0.5724621060587931,0.0,0.841231583297924,0.8505410665255024,0.37503075635432204,0.42918803138308037,0.0,0.3714243685206803,0.0,0.17451475739246444,0.27697227268547286,0.8386478557041446,0.0,0.10020585061669532
0.0,0.0,0.0,0.0,0.0,0.0,0.0,0.0,0.0,0.0,0.0,0.0,0.0,0.0,0.0,0.0,0.0,0.0,0.0,0.0,0.0,0.0,0.0,0.0,0.0,0.0,0.0,0.0,0.0,0.0,0.0,0.0,0.0,0.0,0.0,0.0,0.0,0.0,0.0,0.0,0.0,0.0,0.0,0.0,0.0,0.0,0.0,0.0,0.0,1.0995370009729364,0.10543913946716318,1.0607831212639185,0.6116907780985728,0.7410081449245083,1.570446107478594,0.8213714554392533,1.576940837298839,0.789903045469744,1.2877424527641224,0.0,0.0,0.0,0.0,0.21046236529144519,0.0,0.0,0.0,0.0,0.0,0.0,1.208118090563854,0.0,0.8916280791404583,0.0,1.5777546000868257,0.5143791931744857
0.0,0.0,0.0,0.0,0.0,0.0,0.0,0.0,0.0,0.0,0.0,0.0,0.0,0.0,0.0,0.0,0.0,0.0,0.0,0.0,0.0,0.0,0.0,0.0,0.0,0.0,0.0,0.0,0.0,0.0,0.0,0.0,0.0,0.0,0.0,0.0,0.0,0.0,0.0,0.0,0.0,0.0,0.0,0.0,0.0,0.0,0.0,0.0,0.0,0.7865915840713589,0.5203693535652161,0.1583628163287844,0.7703180746693816,0.8575969712083671,0.0,0.6694582028876321,0.0,0.4882215180639114,0.7568954992221018,0.0,0.0,0.0,0.0,1.1824163302646018,0.0,0.0,0.0,0.20906713383247794,0.0,0.0,0.0,0.402605376270643,0.0,0.0,0.0,0.0
0.0,0.0,0.0,0.0,0.0,0.0,0.0,0.0,0.0,0.0,0.0,0.0,0.0,0.0,0.0,0.0,0.0,0.0,0.0,0.0,0.0,0.0,0.0,0.0,0.0,0.0,0.0,0.0,0.0,0.0,0.0,0.0,0.0,0.0,0.0,0.0,0.0,0.0,0.0,0.0,0.0,0.0,0.0,0.0,0.0,0.0,0.0,0.0,0.0,0.0,0.4259317582112112,0.5830308504143072,0.6306458087036222,0.6479770873423302,1.3611252893741574,0.25897812784251106,0.0,0.6884558056062239,0.5631770053877861,0.0,0.0,0.0,0.0,0.19862321967336657,0.0,0.0,0.0,0.26881661251112576,0.0,0.0,0.0,0.37572501171887096,0.3905495005790187,0.0,0.0,0.3244261960710553
0.0,0.0,0.0,0.0,0.0,0.0,0.0,0.0,0.0,0.0,0.0,0.0,0.0,0.0,0.0,0.0,0.0,0.0,0.0,0.0,0.0,0.0,0.0,0.0,0.0,0.0,0.0,0.0,0.0,0.0,0.0,0.0,0.0,0.0,0.0,0.0,0.0,0.0,0.0,0.0,0.0,0.0,0.0,0.0,0.0,0.0,0.0,0.0,0.0,0.0,0.0,1.0226525528013366,0.9650258151796114,0.553134129476852,1.2635782893402092,0.811278472592622,1.233885680610164,0.7146965204544046,1.1529407124853708,0.5798888888814482,0.9729359976053391,1.1007594316382185,0.866467577018129,0.858280881987918,0.9075557002033185,0.611390392236891,0.6572801981164083,0.0,0.0,0.5487943805260023,0.3194184160688056,0.0,0.5397531984692985,0.5377051548283716,1.0466901040148937,0.639589521479389
0.0,0.0,0.0,0.0,0.0,0.0,0.0,0.0,0.0,0.0,0.0,0.0,0.0,0.0,0.0,0.0,0.0,0.0,0.0,0.0,0.0,0.0,0.0,0.0,0.0,0.0,0.0,0.0,0.0,0.0,0.0,0.0,0.0,0.0,0.0,0.0,0.0,0.0,0.0,0.0,0.0,0.0,0.0,0.0,0.0,0.0,0.0,0.0,0.0,0.0,0.0,0.0,0.8361969081466395,0.6963718389358614,1.2129122046516685,0.994802342965679,0.9150587671224123,0.4014675646374626,0.6714679981140759,0.0,1.1077284883978302,1.2996128482621732,1.3252967729003509,0.6818376930620873,0.6792315767931084,0.0,0.9737844328698911,0.5421859649587661,1.3740177749555424,0.8237155700575248,0.4960657078585119,0.0,0.0,0.9410875266994797,0.0,0.0
0.0,0.0,0.0,0.0,0.0,0.0,0.0,0.0,0.0,0.0,0.0,0.0,0.0,0.0,0.0,0.0,0.0,0.0,0.0,0.0,0.0,0.0,0.0,0.0,0.0,0.0,0.0,0.0,0.0,0.0,0.0,0.0,0.0,0.0,0.0,0.0,0.0,0.0,0.0,0.0,0.0,0.0,0.0,0.0,0.0,0.0,0.0,0.0,0.0,0.0,0.0,0.0,0.0,1.4377837574651458,0.0,0.9540381238122925,0.0,0.7578582338297394,1.5259921723648668,1.1386762233084022,0.0,0.0,1.1931114695004639,0.9544080058107095,1.0220168363983557,0.37301124021213206,0.0,0.0,1.3692151021716663,0.6848598116505265,0.7608176375802678,0.2543043785347545,0.4092685718993022,0.5304362266161068,1.0302218293310776,0.27873816787688743
0.0,0.0,0.0,0.0,0.0,0.0,0.0,0.0,0.0,0.0,0.0,0.0,0.0,0.0,0.0,0.0,0.0,0.0,0.0,0.0,0.0,0.0,0.0,0.0,0.0,0.0,0.0,0.0,0.0,0.0,0.0,0.0,0.0,0.0,0.0,0.0,0.0,0.0,0.0,0.0,0.0,0.0,0.0,0.0,0.0,0.0,0.0,0.0,0.0,0.0,0.0,0.0,0.0,0.0,1.5503149439057533,0.7995205372971853,0.0,0.8262389408015595,1.0257866711628314,0.0,0.0,0.0,1.7243041496140192,0.3781416343148859,1.2795346270261925,0.0,0.6808404252278252,0.0,0.0,0.9982904188624581,0.8118592684133207,0.0,1.0087826771802264,0.6890128672776326,1.1097713088877124,0.8269970322524486
0.0,0.0,0.0,0.0,0.0,0.0,0.0,0.0,0.0,0.0,0.0,0.0,0.0,0.0,0.0,0.0,0.0,0.0,0.0,0.0,0.0,0.0,0.0,0.0,0.0,0.0,0.0,0.0,0.0,0.0,0.0,0.0,0.0,0.0,0.0,0.0,0.0,0.0,0.0,0.0,0.0,0.0,0.0,0.0,0.0,0.0,0.0,0.0,0.0,0.0,0.0,0.0,0.0,0.0,0.0,0.8411854095944764,0.5595444753448764,0.7232759924556612,0.0,0.0,1.0322519727539494,0.8573904364735507,1.0508683076316323,0.7043421944729987,0.7042294870620615,0.0,0.44546620289469785,0.3646606491020572,0.4773430213864821,0.9025374883607993,0.2836072564983735,0.0,0.34027873079961257,0.6419596331093278,0.0,0.0
0.0,0.0,0.0,0.0,0.0,0.0,0.0,0.0,0.0,0.0,0.0,0.0,0.0,0.0,0.0,0.0,0.0,0.0,0.0,0.0,0.0,0.0,0.0,0.0,0.0,0.0,0.0,0.0,0.0,0.0,0.0,0.0,0.0,0.0,0.0,0.0,0.0,0.0,0.0,0.0,0.0,0.0,0.0,0.0,0.0,0.0,0.0,0.0,0.0,0.0,0.0,0.0,0.0,0.0,0.0,0.0,1.3139020379564699,0.5318147526561164,0.6725452871801078,0.0,0.0,1.599845109367772,0.0,0.25690503547148946,0.0,0.0,0.0,0.0,0.0,0.9233857915269952,0.0,0.0,0.6722553141260924,0.0,0.0,0.94402074342258
0.0,0.0,0.0,0.0,0.0,0.0,0.0,0.0,0.0,0.0,0.0,0.0,0.0,0.0,0.0,0.0,0.0,0.0,0.0,0.0,0.0,0.0,0.0,0.0,0.0,0.0,0.0,0.0,0.0,0.0,0.0,0.0,0.0,0.0,0.0,0.0,0.0,0.0,0.0,0.0,0.0,0.0,0.0,0.0,0.0,0.0,0.0,0.0,0.0,0.0,0.0,0.0,0.0,0.0,0.0,0.0,0.0,0.5066917333701562,0.0,0.0,0.0,0.9484768492101678,0.7300903116282125,1.0523198717389235,0.0,0.0,0.0,0.0,0.6711869730052833,0.36921200846067087,0.0,0.4692080946990767,0.4440880182943772,0.0,0.0,0.0
0.0,0.0,0.0,0.0,0.0,0.0,0.0,0.0,0.0,0.0,0.0,0.0,0.0,0.0,0.0,0.0,0.0,0.0,0.0,0.0,0.0,0.0,0.0,0.0,0.0,0.0,0.0,0.0,0.0,0.0,0.0,0.0,0.0,0.0,0.0,0.0,0.0,0.0,0.0,0.0,0.0,0.0,0.0,0.0,0.0,0.0,0.0,0.0,0.0,0.0,0.0,0.0,0.0,0.0,0.0,0.0,0.0,0.0,0.9208508796619111,0.0,1.3397531037503891,1.0482227041567567,0.9860175693537657,1.083027021308789,0.4862586213262513,0.8707621192312868,0.37713559269467,0.4123590016049994,1.0774680474598164,0.5107668666734924,0.5418981007898728,0.2379081058288123,0.0,0.4420597230684893,0.0,0.3411966472381578
0.0,0.0,0.0,0.0,0.0,0.0,0.0,0.0,0.0,0.0,0.0,0.0,0.0,0.0,0.0,0.0,0.0,0.0,0.0,0.0,0.0,0.0,0.0,0.0,0.0,0.0,0.0,0.0,0.0,0.0,0.0,0.0,0.0,0.0,0.0,0.0,0.0,0.0,0.0,0.0,0.0,0.0,0.0,0.0,0.0,0.0,0.0,0.0,0.0,0.0,0.0,0.0,0.0,0.0,0.0,0.0,0.0,0.0,0.0,0.0,0.0,0.0,0.0,0.537001882860844,0.0,1.5984822100419749,0.0,0.3489938193983649,0.0,0.0,1.1223197783541752,0.2631294554961951,0.0,0.0,0.0,0.601354059779128
0.0,0.0,0.0,0.0,0.0,0.0,0.0,0.0,0.0,0.0,0.0,0.0,0.0,0.0,0.0,0.0,0.0,0.0,0.0,0.0,0.0,0.0,0.0,0.0,0.0,0.0,0.0,0.0,0.0,0.0,0.0,0.0,0.0,0.0,0.0,0.0,0.0,0.0,0.0,0.0,0.0,0.0,0.0,0.0,0.0,0.0,0.0,0.0,0.0,0.0,0.0,0.0,0.0,0.0,0.0,0.0,0.0,0.0,0.0,0.0,0.7440589727288005,0.0,0.8479652752567255,0.0,0.25223123789705426,0.4885461734140617,0.6886319297013903,0.0,1.7506002937935607,0.46454302611572107,0.23254093620822758,0.0,0.6818338214916898,0.5961437797903959,0.0,0.3811712919902903
0.0,0.0,0.0,0.0,0.0,0.0,0.0,0.0,0.0,0.0,0.0,0.0,0.0,0.0,0.0,0.0,0.0,0.0,0.0,0.0,0.0,0.0,0.0,0.0,0.0,0.0,0.0,0.0,0.0,0.0,0.0,0.0,0.0,0.0,0.0,0.0,0.0,0.0,0.0,0.0,0.0,0.0,0.0,0.0,0.0,0.0,0.0,0.0,0.0,0.0,0.0,0.0,0.0,0.0,0.0,0.0,0.0,0.0,0.0,0.0,0.0,0.8356141252145969,0.6642989073659279,0.0,0.38431158958627554,0.644986204428583,0.23665716637419965,0.21839086932707497,1.544382426001425,0.8724139572102706,0.22990991030199504,0.0,0.30021391419221777,0.5135428616791983,0.0,0.0
0.0,0.0,0.0,0.0,0.0,0.0,0.0,0.0,0.0,0.0,0.0,0.0,0.0,0.0,0.0,0.0,0.0,0.0,0.0,0.0,0.0,0.0,0.0,0.0,0.0,0.0,0.0,0.0,0.0,0.0,0.0,0.0,0.0,0.0,0.0,0.0,0.0,0.0,0.0,0.0,0.0,0.0,0.0,0.0,0.0,0.0,0.0,0.0,0.0,0.0,0.0,0.0,0.0,0.0,0.0,0.0,0.0,0.0,0.0,0.0,0.0,0.0,0.44667839887446276,0.0,0.6791322728746141,0.0,0.2730451754235748,0.0,1.160467616913853,0.2712127878246368,0.21795617274809104,0.6383178143201689,0.3643438419415082,0.679734323474642,0.0,0.0
0.0,0.0,0.0,0.0,0.0,0.0,0.0,0.0,0.0,0.0,0.0,0.0,0.0,0.0,0.0,0.0,0.0,0.0,0.0,0.0,0.0,0.0,0.0,0.0,0.0,0.0,0.0,0.0,0.0,0.0,0.0,0.0,0.0,0.0,0.0,0.0,0.0,0.0,0.0,0.0,0.0,0.0,0.0,0.0,0.0,0.0,0.0,0.0,0.0,0.0,0.0,0.0,0.0,0.0,0.0,0.0,0.0,0.0,0.0,0.0,0.0,0.0,0.0,0.0,0.7551837443798171,0.8003128983706398,0.3864127450931529,0.391462093312642,0.8165620276280785,0.7487819043818438,0.33684707458685975,0.0,0.46770546605991464,0.5684302250689226,0.0,0.0
0.0,0.0,0.0,0.0,0.0,0.0,0.0,0.0,0.0,0.0,0.0,0.0,0.0,0.0,0.0,0.0,0.0,0.0,0.0,0.0,0.0,0.0,0.0,0.0,0.0,0.0,0.0,0.0,0.0,0.0,0.0,0.0,0.0,0.0,0.0,0.0,0.0,0.0,0.0,0.0,0.0,0.0,0.0,0.0,0.0,0.0,0.0,0.0,0.0,0.0,0.0,0.0,0.0,0.0,0.0,0.0,0.0,0.0,0.0,0.0,0.0,0.0,0.0,0.0,0.0,0.0,0.0,0.0,0.0,0.0,0.0,0.0,0.42757802615830515,0.0,0.0,0.49175714098729956
0.0,0.0,0.0,0.0,0.0,0.0,0.0,0.0,0.0,0.0,0.0,0.0,0.0,0.0,0.0,0.0,0.0,0.0,0.0,0.0,0.0,0.0,0.0,0.0,0.0,0.0,0.0,0.0,0.0,0.0,0.0,0.0,0.0,0.0,0.0,0.0,0.0,0.0,0.0,0.0,0.0,0.0,0.0,0.0,0.0,0.0,0.0,0.0,0.0,0.0,0.0,0.0,0.0,0.0,0.0,0.0,0.0,0.0,0.0,0.0,0.0,0.0,0.0,0.0,0.0,0.674383374195483,0.11605711235248867,0.0,0.0,0.6367966702974124,0.6345113397985691,0.0,0.0,0.4851133493238054,0.9319949005437469,0.3065111439258465
0.0,0.0,0.0,0.0,0.0,0.0,0.0,0.0,0.0,0.0,0.0,0.0,0.0,0.0,0.0,0.0,0.0,0.0,0.0,0.0,0.0,0.0,0.0,0.0,0.0,0.0,0.0,0.0,0.0,0.0,0.0,0.0,0.0,0.0,0.0,0.0,0.0,0.0,0.0,0.0,0.0,0.0,0.0,0.0,0.0,0.0,0.0,0.0,0.0,0.0,0.0,0.0,0.0,0.0,0.0,0.0,0.0,0.0,0.0,0.0,0.0,0.0,0.0,0.0,0.0,0.0,0.7059572429550688,0.5852379463242475,0.7790486531500181,0.41703126022591086,0.23119166799029822,0.0,0.5834635293237264,0.7616975847357154,1.0476394499178925,0.4620218853942851
0.0,0.0,0.0,0.0,0.0,0.0,0.0,0.0,0.0,0.0,0.0,0.0,0.0,0.0,0.0,0.0,0.0,0.0,0.0,0.0,0.0,0.0,0.0,0.0,0.0,0.0,0.0,0.0,0.0,0.0,0.0,0.0,0.0,0.0,0.0,0.0,0.0,0.0,0.0,0.0,0.0,0.0,0.0,0.0,0.0,0.0,0.0,0.0,0.0,0.0,0.0,0.0,0.0,0.0,0.0,0.0,0.0,0.0,0.0,0.0,0.0,0.0,0.0,0.0,0.0,0.0,0.0,0.10579429605999752,0.0,0.4483842190952762,0.25395957986727796,0.0,0.7760019697257483,0.5184970933443722,0.0,0.12730796011459627
0.0,0.0,0.0,0.0,0.0,0.0,0.0,0.0,0.0,0.0,0.0,0.0,0.0,0.0,0.0,0.0,0.0,0.0,0.0,0.0,0.0,0.0,0.0,0.0,0.0,0.0,0.0,0.0,0.0,0.0,0.0,0.0,0.0,0.0,0.0,0.0,0.0,0.0,0.0,0.0,0.0,0.0,0.0,0.0,0.0,0.0,0.0,0.0,0.0,0.0,0.0,0.0,0.0,0.0,0.0,0.0,0.0,0.0,0.0,0.0,0.0,0.0,0.0,0.0,0.0,0.0,0.0,0.0,0.8818596934496421,0.7178753692652857,0.4838475637692858,0.0,0.48938974760914894,0.7362777557749232,0.6722523023858951,0.3098369682697915
0.0,0.0,0.0,0.0,0.0,0.0,0.0,0.0,0.0,0.0,0.0,0.0,0.0,0.0,0.0,0.0,0.0,0.0,0.0,0.0,0.0,0.0,0.0,0.0,0.0,0.0,0.0,0.0,0.0,0.0,0.0,0.0,0.0,0.0,0.0,0.0,0.0,0.0,0.0,0.0,0.0,0.0,0.0,0.0,0.0,0.0,0.0,0.0,0.0,0.0,0.0,0.0,0.0,0.0,0.0,0.0,0.0,0.0,0.0,0.0,0.0,0.0,0.0,0.0,0.0,0.0,0.0,0.0,0.0,0.4787157627566786,0.0,0.10066955642704434,0.0,0.0,0.0,0.0
0.0,0.0,0.0,0.0,0.0,0.0,0.0,0.0,0.0,0.0,0.0,0.0,0.0,0.0,0.0,0.0,0.0,0.0,0.0,0.0,0.0,0.0,0.0,0.0,0.0,0.0,0.0,0.0,0.0,0.0,0.0,0.0,0.0,0.0,0.0,0.0,0.0,0.0,0.0,0.0,0.0,0.0,0.0,0.0,0.0,0.0,0.0,0.0,0.0,0.0,0.0,0.0,0.0,0.0,0.0,0.0,0.0,0.0,0.0,0.0,0.0,0.0,0.0,0.0,0.0,0.0,0.0,0.0,0.0,0.0,0.0,0.0,0.5215830634114715,0.6088819353485707,0.0,0.0
0.0,0.0,0.0,0.0,0.0,0.0,0.0,0.0,0.0,0.0,0.0,0.0,0.0,0.0,0.0,0.0,0.0,0.0,0.0,0.0,0.0,0.0,0.0,0.0,0.0,0.0,0.0,0.0,0.0,0.0,0.0,0.0,0.0,0.0,0.0,0.0,0.0,0.0,0.0,0.0,0.0,0.0,0.0,0.0,0.0,0.0,0.0,0.0,0.0,0.0,0.0,0.0,0.0,0.0,0.0,0.0,0.0,0.0,0.0,0.0,0.0,0.0,0.0,0.0,0.0,0.0,0.0,0.0,0.0,0.0,0.0,0.0,0.5804399665047719,0.537361440418382,0.0,0.23629632859470007
0.0,0.0,0.0,0.0,0.0,0.0,0.0,0.0,0.0,0.0,0.0,0.0,0.0,0.0,0.0,0.0,0.0,0.0,0.0,0.0,0.0,0.0,0.0,0.0,0.0,0.0,0.0,0.0,0.0,0.0,0.0,0.0,0.0,0.0,0.0,0.0,0.0,0.0,0.0,0.0,0.0,0.0,0.0,0.0,0.0,0.0,0.0,0.0,0.0,0.0,0.0,0.0,0.0,0.0,0.0,0.0,0.0,0.0,0.0,0.0,0.0,0.0,0.0,0.0,0.0,0.0,0.0,0.0,0.0,0.0,0.0,0.0,0.5897174455000898,0.6066658948280896,0.743546556949384,0.1608681692781554
0.0,0.0,0.0,0.0,0.0,0.0,0.0,0.0,0.0,0.0,0.0,0.0,0.0,0.0,0.0,0.0,0.0,0.0,0.0,0.0,0.0,0.0,0.0,0.0,0.0,0.0,0.0,0.0,0.0,0.0,0.0,0.0,0.0,0.0,0.0,0.0,0.0,0.0,0.0,0.0,0.0,0.0,0.0,0.0,0.0,0.0,0.0,0.0,0.0,0.0,0.0,0.0,0.0,0.0,0.0,0.0,0.0,0.0,0.0,0.0,0.0,0.0,0.0,0.0,0.0,0.0,0.0,0.0,0.0,0.0,0.0,0.0,0.0,0.4958157446086334,0.23166271949897665,0.5068364945100229
0.0,0.0,0.0,0.0,0.0,0.0,0.0,0.0,0.0,0.0,0.0,0.0,0.0,0.0,0.0,0.0,0.0,0.0,0.0,0.0,0.0,0.0,0.0,0.0,0.0,0.0,0.0,0.0,0.0,0.0,0.0,0.0,0.0,0.0,0.0,0.0,0.0,0.0,0.0,0.0,0.0,0.0,0.0,0.0,0.0,0.0,0.0,0.0,0.0,0.0,0.0,0.0,0.0,0.0,0.0,0.0,0.0,0.0,0.0,0.0,0.0,0.0,0.0,0.0,0.0,0.0,0.0,0.0,0.0,0.0,0.0,0.0,0.0,0.0,0.48941439968570954,0.0
0.0,0.0,0.0,0.0,0.0,0.0,0.0,0.0,0.0,0.0,0.0,0.0,0.0,0.0,0.0,0.0,0.0,0.0,0.0,0.0,0.0,0.0,0.0,0.0,0.0,0.0,0.0,0.0,0.0,0.0,0.0,0.0,0.0,0.0,0.0,0.0,0.0,0.0,0.0,0.0,0.0,0.0,0.0,0.0,0.0,0.0,0.0,0.0,0.0,0.0,0.0,0.0,0.0,0.0,0.0,0.0,0.0,0.0,0.0,0.0,0.0,0.0,0.0,0.0,0.0,0.0,0.0,0.0,0.0,0.0,0.0,0.0,0.0,0.0,0.0,0.0
0.0,0.0,0.0,0.0,0.0,0.0,0.0,0.0,0.0,0.0,0.0,0.0,0.0,0.0,0.0,0.0,0.0,0.0,0.0,0.0,0.0,0.0,0.0,0.0,0.0,0.0,0.0,0.0,0.0,0.0,0.0,0.0,0.0,0.0,0.0,0.0,0.0,0.0,0.0,0.0,0.0,0.0,0.0,0.0,0.0,0.0,0.0,0.0,0.0,0.0,0.0,0.0,0.0,0.0,0.0,0.0,0.0,0.0,0.0,0.0,0.0,0.0,0.0,0.0,0.0,0.0,0.0,0.0,0.0,0.0,0.0,0.0,0.0,0.0,0.0,0.0
