0.0,8.20649226913192,0.0,0.0,0.0,4.609833880264656,0.0,3.461772922723552,0.0,0.0,0.0,2.344379378198668,0.0,0.0,2.265021980084014,2.4144833010615776,0.0,2.1295534314727043,0.0,1.9208768674583623,1.653590949538318,1.9641545241689666,1.7884206591123264,1.8179770352935787,1.6631231936104434,1.293534443382244,1.5244963587081057,0.0,0.0,0.0,1.114852740101524,1.3303587783210602,1.2968448217042514,1.0839946460217416,0.0,0.0,0.0,0.0,1.3491661699281452,1.7788508005711838,1.131501632197665,0.0,0.0,0.0,0.0,1.5913794069195162,1.7309849426558346,0.0,0.0,0.0,0.0,0.0,0.0,0.0,2.291751161824235,0.0,0.0,0.0,0.0,0.0,1.4679209772904316,0.0,1.2569570128187406,0.0,0.0,0.5642221651443022,1.0875489630972581,0.0,1.8006115035648151,1.0018940412804676,0.8270885826485935,0.0,0.0,0.0,0.0,0.0
0.0,0.0,0.0,0.0,5.646723205548248,3.5887532950142336,3.9528784844448457,0.0,3.1317145448970787,0.0,0.0,0.0,2.4783508965926986,0.0,2.3907226364083796,2.3571597063162972,0.0,2.2912423876957195,0.0,1.98616857771566,2.079640843184025,1.4977924954220527,1.681737871073609,0.0,1.637457617236909,1.4071894231301179,1.3553740205131186,1.48760454332414,1.4268422968433714,0.0,1.0585097661234044,1.2364303128910963,1.142903314621517,0.9358777702707999,1.1858982251833838,0.0,0.0,0.0,1.3163495264704566,1.5698957535046625,1.3145500624432613,1.6539150429160547,0.0,0.0,0.0,1.8576402048605107,1.6356499394766786,0.0,0.0,0.0,0.0,0.0,0.0,0.0,0.0,0.0,0.0,0.0,0.0,1.0901508464116452,1.4019927421089575,0.0,1.3278549599384601,0.0,0.8285697851004221,1.0519304837312617,0.9665172408792029,0.5710075956577538,0.0,0.9917394003790188,0.8534332705110518,0.46622332124570054,0.0,0.79621727336246,0.0,0.5432899852793471
0.0,0.0,0.0,8.172041622882896,4.664131869360437,3.6336972284630678,3.9103061458338555,3.027251399301142,2.6785901836209804,2.972919218384696,2.4859847546880287,0.0,2.443540518091095,2.4208212681509638,0.0,0.0,0.0,0.0,1.212076389541115,0.0,0.0,0.0,1.18851692455564,0.0,0.0,0.0,1.1481964397290767,1.516634263036091,0.0,0.0,1.391356181905325,1.490215813407766,1.6563297855453363,1.4726248940303392,1.6494706357456694,1.4072606765280251,1.4145193645345786,0.0,1.6714774976451168,0.0,0.0,0.0,1.7055376542231346,0.0,0.0,0.0,0.0,1.2767917732956637,0.0,0.0,1.254836162685729,0.0,1.5626045141515132,1.6900398919385395,0.0,1.215876720294055,0.0,0.0,0.0,0.0,0.0,0.0,0.0,0.148702578940743,0.0,0.0,0.0,0.888320885088648,0.0,0.0,0.0,0.8471484374628531,0.0,0.0,0.0,0.0
0.0,0.0,0.0,0.0,4.187424043613586,2.96549218549664,3.294240103026415,3.1876081353185217,3.3275620935054198,4.133795087724449,3.140845954646561,0.0,2.120301574170883,1.1664238176084514,0.0,0.0,0.0,0.0,2.021760541214644,0.0,0.0,0.0,1.502139962952778,0.0,0.0,0.0,1.1030191713906343,0.5568023088170221,1.5810932049229658,0.0,0.0,0.5732598734027341,0.0,0.3873941540494813,0.43202743394895904,0.19640471016730823,0.19294397585221815,0.0,0.0,0.0,0.0,0.0,0.0,0.0,0.0,0.0,0.0,0.0,0.0,0.0,0.0,0.0,0.0,0.0,0.0,0.0,0.0,0.0,0.0,0.0,0.0,0.0,0.0,0.0,0.0,0.0,0.0,0.0,0.0,0.0,0.0,0.0,0.0,0.0,0.0,0.0
0.0,0.0,0.0,0.0,0.0,3.4739643810228804,3.5350194306701015,3.1701963474650796,3.058438108795521,3.2025850444940795,2.7390164369514887,3.4412778973169633,2.476119345339667,1.8912679337940381,0.0,2.9524614737525345,0.0,0.0,2.3071007746742858,2.7084302594018244,0.0,2.2263994334135777,1.6115522630014592,0.0,0.0,0.0,1.5072613998520912,1.4651307542674252,1.6247314424434294,0.0,1.6586029670209825,1.7875817716034967,1.7437568207788283,1.5914647642266306,1.6135034889537674,0.8654601922433106,0.8218442605133016,0.0,0.0,0.0,0.0,0.0,0.0,0.0,0.0,0.0,0.0,0.0,0.0,0.0,0.0,0.0,0.0,0.0,0.0,0.0,0.0,0.0,0.0,0.0,0.0,0.0,0.0,0.0,0.0,0.0,0.0,1.0331824644904657,0.0,0.0,0.0,0.0,0.0,0.0,0.0,0.0
0.0,0.0,0.0,0.0,0.0,0.0,3.672932072827602,3.0467368021836307,2.460547321153503,2.7184394483402863,2.5830346956523815,2.636428223840079,2.271719325147466,2.427276106625592,2.7274693540303327,2.4088287517172464,0.0,2.291323781692983,1.9829128775105094,2.2806114130561883,2.063458770278991,1.8265981380742105,1.7123435236273614,0.0,1.6878309349567224,1.7059868548945494,1.3343035840663686,1.202922276988824,1.2121533712478412,1.403901266334186,1.3131807387973056,1.3001733848862105,1.231167928427751,1.3627756092714793,1.4279950978104863,1.5053844471500448,1.4891495729183288,0.0,1.5740968073307604,0.0,1.7128363630984045,2.369952309009162,1.6304328779483228,0.0,0.0,0.0,0.0,1.5021764908648616,0.0,0.0,1.282064722462553,1.9216840556463601,1.4027220418778354,1.6598101856531575,0.0,1.4815984113091543,0.0,1.4521037927258835,0.0,1.3205780168963948,0.0,0.0,0.0,1.5313405181810555,1.1254571420597534,0.0,0.0,0.854527423649285,0.0,0.0,0.0,0.7950617470401239,0.9878009039825036,0.9460836578636215,0.0,0.820680187408131
0.0,0.0,0.0,0.0,0.0,0.0,0.0,3.297558106108594,3.509693587659137,3.1705128327901346,3.5726387831825215,3.152727061148938,2.258356118425897,2.618466629927511,0.0,2.8757093778683203,0.0,3.075854991608097,2.521032812669128,2.303555780488542,0.0,2.02233138974937,1.8950728730564776,0.0,2.0921483358163604,1.8127661262435675,1.7029772892433162,1.4380552327798823,1.6600369829288764,0.0,1.5460920376769318,1.5299000225503168,1.438184521851362,1.5098740969399365,1.5258468441520048,1.4913356667956688,1.552865628280752,0.0,0.0,0.0,0.0,0.0,2.003314384068341,0.0,0.0,0.0,0.0,0.0,0.0,0.0,1.7852107058904418,0.0,0.0,0.0,0.0,0.0,0.0,0.0,0.0,0.0,0.0,0.0,0.0,0.0,0.0,0.0,0.0,1.1574560352495258,0.0,0.0,0.0,1.1250993727315364,0.0,0.0,0.0,0.0
0.0,0.0,0.0,0.0,0.0,0.0,0.0,0.0,3.731132363250833,0.0,2.110096699817574,3.7892579379675615,2.6255271997215663,2.1289079870183283,3.085823234074201,0.0,0.0,0.0,2.3725938999762404,0.0,1.9364889004846124,0.0,1.4609261888870315,2.4719782736347105,2.292559267372849,2.0474861405037714,1.7713315728266184,1.598756907878898,1.7955129001914605,1.58343811047247,1.5688683753652017,0.0,0.0,1.6381281882754446,0.0,0.8527057509951069,0.9731091084586729,0.0,1.6109625979448774,0.0,1.7929520059777109,0.0,1.6263207563539106,0.0,0.0,0.0,0.0,1.6174183761859946,0.0,2.33021824856417,1.3955251551815053,2.074583537103562,1.4362037885552401,1.7250763245134828,0.0,1.5094190235263447,0.0,1.5777841778181618,2.077607878133505,0.0,0.0,0.0,0.0,1.6787659480025754,1.765739497162304,0.0,0.0,0.9764860773550945,0.0,0.0,0.0,0.9506064276475921,1.060110026884698,0.9434193205377197,0.0,1.0483817293519213
0.0,0.0,0.0,0.0,0.0,0.0,0.0,0.0,0.0,3.177329080153965,2.783127258776342,2.7433587729324858,2.242219763092305,2.9288777819642937,0.0,2.7342814369618837,0.0,0.0,1.7174380473207358,2.5911385119354495,0.0,1.9260631186628157,1.806222362193584,0.0,1.815667359121516,1.9615783529498523,1.3288385583915931,1.7163546294401444,1.6814689194383123,1.5831549465727517,1.7070233637227705,1.6705002156456525,1.5034869959112258,1.708859708445039,1.6298636767971195,1.8057340037828005,2.0099542319277197,2.783140965916595,1.722963614466119,0.0,0.0,0.0,1.9252668193118785,0.0,0.0,0.0,0.0,1.6525536042711164,0.0,0.0,1.4803826213259694,0.0,1.721449800981894,0.0,0.0,1.7822155579954586,0.0,0.0,0.0,0.0,0.0,0.0,0.0,1.7460091081597566,0.0,0.0,0.0,1.0664199808818617,0.0,0.0,0.0,0.9577501106484423,0.0,0.0,0.0,0.0
0.0,0.0,0.0,0.0,0.0,0.0,0.0,0.0,0.0,0.0,3.822923958083123,1.7393445204512137,2.6896247927545325,0.0,0.0,2.49138437373371,2.2689395953000666,2.023047942976468,2.336368438646813,0.0,0.0,1.9923972716639664,1.6396314470114726,1.2063288198538529,1.4287180156672714,1.3339866891004593,1.4806617272610054,1.2503520136798718,2.0275495434429125,0.0,0.9951781647884845,0.9182682364092545,0.7646731530093485,0.5810005196599171,0.5240656699893295,1.4785640055000289,1.1878663009366486,1.0987506989696938,0.35223585659898193,1.1894588502904053,1.0534334472756868,0.0,0.0,0.0,1.8610681399797204,2.3995097092829996,0.0,0.0,0.0,0.0,0.0,0.0,0.0,0.0,1.400505752947581,0.0,1.603906658099668,1.6175147786315895,0.0,0.0,0.0,1.3140306048391595,1.0316059073607733,0.0,0.0,0.0,0.0,0.0,1.2415031192592432,0.8235289507610388,0.7676230076496341,0.0,0.7885197765703873,0.0,0.0,0.5436485221133968
0.0,0.0,0.0,0.0,0.0,0.0,0.0,0.0,0.0,0.0,0.0,2.855897514800125,2.7556579676819535,2.1802541359143275,0.0,0.0,0.0,0.0,1.4135337301033464,0.0,0.0,0.0,1.179604240893651,0.0,0.0,0.0,1.4537611635970524,1.703470145866373,0.0,0.0,1.7186162746157585,1.299548960518635,1.9871472240012977,1.649449928558774,1.5623176695945369,0.9880002761181669,1.92005350647789,2.668421737277651,1.1640935333168083,0.0,0.0,0.0,1.5001728636751355,0.0,0.0,0.0,0.0,0.9911442029021208,0.0,1.6871012927147304,1.000334439378586,1.7534188521189948,1.2521146714282732,0.8996547502430513,0.0,0.27829732419334907,0.0,1.4424768906670473,1.0987683141215063,0.0,0.0,0.0,0.0,0.0,0.0,0.0,0.0,0.6651713271881035,0.0,0.0,0.0,0.45333151107397207,0.9795098553905547,0.0,0.0,0.0
0.0,0.0,0.0,0.0,0.0,0.0,0.0,0.0,0.0,0.0,0.0,0.0,2.208791322304163,0.0,0.0,0.0,2.0925741472093358,2.1265652026162987,0.0,0.0,2.5117968010141696,0.0,2.201942838721999,1.2967366492739223,1.3884874137013103,1.153984672994068,0.0,0.7965599811519911,0.0,0.0,0.9017676924938564,0.37954355568728215,0.5633827877173504,0.29431039241895685,0.4851562523044306,0.674892455617527,0.747994660043966,1.0817123450902646,0.3027257419507169,0.6177981650122659,0.3953080076576546,1.0519744212955757,1.0032815724064985,0.0,0.6589212694477333,0.0,0.0,0.0,0.0,0.0,0.0,0.0,0.0,0.0,1.446550938043206,0.0,1.4278824084499342,1.2685246478065912,0.0,0.0,0.0,1.2126591006807275,1.0886107446444062,0.0,0.0,0.0,0.0,0.0,0.9666090883824128,0.8645746610048972,0.7330238805921337,0.0,0.0,0.0,0.0,0.3831149051016983
0.0,0.0,0.0,0.0,0.0,0.0,0.0,0.0,0.0,0.0,0.0,0.0,0.0,2.263136358539679,3.455649698056032,2.7401121049886195,3.001003420601639,2.5160505829161965,2.402792940870549,2.2670793090438353,2.316928248031807,1.973557162801788,1.8233793469638964,2.3385856189807877,1.8957592885931005,1.8177153858023174,1.6487262191263596,1.3465959781078727,1.5596372945966515,1.653887558282367,1.5247152582043135,1.4510919682738659,1.3316629403549478,1.5027096630387768,1.4534293261671538,1.5312859683398665,1.6020174443174913,2.372027963066948,1.9252004209666764,0.0,0.0,0.0,1.7239456308614574,0.0,0.0,0.0,0.0,1.7438927554802666,0.0,0.0,1.4049438909527245,0.0,1.6768252375328063,0.0,0.0,0.0,0.0,0.0,0.0,0.0,0.0,0.0,0.0,0.0,0.0,0.0,0.0,1.036262136205233,0.0,0.0,0.0,0.8950535071165409,0.0,1.0516459436767451,0.0,0.0
0.0,0.0,0.0,0.0,0.0,0.0,0.0,0.0,0.0,0.0,0.0,0.0,0.0,0.0,0.0,0.0,0.0,0.0,2.1507803733703463,0.0,3.2584334427847192,0.0,1.5829868776556402,0.0,0.0,0.0,1.8014886182198948,0.1724000124971291,0.0,0.0,0.0,0.7672116252250067,0.0,0.8871487234197248,0.0,0.711792919794905,0.4255183002840983,0.0,0.0,0.0,0.0,0.0,2.4333003315619104,0.0,0.0,0.0,0.0,0.0,0.0,0.0,0.0,0.0,0.0,0.0,0.0,0.0,0.0,0.0,0.0,0.0,0.0,0.0,0.0,0.0,0.0,0.0,0.0,1.1985114899341531,0.0,0.0,0.0,1.3271647696747804,0.0,0.0,0.0,0.0
0.0,0.0,0.0,0.0,0.0,0.0,0.0,0.0,0.0,0.0,0.0,0.0,0.0,0.0,0.0,2.38417094926343,0.0,2.3468770458880908,0.0,1.6094480603639003,1.441540642997638,1.3477207826810087,1.6359785253336137,2.584732582484407,1.4244260291978532,1.4220457516893945,1.568786500398428,1.403091542084896,1.2662782401571337,0.0,1.1023700578595006,1.1432095407259197,1.167048304270566,1.2155993793093298,1.2248821186183236,1.7062674364185446,0.0,0.0,1.2683417026033796,1.8759339897355287,1.36285303988696,1.858764743953868,1.4765359524169097,0.0,0.0,0.0,1.685807541372836,0.0,0.0,0.0,1.2950846369778304,0.0,1.7505801537559031,0.0,0.0,0.0,0.0,0.0,0.0,1.0284317062528143,1.5570898285852484,0.0,0.0,0.0,0.9326774584358593,0.963465961585015,1.0997408616430704,0.6344966115086864,0.0,1.370636835759728,0.9313926175909588,0.5985411643229832,0.6324690359773267,0.6137600268822612,0.0,0.5727008682751366
0.19845571916030585,0.0,0.0,0.0,0.0,0.0,0.0,0.0,0.0,0.0,0.0,0.0,0.0,0.0,0.0,0.0,2.3913460279483045,2.0116908259424724,0.0,2.024140955527385,2.039238812280146,1.686933542328226,1.781221904093973,0.0,1.7718605134310155,1.6581055791669086,1.4945931437863123,1.614124329830118,1.617675670296197,1.556321353720588,1.2873001075791077,1.4105022364117792,1.3672995424655972,1.2078627870659904,1.426660674899997,0.0,0.0,0.0,1.16065516993195,1.2982084672864769,1.0644830301181643,0.0,0.0,0.0,0.0,1.7461992813082552,1.5767533682526735,0.0,0.0,0.0,0.0,0.0,0.0,0.0,0.0,0.0,0.0,0.0,0.0,0.0,1.3085544403444216,0.0,1.1353026692116515,0.0,0.0,0.0,1.0036801127564112,0.0,0.0,0.9681685225777492,0.8773700435600769,0.0,0.0,0.0,0.0,0.0
0.0,0.0,0.0,0.0,0.0,0.0,0.0,0.0,0.0,0.0,0.0,0.0,0.0,0.0,0.0,0.0,0.0,2.1923869710022656,0.0,2.336176005381016,0.0,1.8959083855360137,0.0,1.6362773621718905,1.6293085413072368,1.4333879726643797,0.0,1.4868235611037066,2.2165829456233936,0.0,1.1353813606015122,1.4484956966167215,1.287125542256523,1.1553674401310832,1.1074405627851667,0.0,0.0,1.7189691025700702,0.0,1.3143226699502075,0.0,0.0,0.0,0.0,0.0,0.0,0.0,0.0,0.0,0.0,0.0,0.0,0.0,0.0,1.589456208896663,0.0,1.8024917857832998,0.0,0.0,0.0,0.0,1.2787902741266972,1.241000764101792,0.0,0.0,0.0,0.0,0.0,0.0,0.9067691074492257,0.7821822634592194,0.0,0.0,0.0,0.0,0.0
0.0,0.0,0.0,0.0,0.0,0.0,0.0,0.0,0.0,0.0,0.0,0.0,0.0,0.0,0.0,0.0,0.0,0.0,0.0,2.0301309448654634,1.9132121532692525,1.675236056239425,1.8124514159859997,1.4918649106588333,1.4581682145027228,1.423962904255141,1.3779532694884393,1.5220617631061835,1.4579834197368764,1.8497864292847401,1.1070997178009063,1.3456688475436258,1.2480214390585496,1.0819505255650563,1.0836026318798986,0.0,0.0,0.0,1.1527378926624978,1.031940681842113,1.0813716547269867,0.0,0.0,0.0,0.0,1.7180693730844916,1.2576162227027163,0.0,0.0,0.0,0.0,0.0,0.0,0.0,1.2099592909436612,0.0,1.6175698176956264,0.0,0.0,0.0,1.1661302072735207,1.3524227706363838,1.0649331546830643,0.0,0.0,0.0,0.0,0.0,1.591689420471491,0.8111033365661051,0.7326765605267833,0.0,0.0,0.0,0.0,0.4450490855170026
0.0,0.0,0.0,0.0,0.0,0.0,0.0,0.0,0.0,0.0,0.0,0.0,0.0,0.0,0.0,0.0,0.0,0.0,0.0,0.0,0.0,0.0,0.9418675598299258,0.0,0.0,0.0,1.4322898935673596,1.7914471310125193,0.0,0.0,1.8435117166824018,1.4625655394717576,0.0,1.7939384004173062,1.7249589962034737,1.272713507841339,2.002181991807772,0.0,1.5455598530485135,0.0,0.0,0.0,1.8794289312676737,0.0,0.0,0.0,0.0,1.8889920564179596,0.0,0.0,1.3654258681751292,0.0,1.7001073953725006,1.7708133977809304,0.0,1.9163510526390504,0.0,0.0,2.0175119712740783,0.0,0.0,0.0,0.0,1.9067298815515263,0.0,0.0,0.0,1.0021858313805285,0.0,0.0,0.0,0.7937408302407788,0.0,0.0,0.0,0.0
0.0,0.0,0.0,0.0,0.0,0.0,0.0,0.0,0.0,0.0,0.0,0.0,0.0,0.0,0.0,0.0,0.0,0.0,0.0,0.0,2.0851679216014074,1.4412072320640243,1.4102119712191201,0.0,1.6727075245702192,1.6546516383740237,1.4244390289916558,1.469282284704788,1.315726837618632,1.0435837283432199,1.151430861257658,1.4028056908995428,1.4704880239254718,1.385847144936807,1.4248079903076776,1.8549236143046013,1.7612501242644143,0.0,1.2570045853717309,0.0,1.5295299008541035,1.9953488308205443,0.0,0.0,0.0,0.0,1.8267276367915066,0.0,0.0,0.0,0.0,0.0,1.936717247359506,0.0,0.0,0.0,0.0,0.0,0.0,1.1860419490440703,0.0,0.0,0.0,0.0,1.0331081773013446,1.1362419079194732,1.2252311217706207,0.8462588266007491,0.0,0.0,0.8693631807582121,0.6985710380053931,0.9482482668014753,0.8320450313806497,0.0,0.8970137642185104
0.0,0.0,0.0,0.0,0.0,0.0,0.0,0.0,0.0,0.0,0.0,0.0,0.0,0.0,0.0,0.0,0.0,0.0,0.0,0.0,0.0,1.6301334925550188,1.6657581542064603,2.2351677620886763,1.8896061289048167,1.4846080923995841,1.610841932608488,1.546198282177452,1.453914725586781,0.0,1.1921698055691654,1.2770074481524498,1.3883907567187137,1.2090544122128746,0.0,0.0,0.0,0.0,1.3426146862706365,1.7960300237396027,1.4791297899652522,0.0,0.0,0.0,0.0,0.0,1.810303022489543,0.0,0.0,0.0,1.1268386214081723,0.0,0.997483775392135,0.0,0.0,0.0,0.0,0.0,0.0,1.0278133915906187,1.246709332828676,0.0,0.0,0.0,1.0608383676429023,0.8812292574205091,1.1874409621912128,0.684136775475884,0.0,0.0,0.8996118850662637,0.686774470303007,0.9181113938449381,0.750689731545001,0.0,0.8413004664943455
0.0,0.0,0.0,0.0,0.0,0.0,0.0,0.0,0.0,0.0,0.0,0.0,0.0,0.0,0.0,0.0,0.0,0.0,0.0,0.0,0.0,0.0,1.7556474566054634,0.0,1.6929933882296209,1.511371868666918,1.549299567674435,1.6047424966910886,1.4493951168529788,1.5391890948077716,1.1086894597565844,1.2597031838071502,1.2461820841725721,1.2441790063798412,1.3006963448947695,1.5013394765088466,1.8190220231296026,0.0,1.3200291804922981,1.4888786614049212,1.2868095600025498,1.5817438230926224,1.5243663530483424,0.0,0.0,2.2180187965669056,1.6614774650473834,0.0,0.0,0.0,0.0,0.0,0.0,0.0,0.0,0.0,0.0,0.0,0.0,1.1322968611767417,1.2552608986774547,0.0,1.5988194863893053,0.0,0.982288541837016,1.172650240676103,1.081344712653924,0.7070605866987802,0.0,1.037427988295848,0.8758698751022809,0.5923604635072495,0.0,0.6637246187880999,0.0,0.5167850354162489
0.0,0.0,0.0,0.0,0.0,0.0,0.0,0.0,0.0,0.0,0.0,0.0,0.0,0.0,0.0,0.0,0.0,0.0,0.0,0.0,0.0,0.0,0.0,2.2250336223875786,1.862167164894407,1.6358204910049627,1.3188878554307155,1.451708037564884,1.525246803664063,1.422033893271776,1.306496778479219,1.3704518859912087,1.3594428502908193,1.4081567668058517,1.4528571595771345,1.3092312301934441,1.501908296909112,0.0,1.5254987967503708,2.128802194999423,1.6106011505906588,1.9661740402684609,1.5849366512485445,0.0,0.0,0.0,1.865172927898603,1.4937480117239192,0.0,2.438604194327202,1.232695160829608,1.6725681121915656,1.3329902678961798,1.5684265941059987,0.0,1.6421769200409395,0.0,1.371796011503336,1.7719841282610034,1.1762406565206267,0.0,0.0,0.0,1.722699027202937,1.101358642484192,1.0991117922740479,1.1776178401087063,0.8071463031241276,0.0,0.0,0.850997369132341,0.7751497903530556,0.8557678227242946,0.8649104806977579,1.2882248978345996,0.8437298040164424
0.0,0.0,0.0,0.0,0.0,0.0,0.0,0.0,0.0,0.0,0.0,0.0,0.0,0.0,0.0,0.0,0.0,0.0,0.0,0.0,0.0,0.0,0.0,0.0,1.5274011511879462,1.1545766454845516,1.780381013398148,1.1997487764268606,0.0,0.0,0.8956339860269054,0.44049759338471484,0.7807859987392014,0.3771988412360465,0.2739124177624686,0.0,1.6700140351169044,1.2714460986374707,0.0,1.5292627312091234,1.093665474288997,0.0,0.0,0.0,2.2776533717371086,1.7241634962065244,0.0,0.0,0.0,0.0,0.0,0.0,0.0,0.0,1.5185023938892928,0.0,1.6173895707358916,0.0,0.0,0.0,0.0,1.4415193537683673,1.2240564667191933,0.0,0.0,0.0,0.0,0.0,1.6123072056298244,0.9874766468733062,0.8662280965710161,0.0,0.0,0.0,0.0,0.7881234111043233
0.0,0.0,0.0,0.0,0.0,0.0,0.0,0.0,0.0,0.0,0.0,0.0,0.0,0.0,0.0,0.0,0.0,0.0,0.0,0.0,0.0,0.0,0.0,0.0,0.0,1.2079010538710795,1.2071197799886475,1.3402746005475545,1.1972995242329034,0.0,1.003514012662003,1.1491064755724394,1.0068614884651514,0.900941873865267,0.9477515845289475,0.0,0.0,1.3674675327338948,1.1830307698365636,1.116917207501109,1.146342333221853,1.5692766371315954,0.0,0.0,0.0,1.644333585209687,1.379320923572741,0.0,0.0,0.0,0.0,0.0,0.0,0.0,1.4177537471296737,0.0,1.5011117907925122,0.0,0.0,0.0,1.2495793383499716,1.2476200875522254,1.0662005435814017,0.0,0.0,1.055506648092043,0.8112645200864382,0.0,1.3949867971814107,0.8538730160746606,0.753082795652694,0.0,0.0,0.0,0.0,0.5359278589903245
0.0,0.0,0.0,0.0,0.0,0.0,0.0,0.0,0.0,0.0,0.0,0.0,0.0,0.0,0.0,0.0,0.0,0.0,0.0,0.0,0.0,0.0,0.0,0.0,0.0,0.0,1.4105691374387601,1.2799552819327003,1.3341673882867684,0.0,1.0819280081346068,1.2101563447423314,1.1024511141354623,1.0291894187200135,1.12699184521165,1.8385257061944875,0.0,1.5050048178195503,1.2363656411976045,1.3776584451641845,1.3228662992865328,1.6896343248428147,0.0,0.0,2.612842469188775,1.6548203766810854,1.6541065724588528,0.0,0.0,0.0,0.0,0.0,0.0,0.0,1.493606841409453,0.0,1.5770279595419696,0.0,0.0,1.1876173596383972,1.411503660177492,1.2815011337347553,1.1157754063730165,0.0,0.959792214988815,1.0865364615522144,1.0924421627515257,0.6931071150728674,1.359943838340878,0.9109270476428222,0.7577134718203016,0.7024364911812893,0.9013258639864135,0.8715689329420748,0.0,0.5807392032647554
0.0,0.0,0.0,0.0,0.0,0.0,0.0,0.0,0.0,0.0,0.0,0.0,0.0,0.0,0.0,0.0,0.0,0.0,0.0,0.0,0.0,0.0,0.0,0.0,0.0,0.0,0.0,1.454498000551481,1.2178168807044714,1.4184407093625262,1.2126952948224423,1.3985469474774126,1.366906145109526,1.3775409355293031,1.4151927832232507,1.3941856191064395,1.466427644659693,0.0,1.524401246486863,2.4064890169940685,1.578153082254117,2.078082295251796,1.601198081553975,0.0,0.0,0.0,0.0,1.417821794811679,0.0,2.1056679804306575,1.195106885377693,1.818557941463088,1.3797304154296948,1.5151559309140483,0.0,1.458895461789241,0.0,1.3220045651787449,2.259627574689468,1.2243814660381873,0.0,0.0,0.0,1.6740210480229156,1.0635798006107056,1.2336398352938056,1.1644500520740386,0.8126212187522315,0.0,0.0,0.8977249286578672,0.7532022740890602,0.9088216884110862,0.9432876835862096,1.38434628860015,0.8378336575281187
0.0,0.0,0.0,0.0,0.0,0.0,0.0,0.0,0.0,0.0,0.0,0.0,0.0,0.0,0.0,0.0,0.0,0.0,0.0,0.0,0.0,0.0,0.0,0.0,0.0,0.0,0.0,0.0,1.4403457663445947,1.317999321730598,1.3614925021758393,1.255535663648352,1.2050550410562404,1.0916473271421698,1.164537994369271,0.9042930330507838,1.0556941841908405,1.8025503988680183,0.5424994566947445,0.0,0.0,0.8961683280415722,1.7542342133031497,0.0,0.0,0.0,0.0,1.8357892009541001,0.0,0.0,1.59740117399078,0.0,1.5179092749217293,0.0,0.0,0.0,0.9005810975012176,0.0,0.0,1.5589052141680675,0.0,0.0,0.0,0.0,1.161409193406349,0.0,0.0,0.9865032190428413,0.0,0.0,0.0,0.8962198080945143,1.2147233204490098,1.036455878044607,0.0,0.0
0.0,0.0,0.0,0.0,0.0,0.0,0.0,0.0,0.0,0.0,0.0,0.0,0.0,0.0,0.0,0.0,0.0,0.0,0.0,0.0,0.0,0.0,0.0,0.0,0.0,0.0,0.0,0.0,0.0,1.4758441440423038,1.1820867286372472,1.3804079693197622,1.2048863317334422,1.380405952943635,1.5019835641484387,1.6616636554295638,1.7469791306703835,0.0,1.467817581954737,0.0,1.576246951466618,0.0,1.1752191675921126,0.0,0.0,0.0,1.3868304092684254,1.8201141028352468,0.0,0.0,1.2395805333873748,0.0,1.3967720538791795,0.0,0.0,0.0,0.0,1.6170729092841334,0.0,1.1458199265228537,0.0,0.0,0.0,0.0,1.060383482667251,1.131881616462022,1.1199599472236903,0.8575620427060735,0.0,0.0,0.8421274157059974,0.7525977213614171,0.9101491021653454,0.8017526782986962,1.3434846020711813,0.8644813953527557
0.0,0.0,0.0,0.0,0.0,0.0,0.0,0.0,0.0,0.0,0.0,0.0,0.0,0.0,0.0,0.0,0.0,0.0,0.0,0.0,0.0,0.0,0.0,0.0,0.0,0.0,0.0,0.0,0.0,0.0,1.1955377110004621,1.374921427673141,0.0,1.3985089676435576,1.549118497113876,0.0,0.0,0.0,0.0,0.0,0.0,0.0,0.0,0.0,0.0,0.0,0.0,0.0,0.0,0.0,0.0,0.0,0.0,0.0,0.0,0.0,0.0,0.0,0.0,0.0,0.0,0.0,0.0,0.0,1.5985922246825168,0.0,0.0,0.8626368346739837,0.0,0.0,0.0,0.7710802147589857,0.0,1.1722919016573097,0.0,0.0
0.18339946723024073,0.0,0.0,0.0,0.0,0.0,0.0,0.0,0.0,0.0,0.0,0.0,0.0,0.0,0.0,0.0,0.0,0.0,0.0,0.0,0.0,0.0,0.0,0.0,0.0,0.0,0.0,0.0,0.0,0.0,0.0,1.3460768272228365,1.2382665712786634,0.8824918424059134,1.017367221465839,1.536384212018487,1.3285776077284221,1.8090531807039922,0.0,1.4901105125491052,0.0,0.0,0.0,0.0,0.0,0.0,1.549718309097077,0.0,0.0,0.0,1.4911044773227053,0.0,0.0,0.0,1.3822247492337725,0.0,1.502471907743595,0.0,0.0,1.194333401965596,1.37561004038699,1.2286866502869267,0.0,0.0,1.045587468158663,0.0,1.167749685993868,0.9718862332857674,2.237777297871514,1.0323555526056787,0.928475423035088,0.8433114841320839,0.0,0.9373140811702361,0.0,0.0
0.0,0.0,0.0,0.0,0.0,0.0,0.0,0.0,0.0,0.0,0.0,0.0,0.0,0.0,0.0,0.0,0.0,0.0,0.0,0.0,0.0,0.0,0.0,0.0,0.0,0.0,0.0,0.0,0.0,0.0,0.0,0.0,0.8154524898885982,0.5664330786381255,0.6551893173082157,0.5450877129161886,0.8103432168986329,1.212929459652821,0.30438269801177503,0.7535712344268459,0.5742686948377501,0.6869705875936696,0.6965281964160084,1.375220446904712,0.90979956230132,0.0,1.1376765400477793,1.415972066809302,0.0,0.0,1.1517786586905598,0.5960944341265413,1.2626737054282748,1.474654674512536,1.6012461926368364,0.0,0.4936156284268388,1.560763954639808,0.0,0.9662077284983741,0.8261010722411912,1.8970078150309324,0.7354709911327358,1.9095342246782536,0.8589119844992279,0.9416501261019998,0.8032136855485605,0.7006415396828766,0.8316713846374528,0.5631652312147093,0.4573572928145962,0.6005859607343191,0.0,0.612565165112217,1.7143424938378415,0.7739217979652702
0.0,0.0,0.0,0.0,0.0,0.0,0.0,0.0,0.0,0.0,0.0,0.0,0.0,0.0,0.0,0.0,0.0,0.0,0.0,0.0,0.0,0.0,0.0,0.0,0.0,0.0,0.0,0.0,0.0,0.0,0.0,0.0,0.0,0.24071094107792967,0.627594857174893,1.3094796561255888,1.0257161923364548,0.7467245843925074,0.6281793424128054,0.6583913519281238,0.9371170238295087,1.015825740791876,0.0,0.0,1.4033855154259862,1.6820922311486433,1.0422435518480757,0.0,0.0,0.0,0.0,0.0,0.0,0.0,1.1426777766062095,0.0,1.2238132853214483,0.0,0.0,1.073641867073352,0.8461368561137089,0.960393698645211,0.7062616454561633,0.0,0.8746210123815673,0.0,0.7338676066065851,0.8144661064677878,1.3199707219446297,0.4302907096918844,0.44003071517420345,0.8054805377720836,0.0,0.9296032594341724,0.0,0.1092485516168841
0.0,0.0,0.0,0.0,0.0,0.0,0.0,0.0,0.0,0.0,0.0,0.0,0.0,0.0,0.0,0.0,0.0,0.0,0.0,0.0,0.0,0.0,0.0,0.0,0.0,0.0,0.0,0.0,0.0,0.0,0.0,0.0,0.0,0.0,0.4234275919470393,0.7389184662189822,0.6657546487054499,0.9558617503054624,0.6900072268801563,0.9992693819537338,0.5114465279064899,0.8099612223597332,0.0,1.9601151113173692,2.0912791365263375,0.0,1.3768948118044249,0.0,0.0,0.0,1.3280538599456455,0.0,0.0,0.0,1.0737132202153619,0.0,0.6033284677246279,0.0,0.0,1.1672240491075754,1.2282150704163681,0.0,1.316545299539281,0.0,1.039849873134559,1.3600944836478872,1.0923821949442778,0.8622755426621163,1.585667688182342,0.8674799496211565,0.7593645296488235,0.7462060818375607,1.1480289912447132,0.8431716146990276,0.0,0.0
0.15325923774371839,0.0,0.0,0.0,0.0,0.0,0.0,0.0,0.0,0.0,0.0,0.0,0.0,0.0,0.0,0.0,0.0,0.0,0.0,0.0,0.0,0.0,0.0,0.0,0.0,0.0,0.0,0.0,0.0,0.0,0.0,0.0,0.0,0.0,0.0,1.3337498970079502,1.2038406839990303,1.0274747977780745,0.7586466808259048,1.2912888042383828,0.8306097991204422,1.1012697375696847,1.1386138225266302,2.2720175751682246,0.0,0.0,1.455625343987312,0.0,0.0,0.0,0.0,0.0,0.0,0.0,0.0,0.0,1.0687722607127275,0.0,0.0,1.3752846188009364,0.0,0.0,0.0,0.0,1.314673313724406,0.0,1.298427013596981,1.15776567159347,0.0,0.0,1.06655549461227,1.125040007104301,0.0,1.417745883294852,0.0,0.0
0.0,0.0,0.0,0.0,0.0,0.0,0.0,0.0,0.0,0.0,0.0,0.0,0.0,0.0,0.0,0.0,0.0,0.0,0.0,0.0,0.0,0.0,0.0,0.0,0.0,0.0,0.0,0.0,0.0,0.0,0.0,0.0,0.0,0.0,0.0,0.0,0.29375622336397567,1.4727145005368247,0.4831439566086412,0.0,0.6367403911372226,1.0802954484816771,0.7118832441238455,2.536932268626342,0.0,0.0,0.0,1.1938673149344547,0.0,1.3592748010589515,1.219770358424231,0.0,0.0,1.4432105174369845,0.0,1.0645902058425927,1.0642388182328295,0.0,0.0,0.0,0.0,0.0,0.0,1.597758917596415,1.1781507314446422,0.0,0.0,0.6042298318079031,0.0,0.0,0.0,0.5164947469064723,0.5220334630188211,1.2492628765149016,0.0,0.0
0.0,0.0,0.0,0.0,0.0,0.0,0.0,0.0,0.0,0.0,0.0,0.0,0.0,0.0,0.0,0.0,0.0,0.0,0.0,0.0,0.0,0.0,0.0,0.0,0.0,0.0,0.0,0.0,0.0,0.0,0.0,0.0,0.0,0.0,0.0,0.0,0.0,1.4885840816031004,0.343031419570692,0.0,0.7569926027142959,0.911493508694817,0.9775121413576922,0.0,0.0,0.0,0.0,0.0,0.0,0.0,0.0,0.0,0.0,0.0,0.0,0.0,0.0,0.0,0.0,0.0,0.0,0.0,0.0,0.0,0.0,0.0,0.0,0.0,0.0,0.0,0.0,0.0,0.0,0.0,0.0,0.0
0.0,0.0,0.0,0.0,0.0,0.0,0.0,0.0,0.0,0.0,0.0,0.0,0.0,0.0,0.0,0.0,0.0,0.0,0.0,0.0,0.0,0.0,0.0,0.0,0.0,0.0,0.0,0.0,0.0,0.0,0.0,0.0,0.0,0.0,0.0,0.0,0.0,0.0,0.49353851249350816,0.8005926781540449,1.2725139804191616,0.0,0.0,0.0,1.7550887699739972,0.0,0.0,0.0,0.0,0.0,0.0,0.0,0.0,0.0,1.2135769911260483,0.0,1.5215289758296084,0.0,0.0,0.0,0.0,0.0,0.0,0.0,0.0,0.0,0.0,0.0,1.1550748524795555,0.9944111215830846,0.7387377471052838,0.0,0.0,0.0,0.0,0.0
0.0,0.0,0.0,0.0,0.0,0.0,0.0,0.0,0.0,0.0,0.0,0.0,0.0,0.0,0.0,0.0,0.0,0.0,0.0,0.0,0.0,0.0,0.0,0.0,0.0,0.0,0.0,0.0,0.0,0.0,0.0,0.0,0.0,0.0,0.0,0.0,0.0,0.0,0.0,0.9678582805459178,0.7042471457658936,0.9692010172533578,0.7076446552848923,1.6002031043875538,1.2051734973495867,1.2464103407339757,1.1272455559977572,1.1102192648254443,2.334917419715138,1.4310689415243165,0.8313228269781088,1.2781562108121842,0.47084583070520514,1.2356475678814642,0.8445960929723806,1.010847765612442,0.5835982838290946,0.9106169362144577,0.728035061101368,0.7463477789899328,1.040234488875123,1.2170482197204349,0.935126290943497,1.083960271895731,0.6765911943677497,0.7093743942701389,0.7133379878775663,0.28108100966818206,0.4922725523430926,0.6090307107253325,0.38773288732907507,0.30976363692805464,0.32405750061872046,0.47691173282506777,0.6487118569717858,0.29852515371007116
0.0,0.0,0.0,0.0,0.0,0.0,0.0,0.0,0.0,0.0,0.0,0.0,0.0,0.0,0.0,0.0,0.0,0.0,0.0,0.0,0.0,0.0,0.0,0.0,0.0,0.0,0.0,0.0,0.0,0.0,0.0,0.0,0.0,0.0,0.0,0.0,0.0,0.0,0.0,0.0,0.36956798682779934,0.9023551970407375,0.8472664344437025,1.9291645475700634,0.7820300428216759,1.2087462438055927,0.8750862474440119,0.0,0.0,2.073228340715447,0.7249381468586713,1.2035309085460966,0.354757357866799,1.2040566836517694,0.6755824813870445,1.2162986861763396,0.45513938072828386,0.7601160365628254,0.0,0.7136257100185176,0.8548059798760264,1.1235447640039093,0.842172659136565,1.5822145350235834,0.5988024651533377,0.6119834449723137,0.5650054001327683,0.35120324751466164,0.43048187786414116,0.47682136809858366,0.2992569067330961,0.0,0.3045332826968815,0.3621911954382449,0.750426340777535,0.0
0.0,0.0,0.0,0.0,0.0,0.0,0.0,0.0,0.0,0.0,0.0,0.0,0.0,0.0,0.0,0.0,0.0,0.0,0.0,0.0,0.0,0.0,0.0,0.0,0.0,0.0,0.0,0.0,0.0,0.0,0.0,0.0,0.0,0.0,0.0,0.0,0.0,0.0,0.0,0.0,0.0,0.623038772016542,0.7288217080284105,1.4181314950258819,0.8149856872869854,1.0767035046090474,0.9677185936716823,1.2259719176608574,1.9813011111373828,1.5401874264346047,0.918871897604137,1.3716471388012015,1.0466020567107195,1.29725129973276,0.5320872021715007,1.2799864707709665,0.4866164024503268,0.9370146598420155,1.2110879123297271,0.7811643483394162,0.9899752915190325,0.9762925378458146,0.8039336779135681,1.1807352002362828,0.6389128720522091,0.6783840589915331,0.6704322115722733,0.478115284632063,0.4827712782571932,0.45291726598794513,0.27181580161166474,0.3944957798892534,0.0,0.4303597355770874,0.768708976692751,0.0
0.0,0.0,0.0,0.0,0.0,0.0,0.0,0.0,0.0,0.0,0.0,0.0,0.0,0.0,0.0,0.0,0.0,0.0,0.0,0.0,0.0,0.0,0.0,0.0,0.0,0.0,0.0,0.0,0.0,0.0,0.0,0.0,0.0,0.0,0.0,0.0,0.0,0.0,0.0,0.0,0.0,0.0,1.0881365628363602,1.7350002045415833,1.2685118088227334,1.2407127473127562,1.1538895178272193,1.2342550314086156,2.8405951767416435,1.7733699236865255,0.9066208406376544,1.521213740799508,1.1780451424186884,1.230004544432411,0.571951548037911,1.276975502038629,0.5856383924909528,1.010562208047857,0.0,0.7966615761222671,1.0031127789964898,0.9335836121700486,0.8380951431360691,1.2820219744224643,0.6338074889292458,0.7734160060990313,0.7320809001500378,0.4401931270327673,0.18731939786004698,0.536508365534158,0.3541610324626294,0.3728199153799788,0.11800898878395476,0.43828665347228546,0.9831584254463777,0.0
0.0,0.0,0.0,0.0,0.0,0.0,0.0,0.0,0.0,0.0,0.0,0.0,0.0,0.0,0.0,0.0,0.0,0.0,0.0,0.0,0.0,0.0,0.0,0.0,0.0,0.0,0.0,0.0,0.0,0.0,0.0,0.0,0.0,0.0,0.0,0.0,0.0,0.0,0.0,0.0,0.0,0.0,0.0,1.1188675444652052,1.8175882166835517,0.0,0.0,1.148695759558191,1.1876980428342987,0.7234178493830079,0.8630837503731096,0.973953036228324,0.534673446403237,1.2627880878378301,1.180988374423515,0.7459546858260677,1.4893994261961838,0.7455133330962233,0.33857020865576215,0.9310721667583081,0.0,1.8491273094703704,0.0,0.9159058348272567,0.5670916791191319,0.9328420191003709,0.7778296718949543,0.15467086389474655,1.6107077063419837,0.8895914787510313,0.5417227751591885,0.2793572221973305,0.0,0.6354002514094952,0.0,0.14464336439108938
0.0,0.0,0.0,0.0,0.0,0.0,0.0,0.0,0.0,0.0,0.0,0.0,0.0,0.0,0.0,0.0,0.0,0.0,0.0,0.0,0.0,0.0,0.0,0.0,0.0,0.0,0.0,0.0,0.0,0.0,0.0,0.0,0.0,0.0,0.0,0.0,0.0,0.0,0.0,0.0,0.0,0.0,0.0,0.0,1.9738004252519108,0.0,0.0,1.028029701374281,1.3818915696768288,0.5225786504722905,0.8626548002806064,0.8196840459125182,0.0,1.196362862970967,1.0110110512128099,1.1359171309515272,0.9219122150368756,0.6983444145973936,0.17940403555012238,0.0,0.0,0.0,0.0,1.0651948836159453,0.0,0.0,0.0,0.35096122314944445,0.0,0.0,0.0,0.3346422891322973,0.0,0.5403061286335189,0.0,0.0
0.0,0.0,0.0,0.0,0.0,0.0,0.0,0.0,0.0,0.0,0.0,0.0,0.0,0.0,0.0,0.0,0.0,0.0,0.0,0.0,0.0,0.0,0.0,0.0,0.0,0.0,0.0,0.0,0.0,0.0,0.0,0.0,0.0,0.0,0.0,0.0,0.0,0.0,0.0,0.0,0.0,0.0,0.0,0.0,0.0,1.3796381932874573,0.0,0.0,0.0,1.6033140226646272,0.0,1.2835723324437522,0.0,1.2644338432103168,0.5094860620321617,1.094055567047099,0.49729437512419217,0.7569015574478588,0.0,0.0,0.0,0.6838487294681029,0.0,0.0,0.0,0.0,0.0,0.0,0.5345088093016985,0.3144913671841907,0.0,0.0,0.0,0.0,0.0,0.0
0.0,0.0,0.0,0.0,0.0,0.0,0.0,0.0,0.0,0.0,0.0,0.0,0.0,0.0,0.0,0.0,0.0,0.0,0.0,0.0,0.0,0.0,0.0,0.0,0.0,0.0,0.0,0.0,0.0,0.0,0.0,0.0,0.0,0.0,0.0,0.0,0.0,0.0,0.0,0.0,0.0,0.0,0.0,0.0,0.0,0.0,1.013774380941612,0.0,0.0,0.0,0.9279207146289107,0.0,1.0358386309975898,0.0,0.9287282798749167,0.0,1.0072476246683209,1.355799435298288,0.0,0.6809392380090622,0.8648085793629726,0.0,0.7874545121336033,0.0,0.0,0.6712336737945411,0.5753085916321427,0.5225142475263964,1.0655455117500718,0.4849920493828207,0.3565809949400429,0.3415884633464683,1.061816260114144,0.476991359722727,0.0,0.18774221905225372
0.0,0.0,0.0,0.0,0.0,0.0,0.0,0.0,0.0,0.0,0.0,0.0,0.0,0.0,0.0,0.0,0.0,0.0,0.0,0.0,0.0,0.0,0.0,0.0,0.0,0.0,0.0,0.0,0.0,0.0,0.0,0.0,0.0,0.0,0.0,0.0,0.0,0.0,0.0,0.0,0.0,0.0,0.0,0.0,0.0,0.0,0.0,0.0,0.0,0.0,0.7987224251729703,1.2641396985435975,1.389090231367471,1.2615709836414757,0.9327926022681912,0.0,0.0,0.9292416671247867,0.0,0.760076099306873,0.9499031391805448,0.0,0.8386144843970766,0.0,0.616491722689704,0.7077033855307947,0.6632441562326963,0.40954029810480996,0.0,0.5004302399413989,0.4599187936856569,0.3357357609713917,0.48773760399777555,0.4899786883160877,0.0,0.14408813029994913
0.0,0.0,0.0,0.0,0.0,0.0,0.0,0.0,0.0,0.0,0.0,0.0,0.0,0.0,0.0,0.0,0.0,0.0,0.0,0.0,0.0,0.0,0.0,0.0,0.0,0.0,0.0,0.0,0.0,0.0,0.0,0.0,0.0,0.0,0.0,0.0,0.0,0.0,0.0,0.0,0.0,0.0,0.0,0.0,0.0,0.0,0.0,0.0,4.5459822141704525,1.6441651032279059,1.0720935309959263,1.4830493086770853,1.2357044829104147,0.8592248168782619,0.0,0.6874188623053772,0.0,1.2181955127331792,1.2898964074577295,0.0,0.0,0.0,0.0,0.4765328603098748,0.0,0.0,0.0,0.0,0.0,0.0,0.9642101399509322,0.0,0.7533769408231921,0.9619210986432021,0.0,0.6744505567712997
0.0,0.0,0.0,0.0,0.0,0.0,0.0,0.0,0.0,0.0,0.0,0.0,0.0,0.0,0.0,0.0,0.0,0.0,0.0,0.0,0.0,0.0,0.0,0.0,0.0,0.0,0.0,0.0,0.0,0.0,0.0,0.0,0.0,0.0,0.0,0.0,0.0,0.0,0.0,0.0,0.0,0.0,0.0,0.0,0.0,0.0,0.0,0.0,0.0,0.8299712150334864,0.885459127856491,1.056122179597661,0.0,1.1498971222585512,0.0,1.0727405290454093,0.0,0.7183808174188839,0.22658255031577884,0.0,0.0,0.0,0.0,1.1781915858126133,0.0,0.0,0.0,0.2298911372770766,0.0,0.0,0.0,0.42932505408935945,0.0,0.0,0.0,0.0
0.0,0.0,0.0,0.0,0.0,0.0,0.0,0.0,0.0,0.0,0.0,0.0,0.0,0.0,0.0,0.0,0.0,0.0,0.0,0.0,0.0,0.0,0.0,0.0,0.0,0.0,0.0,0.0,0.0,0.0,0.0,0.0,0.0,0.0,0.0,0.0,0.0,0.0,0.0,0.0,0.0,0.0,0.0,0.0,0.0,0.0,0.0,0.0,0.0,0.0,0.9186389691888486,1.2287752584488063,0.6954829712300915,1.1752953800876356,1.4973304077926874,1.0630631687912437,0.0,0.9916809354452512,0.7016214007655622,0.0,0.0,0.0,0.0,0.8479843587742653,0.0,0.0,0.0,0.32823310406509265,0.0,0.0,0.0,0.4544834380592976,0.33913566524786876,0.0,0.0,0.6202456885464228
0.0,0.0,0.0,0.0,0.0,0.0,0.0,0.0,0.0,0.0,0.0,0.0,0.0,0.0,0.0,0.0,0.0,0.0,0.0,0.0,0.0,0.0,0.0,0.0,0.0,0.0,0.0,0.0,0.0,0.0,0.0,0.0,0.0,0.0,0.0,0.0,0.0,0.0,0.0,0.0,0.0,0.0,0.0,0.0,0.0,0.0,0.0,0.0,0.0,0.0,0.0,1.2719818783672037,0.9133172983163069,0.7488884983047849,1.327175628226785,1.0511020676063638,0.0,0.8893182396782454,1.1921768454874233,0.7451056016347244,1.2086661107080858,1.3470149759317782,1.0605329181765748,1.0125111142247603,0.8061716876598441,0.8308852740567344,0.8859981469438246,0.36492242266624386,0.0,0.6771703676086273,0.45420147813506856,0.0,0.31739615127168636,0.3290034095155852,0.882530008192981,0.4653126969166705
0.0,0.0,0.0,0.0,0.0,0.0,0.0,0.0,0.0,0.0,0.0,0.0,0.0,0.0,0.0,0.0,0.0,0.0,0.0,0.0,0.0,0.0,0.0,0.0,0.0,0.0,0.0,0.0,0.0,0.0,0.0,0.0,0.0,0.0,0.0,0.0,0.0,0.0,0.0,0.0,0.0,0.0,0.0,0.0,0.0,0.0,0.0,0.0,0.0,0.0,0.0,0.0,1.0054461229110194,1.0542751305093654,1.2485911751518688,1.1766788584860144,0.0,0.8272884338979711,0.9110466669889562,0.0,1.1607196874773622,0.0,1.2266835681546857,1.1049837059534562,0.8090882948517499,0.0,0.8617488839435566,0.40836052633886655,0.0,0.6386001082858027,0.46665101182373814,0.39646698138262937,0.3932760702319513,0.4619603569859063,0.0,0.44750417519014996
0.0,0.0,0.0,0.0,0.0,0.0,0.0,0.0,0.0,0.0,0.0,0.0,0.0,0.0,0.0,0.0,0.0,0.0,0.0,0.0,0.0,0.0,0.0,0.0,0.0,0.0,0.0,0.0,0.0,0.0,0.0,0.0,0.0,0.0,0.0,0.0,0.0,0.0,0.0,0.0,0.0,0.0,0.0,0.0,0.0,0.0,0.0,0.0,0.0,0.0,0.0,0.0,0.0,1.4899918638680694,0.0,0.7707234117671924,0.0,1.0713306694681743,0.9435492225193237,0.0,1.4907088484988824,0.0,1.285407321727147,1.4060084368254584,1.2579171657549408,0.7804069598803457,0.0,0.27497641131322437,1.4453516019335297,0.9079774692450849,0.7649285420407307,0.5418192924212037,0.6308015662489321,0.5174377309809852,1.1286806901909827,0.5655726426432817
0.0,0.0,0.0,0.0,0.0,0.0,0.0,0.0,0.0,0.0,0.0,0.0,0.0,0.0,0.0,0.0,0.0,0.0,0.0,0.0,0.0,0.0,0.0,0.0,0.0,0.0,0.0,0.0,0.0,0.0,0.0,0.0,0.0,0.0,0.0,0.0,0.0,0.0,0.0,0.0,0.0,0.0,0.0,0.0,0.0,0.0,0.0,0.0,0.0,0.0,0.0,0.0,0.0,0.0,1.3776707008792126,0.9310208079824066,0.0,1.0710484744912894,1.2983689165415149,0.0,0.0,0.0,0.0,0.4310187209420129,1.3637401527762025,0.0,1.3777204316899403,0.43194268097644506,0.0,0.6643585461358452,0.7089710337801944,0.0,0.6767804533406434,0.5026863509979681,1.322491205617394,0.6344857682563051
0.0,0.0,0.0,0.0,0.0,0.0,0.0,0.0,0.0,0.0,0.0,0.0,0.0,0.0,0.0,0.0,0.0,0.0,0.0,0.0,0.0,0.0,0.0,0.0,0.0,0.0,0.0,0.0,0.0,0.0,0.0,0.0,0.0,0.0,0.0,0.0,0.0,0.0,0.0,0.0,0.0,0.0,0.0,0.0,0.0,0.0,0.0,0.0,0.0,0.0,0.0,0.0,0.0,0.0,0.0,1.2201779519195677,0.7142621866374077,0.9614660127595367,1.6915900050503496,0.0,0.9774293038803286,0.898164382382683,0.8685963893178823,1.2701699566672966,0.5671881176748887,0.0,0.5418143424198213,0.0,0.885883401553482,0.49228039843938187,0.3304147354118008,0.36630321365300733,0.47780251600129786,0.4772272516201297,0.0,0.37677471788001815
0.0,0.0,0.0,0.0,0.0,0.0,0.0,0.0,0.0,0.0,0.0,0.0,0.0,0.0,0.0,0.0,0.0,0.0,0.0,0.0,0.0,0.0,0.0,0.0,0.0,0.0,0.0,0.0,0.0,0.0,0.0,0.0,0.0,0.0,0.0,0.0,0.0,0.0,0.0,0.0,0.0,0.0,0.0,0.0,0.0,0.0,0.0,0.0,0.0,0.0,0.0,0.0,0.0,0.0,0.0,0.0,1.6513152454582918,1.16983647114425,0.7705887119087562,0.0,0.0,1.7948957724970318,0.0,0.22659026668208548,0.0,0.0,0.0,0.0,0.0,1.1322546803808482,0.0,0.36540548828819497,0.6818573985514812,0.0,0.0,0.708418676759895
0.0,0.0,0.0,0.0,0.0,0.0,0.0,0.0,0.0,0.0,0.0,0.0,0.0,0.0,0.0,0.0,0.0,0.0,0.0,0.0,0.0,0.0,0.0,0.0,0.0,0.0,0.0,0.0,0.0,0.0,0.0,0.0,0.0,0.0,0.0,0.0,0.0,0.0,0.0,0.0,0.0,0.0,0.0,0.0,0.0,0.0,0.0,0.0,0.0,0.0,0.0,0.0,0.0,0.0,0.0,0.0,0.0,1.0169782786735917,0.0,0.0,0.0,1.2606018594592119,0.9657304691949635,0.0,0.0,0.0,0.0,0.0,0.9119557641916238,0.6547497068934183,0.0,0.0,0.6026831625502307,0.0,0.0,0.32286576963045527
0.0,0.0,0.0,0.0,0.0,0.0,0.0,0.0,0.0,0.0,0.0,0.0,0.0,0.0,0.0,0.0,0.0,0.0,0.0,0.0,0.0,0.0,0.0,0.0,0.0,0.0,0.0,0.0,0.0,0.0,0.0,0.0,0.0,0.0,0.0,0.0,0.0,0.0,0.0,0.0,0.0,0.0,0.0,0.0,0.0,0.0,0.0,0.0,0.0,0.0,0.0,0.0,0.0,0.0,0.0,0.0,0.0,0.0,1.0022017252550561,0.0,1.1577570330048035,1.2177623606872943,1.0560057711110955,1.118094036185041,0.7665790792974159,1.069480607023903,0.8398841991809068,0.4309235093915261,0.9291748022866918,0.723669743633035,0.47903353521496395,0.4086332780312689,0.3541900889164882,0.4377241242382398,0.9046584206688398,0.36318158468423245
0.0,0.0,0.0,0.0,0.0,0.0,0.0,0.0,0.0,0.0,0.0,0.0,0.0,0.0,0.0,0.0,0.0,0.0,0.0,0.0,0.0,0.0,0.0,0.0,0.0,0.0,0.0,0.0,0.0,0.0,0.0,0.0,0.0,0.0,0.0,0.0,0.0,0.0,0.0,0.0,0.0,0.0,0.0,0.0,0.0,0.0,0.0,0.0,0.0,0.0,0.0,0.0,0.0,0.0,0.0,0.0,0.0,0.0,0.0,0.0,0.0,0.0,0.0,0.9963641665398764,0.0,1.4769817078060519,0.0,0.28814564537443493,0.0,0.0,1.4804879433513005,0.627978520201028,0.0,0.0,0.0,0.9803693239821762
0.0,0.0,0.0,0.0,0.0,0.0,0.0,0.0,0.0,0.0,0.0,0.0,0.0,0.0,0.0,0.0,0.0,0.0,0.0,0.0,0.0,0.0,0.0,0.0,0.0,0.0,0.0,0.0,0.0,0.0,0.0,0.0,0.0,0.0,0.0,0.0,0.0,0.0,0.0,0.0,0.0,0.0,0.0,0.0,0.0,0.0,0.0,0.0,0.0,0.0,0.0,0.0,0.0,0.0,0.0,0.0,0.0,0.0,0.0,0.0,1.07229538388255,0.0,0.0,0.0,0.5608157087538194,0.7458280390614711,0.7286542640991305,0.0,0.0,0.6501608774297979,0.3083814208542449,0.0,0.67999106642986,0.5278170108452267,0.0,0.4139161053097886
0.0,0.0,0.0,0.0,0.0,0.0,0.0,0.0,0.0,0.0,0.0,0.0,0.0,0.0,0.0,0.0,0.0,0.0,0.0,0.0,0.0,0.0,0.0,0.0,0.0,0.0,0.0,0.0,0.0,0.0,0.0,0.0,0.0,0.0,0.0,0.0,0.0,0.0,0.0,0.0,0.0,0.0,0.0,0.0,0.0,0.0,0.0,0.0,0.0,0.0,0.0,0.0,0.0,0.0,0.0,0.0,0.0,0.0,0.0,0.0,0.0,1.057047757252925,0.6961968945866773,0.0,0.5646549929162535,0.6031817556340628,0.5997434064947873,0.40301410342066457,0.0,0.5331292854266749,0.3591720855348447,0.3732839469908368,0.5090743800220306,0.5486159782921627,0.0,0.3357870483932588
0.0,0.0,0.0,0.0,0.0,0.0,0.0,0.0,0.0,0.0,0.0,0.0,0.0,0.0,0.0,0.0,0.0,0.0,0.0,0.0,0.0,0.0,0.0,0.0,0.0,0.0,0.0,0.0,0.0,0.0,0.0,0.0,0.0,0.0,0.0,0.0,0.0,0.0,0.0,0.0,0.0,0.0,0.0,0.0,0.0,0.0,0.0,0.0,0.0,0.0,0.0,0.0,0.0,0.0,0.0,0.0,0.0,0.0,0.0,0.0,0.0,0.0,0.9484350551312206,0.0,0.6931967995209176,0.0,0.7628019139698015,0.0,0.9976234827831991,0.6746198330891888,0.3855471757202304,0.0,0.5749032165694492,0.5466560548801336,0.0,0.4846636975759084
0.0,0.0,0.0,0.0,0.0,0.0,0.0,0.0,0.0,0.0,0.0,0.0,0.0,0.0,0.0,0.0,0.0,0.0,0.0,0.0,0.0,0.0,0.0,0.0,0.0,0.0,0.0,0.0,0.0,0.0,0.0,0.0,0.0,0.0,0.0,0.0,0.0,0.0,0.0,0.0,0.0,0.0,0.0,0.0,0.0,0.0,0.0,0.0,0.0,0.0,0.0,0.0,0.0,0.0,0.0,0.0,0.0,0.0,0.0,0.0,0.0,0.0,0.0,0.0,0.585762018950807,0.7545972175145741,0.7016211408079955,0.4101725360700755,0.8411904002973072,0.5735725820233724,0.3919283473564695,0.34222963588144534,0.5172554329352816,0.5943062897093347,0.0,0.28241149975538243
0.0,0.0,0.0,0.0,0.0,0.0,0.0,0.0,0.0,0.0,0.0,0.0,0.0,0.0,0.0,0.0,0.0,0.0,0.0,0.0,0.0,0.0,0.0,0.0,0.0,0.0,0.0,0.0,0.0,0.0,0.0,0.0,0.0,0.0,0.0,0.0,0.0,0.0,0.0,0.0,0.0,0.0,0.0,0.0,0.0,0.0,0.0,0.0,0.0,0.0,0.0,0.0,0.0,0.0,0.0,0.0,0.0,0.0,0.0,0.0,0.0,0.0,0.0,0.0,0.0,0.0,0.0,0.0,0.0,0.0,0.0,0.0,0.7337375730597633,0.0,0.0,0.6698918065130601
0.0,0.0,0.0,0.0,0.0,0.0,0.0,0.0,0.0,0.0,0.0,0.0,0.0,0.0,0.0,0.0,0.0,0.0,0.0,0.0,0.0,0.0,0.0,0.0,0.0,0.0,0.0,0.0,0.0,0.0,0.0,0.0,0.0,0.0,0.0,0.0,0.0,0.0,0.0,0.0,0.0,0.0,0.0,0.0,0.0,0.0,0.0,0.0,0.0,0.0,0.0,0.0,0.0,0.0,0.0,0.0,0.0,0.0,0.0,0.0,0.0,0.0,0.0,0.0,0.0,0.8599147920580623,0.7141497473720637,0.0,0.0,0.6550937992094374,0.5641345958756199,0.0,0.573213653857674,0.42642651647621405,1.0234329140021152,0.33381007431248305
0.0,0.0,0.0,0.0,0.0,0.0,0.0,0.0,0.0,0.0,0.0,0.0,0.0,0.0,0.0,0.0,0.0,0.0,0.0,0.0,0.0,0.0,0.0,0.0,0.0,0.0,0.0,0.0,0.0,0.0,0.0,0.0,0.0,0.0,0.0,0.0,0.0,0.0,0.0,0.0,0.0,0.0,0.0,0.0,0.0,0.0,0.0,0.0,0.0,0.0,0.0,0.0,0.0,0.0,0.0,0.0,0.0,0.0,0.0,0.0,0.0,0.0,0.0,0.0,0.0,0.0,0.785718117180679,0.42790893817103115,1.3163052390741732,0.5771598878292429,0.40689381246262635,0.4299093197942464,0.5159993911770376,0.4807713464181972,1.2672280728242775,0.35656310748630393
0.0,0.0,0.0,0.0,0.0,0.0,0.0,0.0,0.0,0.0,0.0,0.0,0.0,0.0,0.0,0.0,0.0,0.0,0.0,0.0,0.0,0.0,0.0,0.0,0.0,0.0,0.0,0.0,0.0,0.0,0.0,0.0,0.0,0.0,0.0,0.0,0.0,0.0,0.0,0.0,0.0,0.0,0.0,0.0,0.0,0.0,0.0,0.0,0.0,0.0,0.0,0.0,0.0,0.0,0.0,0.0,0.0,0.0,0.0,0.0,0.0,0.0,0.0,0.0,0.0,0.0,0.0,0.5309060103454275,0.0,0.7349213072258933,0.5520449407742174,0.5264354721090074,0.6497278573259608,0.5363284206201038,0.0,0.32855890212951416
0.0,0.0,0.0,0.0,0.0,0.0,0.0,0.0,0.0,0.0,0.0,0.0,0.0,0.0,0.0,0.0,0.0,0.0,0.0,0.0,0.0,0.0,0.0,0.0,0.0,0.0,0.0,0.0,0.0,0.0,0.0,0.0,0.0,0.0,0.0,0.0,0.0,0.0,0.0,0.0,0.0,0.0,0.0,0.0,0.0,0.0,0.0,0.0,0.0,0.0,0.0,0.0,0.0,0.0,0.0,0.0,0.0,0.0,0.0,0.0,0.0,0.0,0.0,0.0,0.0,0.0,0.0,0.0,1.451699120785454,0.7785197983874308,0.5990236501889596,0.0,0.5812429930840408,0.5403840966236282,0.9592845017954204,0.5294516296243552
0.0,0.0,0.0,0.0,0.0,0.0,0.0,0.0,0.0,0.0,0.0,0.0,0.0,0.0,0.0,0.0,0.0,0.0,0.0,0.0,0.0,0.0,0.0,0.0,0.0,0.0,0.0,0.0,0.0,0.0,0.0,0.0,0.0,0.0,0.0,0.0,0.0,0.0,0.0,0.0,0.0,0.0,0.0,0.0,0.0,0.0,0.0,0.0,0.0,0.0,0.0,0.0,0.0,0.0,0.0,0.0,0.0,0.0,0.0,0.0,0.0,0.0,0.0,0.0,0.0,0.0,0.0,0.0,0.0,0.667133593603583,0.4401300602030611,0.0,0.6265756779221131,0.0,0.0,0.3515269344107309
0.0,0.0,0.0,0.0,0.0,0.0,0.0,0.0,0.0,0.0,0.0,0.0,0.0,0.0,0.0,0.0,0.0,0.0,0.0,0.0,0.0,0.0,0.0,0.0,0.0,0.0,0.0,0.0,0.0,0.0,0.0,0.0,0.0,0.0,0.0,0.0,0.0,0.0,0.0,0.0,0.0,0.0,0.0,0.0,0.0,0.0,0.0,0.0,0.0,0.0,0.0,0.0,0.0,0.0,0.0,0.0,0.0,0.0,0.0,0.0,0.0,0.0,0.0,0.0,0.0,0.0,0.0,0.0,0.0,0.0,0.45320542434791977,0.33302514475704115,0.5876704822328039,0.6313482374771052,0.0,0.37827195616022047
0.0,0.0,0.0,0.0,0.0,0.0,0.0,0.0,0.0,0.0,0.0,0.0,0.0,0.0,0.0,0.0,0.0,0.0,0.0,0.0,0.0,0.0,0.0,0.0,0.0,0.0,0.0,0.0,0.0,0.0,0.0,0.0,0.0,0.0,0.0,0.0,0.0,0.0,0.0,0.0,0.0,0.0,0.0,0.0,0.0,0.0,0.0,0.0,0.0,0.0,0.0,0.0,0.0,0.0,0.0,0.0,0.0,0.0,0.0,0.0,0.0,0.0,0.0,0.0,0.0,0.0,0.0,0.0,0.0,0.0,0.0,0.5650982944976097,0.6314491528522133,0.6261659487492157,0.0,0.40992637256341036
0.0,0.0,0.0,0.0,0.0,0.0,0.0,0.0,0.0,0.0,0.0,0.0,0.0,0.0,0.0,0.0,0.0,0.0,0.0,0.0,0.0,0.0,0.0,0.0,0.0,0.0,0.0,0.0,0.0,0.0,0.0,0.0,0.0,0.0,0.0,0.0,0.0,0.0,0.0,0.0,0.0,0.0,0.0,0.0,0.0,0.0,0.0,0.0,0.0,0.0,0.0,0.0,0.0,0.0,0.0,0.0,0.0,0.0,0.0,0.0,0.0,0.0,0.0,0.0,0.0,0.0,0.0,0.0,0.0,0.0,0.0,0.0,0.6376826222680685,0.659204460016726,1.0429042465711802,0.5602731626010982
0.0,0.0,0.0,0.0,0.0,0.0,0.0,0.0,0.0,0.0,0.0,0.0,0.0,0.0,0.0,0.0,0.0,0.0,0.0,0.0,0.0,0.0,0.0,0.0,0.0,0.0,0.0,0.0,0.0,0.0,0.0,0.0,0.0,0.0,0.0,0.0,0.0,0.0,0.0,0.0,0.0,0.0,0.0,0.0,0.0,0.0,0.0,0.0,0.0,0.0,0.0,0.0,0.0,0.0,0.0,0.0,0.0,0.0,0.0,0.0,0.0,0.0,0.0,0.0,0.0,0.0,0.0,0.0,0.0,0.0,0.0,0.0,0.0,0.47812037312311206,0.9302427396955729,0.43404765585980953
0.0,0.0,0.0,0.0,0.0,0.0,0.0,0.0,0.0,0.0,0.0,0.0,0.0,0.0,0.0,0.0,0.0,0.0,0.0,0.0,0.0,0.0,0.0,0.0,0.0,0.0,0.0,0.0,0.0,0.0,0.0,0.0,0.0,0.0,0.0,0.0,0.0,0.0,0.0,0.0,0.0,0.0,0.0,0.0,0.0,0.0,0.0,0.0,0.0,0.0,0.0,0.0,0.0,0.0,0.0,0.0,0.0,0.0,0.0,0.0,0.0,0.0,0.0,0.0,0.0,0.0,0.0,0.0,0.0,0.0,0.0,0.0,0.0,0.0,0.8437099644914693,0.41984796133231805
0.0,0.0,0.0,0.0,0.0,0.0,0.0,0.0,0.0,0.0,0.0,0.0,0.0,0.0,0.0,0.0,0.0,0.0,0.0,0.0,0.0,0.0,0.0,0.0,0.0,0.0,0.0,0.0,0.0,0.0,0.0,0.0,0.0,0.0,0.0,0.0,0.0,0.0,0.0,0.0,0.0,0.0,0.0,0.0,0.0,0.0,0.0,0.0,0.0,0.0,0.0,0.0,0.0,0.0,0.0,0.0,0.0,0.0,0.0,0.0,0.0,0.0,0.0,0.0,0.0,0.0,0.0,0.0,0.0,0.0,0.0,0.0,0.0,0.0,0.0,0.0
0.0,0.0,0.0,0.0,0.0,0.0,0.0,0.0,0.0,0.0,0.0,0.0,0.0,0.0,0.0,0.0,0.0,0.0,0.0,0.0,0.0,0.0,0.0,0.0,0.0,0.0,0.0,0.0,0.0,0.0,0.0,0.0,0.0,0.0,0.0,0.0,0.0,0.0,0.0,0.0,0.0,0.0,0.0,0.0,0.0,0.0,0.0,0.0,0.0,0.0,0.0,0.0,0.0,0.0,0.0,0.0,0.0,0.0,0.0,0.0,0.0,0.0,0.0,0.0,0.0,0.0,0.0,0.0,0.0,0.0,0.0,0.0,0.0,0.0,0.0,0.0
