0.0,9.991515933732734,0.0,0.0,0.0,0.0,0.0,0.0,0.0,0.0,0.0,0.0,0.0,0.0,1.3783814286117713,1.1018239221567416,4.182915343398521,2.20728283732144,0.0,0.4149548010718566,1.1214164388481689,2.7391609724038632,0.0,0.0,0.5463625954505148,1.0728433714243655,0.12260312012244906,0.25493554470330404,0.0,0.0,2.170818732158348,0.0,1.871488207086556,0.0,1.3902789595846858,0.0,0.0,0.0,0.47022273804490944,0.0,0.0,0.5398958324757209,0.0,1.434044786330733,0.8885192979360935,3.149685537327712,0.7896884489249903,0.2842300118992582,0.0,0.9872673440144,0.0,0.0,0.0,1.7073911403397575,0.0,0.957676026166101,0.0,0.0,0.0,0.8855770153850195,2.4052926201148415,0.0,1.5390859287194023,0.0,0.6263136897675894,0.858428952417959,0.8167248529260491,0.0,1.382007654177067,1.3937249397345628,0.8118983564492507,0.0,0.0,1.104744458230629,0.2526856068063605,2.3497226248549206
0.0,0.0,5.156523193183758,0.0,0.0,3.2950725667635528,0.0,1.870344586985538,0.0,0.48684298002178755,0.0,2.900917036301457,1.4251884153527752,1.1039326484453493,2.544089183192033,0.0,2.6920003357188143,0.46870170701464203,1.6374283180351996,1.883811030361573,2.137797480725612,1.4484260553216823,1.9250616322895353,0.0,1.2300484064425614,1.9193727259993183,1.5087899242000649,1.4332818795262745,1.4247012042772473,0.0,0.0,0.0,0.22734091321203875,0.0,0.0,0.0,0.0,0.0,0.0,0.7576304638671221,0.0,0.0,0.0,0.0,0.0,0.6758700067627703,1.61322088979499,0.0,0.0,0.0,1.5777142010808574,0.0,0.5182990586242081,1.2030128892541452,0.5444537439480676,0.0,0.0,0.0,0.0,1.1776213396590294,0.0,0.6890256272468466,0.0,0.0,0.8352985749019138,0.0,0.8063608536337495,1.0203624920719905,0.0,0.9153472441844546,1.0702369989090674,0.8012747844151821,0.0,0.2908489467501033,0.0,0.0
0.790769179527841,0.633542520978826,0.0,0.0,0.4096025325186445,2.547025134419314,0.0,2.6889548518171305,2.8246934854681713,0.0,5.3493919678371284,2.379430565121223,0.0,1.3991704468318718,1.2123956108070835,0.0,0.0,0.0,5.225080691541916,0.7078533108883749,0.0,0.6752073473859745,1.3367357343555097,0.0,0.7217490663578002,0.6509977573051433,1.70211373573592,0.67863733085944,0.0,0.0,0.0,0.0,0.0,0.0,0.0,0.0,0.0,0.29621244445473877,0.0,0.0,0.0,0.0,0.0,0.0,0.0,0.0,0.5849733954673507,2.4826194873177054,0.0,3.672424927697294,1.1800906950662424,0.8928650977076598,1.8769711814984147,1.5838369221470643,0.0,4.6472641093998055,0.8322715971412266,0.7729569457650763,0.0,0.37070036338440326,0.0,0.0,0.0,2.8043798527379797,0.7551448415948339,0.0,0.0,0.571262117989921,0.7063084553349053,0.0,0.0,1.190106630460654,0.0,0.0,0.0,0.0
0.0,0.0,0.0,0.0,0.0,0.0,0.0,0.0,0.0,0.0,0.0,0.86555546901,0.0,2.9445226763550836,0.0,0.0,0.0,0.0,0.0,0.0,0.0,0.0,0.0,0.0,0.0,0.0,0.0,0.4562559333461604,0.0,1.370487627211133,0.0,0.0,0.0,0.0,0.0,1.5768483512857756,0.0,0.0,0.0,0.0,0.0,0.0,0.0,0.0,0.0,0.0,0.0,0.0,1.2226702456702279,0.0,0.0,0.0,0.0,0.0,0.0,0.0,0.0,0.0,0.8785758697218087,0.0,0.0,0.0,0.0,0.0,0.0,0.0,0.0,0.0,0.0,0.0,0.0,0.0,0.0,0.0,0.0,0.0
1.4313632199472264,0.0,0.0,0.0,0.0,0.0,4.100265938876292,0.0,0.0,0.0,2.835612097556007,0.0,0.0,0.0,0.0,2.85590848790359,0.0,0.17868519068902539,0.0,0.0,0.0,0.0,0.0,0.0,0.0,0.0,0.0,0.0,0.0,0.0,0.12933498723006548,0.0,0.0,0.0,0.0,0.6154836549943544,2.793040052911387,0.47740270419182823,0.0,0.0,0.0,0.0,0.0,2.985888885556233,2.3528776207365407,0.0,0.0,0.0,0.0,0.0,0.0,0.0,0.0,0.0,0.0,0.0,0.0,0.0,0.0,0.0,1.5900566604967796,0.0,0.0,0.3205619240302625,0.0,0.0,0.0,0.0,0.0,0.0,0.0,0.0,0.0,0.0,0.0,0.0
0.0,0.0,0.0,0.0,0.0,0.0,0.0,3.4246108333488383,3.3291542773858556,4.149009696968064,0.0,3.109150117005868,3.568272659723687,0.0,1.9516841952724198,0.0,0.0,0.0,2.1872649087443916,2.190303838597665,1.1968683317405566,1.0015657714802906,2.205220499715522,0.0,1.347286484970408,1.2651477444578818,1.9729419590951631,1.4677252397477136,2.2139233141117582,0.0,0.3950414771646488,0.0,0.0,0.0,0.0,0.0,0.0,2.139656056815852,0.0,1.2243113693624257,0.0,0.0,0.0,0.0,0.0,0.0,1.449487398176932,1.3871268074409389,0.0,0.0,1.0325605048059439,2.0746826278845782,1.650623395877645,0.50422559872779,0.0,0.7075322195934457,1.2838386631774614,1.215821289566466,1.080760717986864,0.6870656586064524,0.0,1.3315730038832472,0.0,0.6836230850644668,0.9836291614481855,0.2970602155953155,0.7762479850950077,0.9337540108770115,0.0,0.41228236908314264,0.0,0.4937616386508863,0.0,0.0,0.0,0.0
0.0,0.0,0.0,0.0,0.0,0.0,0.0,0.0,0.0,0.8709601767460058,2.2785905251964076,0.0,0.0,0.0,0.0,3.220423446857531,0.0,0.8623134445099732,0.0,0.0,0.0,0.0,0.0,0.0,0.0,0.0,0.0,0.0,0.0,0.0,0.0,0.0,0.0,1.7464974773554716,1.39763739528506,0.0,0.0,0.5721533458170006,0.0,0.0,0.0,2.6942154749075513,0.0,1.953765082562946,1.661337497231661,0.0,0.0,0.0,0.0,0.0,0.0,0.0,0.0,0.0,0.0,0.0,0.0,0.0,0.0,0.0,1.7189127316682855,0.0,0.0,0.0,0.0,0.0,0.0,0.0,0.0,0.0,0.0,0.0,0.0,0.0,0.0,0.0
0.3258204988140757,0.21602719229650638,0.3337038282094552,0.20844998828410138,0.0,0.32672075306662535,0.5044029716071505,0.0,0.0,0.0,0.0,3.81062610126033,1.4534725215642008,2.1750482717677735,0.0,0.0,0.0,0.0,1.2602670352073368,0.7112941855041686,1.799250588491284,0.0,2.36939531501762,0.0,0.0,1.0301001134557284,0.9937348163946862,0.3521842254543659,0.0,0.0,0.0,0.0,0.0,0.0,0.0,2.576591730894104,0.1765915843548332,1.1672798091634857,0.0,1.4171964776618249,0.0,0.0,0.5827984764144288,0.0,0.1906891767838003,0.0,1.4371995922634428,1.1072681629523853,0.0,0.365118423380922,1.4605208215412326,0.0,1.7036101945472137,1.1753244040142203,0.0,1.2866340894044914,1.805809601364559,1.3793447600646567,1.038295246470397,0.0,0.0,0.0,0.0,0.5968813985482583,0.0,0.0,0.0,0.743525220760796,0.0,0.0,0.0,0.0,0.0,0.0,0.0,0.0
0.0,0.0,0.0,0.0,0.0,0.0,0.0,0.0,0.0,4.678526916974867,0.0,2.4980597495571404,3.2618536513775966,0.0,2.6096722783279276,0.0,1.6465625119884613,0.9691662643244924,2.9204376029147636,2.267531156244156,0.0,1.5800849556174152,1.7082585692015244,0.0,2.0672021684584867,1.5448436149050733,1.6674685787316474,1.8859233544979817,1.4177017957708622,0.8536295226999191,1.103536946389997,0.0,0.0,0.0,0.0,0.0,0.0,1.230894475433082,0.0,0.0,0.0,0.0,0.0,0.0,0.0,0.0,1.1067605139362984,1.3676415284456511,0.0,0.9760909771405747,0.0,0.892436140031694,1.3624152305861768,0.0,1.2947932628939127,0.5290834535041608,1.0806572547887128,0.3040631188197904,0.0,1.0341158495766423,0.0,0.0,0.0,1.147654827257924,1.0506110863658864,0.5345235000675461,0.8438627639098027,0.8024063499687234,0.0,0.0,0.6522088694212107,0.6537761201755065,0.1571959789396436,0.0,0.0,0.0
0.0,0.0,0.0,0.0,0.11987225259521767,0.0,0.11121020302535711,0.0,0.0,0.0,0.7453898741817592,0.3122534139650724,4.1284602766087595,1.4494992309260386,1.9201275555157475,3.6382377145729374,0.9056033970204329,2.6790362361996123,1.120245105782261,2.4449314980502255,0.0,2.0759693566552215,0.0,0.0,1.7189973692034957,0.2723188747465572,0.7397401025783157,1.755534744219199,1.3986972843037209,0.0,1.745115777338441,0.0,0.0,2.1520106290988177,0.0,0.0,0.0,2.134504277328227,0.0,0.0,0.0,0.0,0.0,0.0,0.0,0.528788596820869,0.0,0.19019282307432012,0.0,0.0,0.0,1.0635518848091683,0.7509152621212107,0.0,1.1488185329854073,0.0,0.4150707530129611,0.0,0.0,0.4589052251845943,0.0,0.9113690726317785,0.37264394854268645,0.45984092936409715,0.3387620993137401,0.0,0.2943904511966674,0.0,0.0,0.0,0.0,0.0,0.0,0.0,0.0,0.0
0.0,0.0,0.0,0.0,0.0,0.0,0.0,0.0,0.0,0.0,0.0,1.1968656941707403,1.0813899100365436,0.0,0.0,0.0,0.0,0.0,1.7173260884282104,0.0,0.0,0.0,0.0,0.0,0.5507357988456412,0.0,0.0,0.0,0.0,0.0,0.0,0.0,0.0,0.0,0.0,0.0,0.0,0.5242844531708113,0.0,0.0,0.0,0.0,0.0,0.0,1.5326958296091702,0.0,0.0,0.19534183119592136,0.0,0.9748521312903845,0.0,0.0,0.3802543096935932,0.0,0.21997511459944374,2.27760619250719,0.8795394557815748,0.0,0.0,0.0,0.0,0.0,0.0,1.1038375395536586,0.0,0.0,0.0,0.0,0.0,0.0,0.0,0.0,0.0,0.0,0.0,0.0
0.0,0.0,0.0,0.0,0.0,0.0,0.0,0.0,0.0,0.0,0.0,0.0,2.15898974338416,0.6910008993426088,0.0,0.0,2.5942662477450256,0.0,1.3473152829091606,1.951136405942439,0.0,0.0,2.3638281241608863,0.6822242072153463,0.0,2.1367301785327206,0.0,0.27092440362014136,0.0,0.0,0.0,0.0,0.8558792367412003,0.0,0.0,0.940325200080661,0.0,0.0,0.0,0.0,0.0,0.0,0.620060141858898,0.0,0.0,0.0,1.1621588388036943,1.0997663057530414,0.0,0.0,0.0,0.0,2.137065935838087,0.0,0.0,0.6114365646156639,2.302389591804025,0.4993716774939847,0.4571256145348586,0.0,0.0,0.0,0.0,0.0,0.0,0.0,0.0,0.0,0.8009599266719762,0.0,0.5653181469967895,0.0,0.0,0.0,0.0,0.0
0.0,0.0,0.0,0.0,0.0,0.0,0.0,0.0,0.0,0.0,0.0,0.0,0.0,1.310411748960758,0.0,2.32117398041528,1.0185362706629881,1.7205531194917865,2.4981939553791404,0.0,0.0,1.7922588219659459,1.0263079450850907,0.0,2.073457369902501,0.8223911575449914,1.5088924857246666,1.7821833748978975,1.7507660592162337,1.8413475533140082,1.2727752112005737,0.0,0.0,0.37550524763174037,0.0,0.0,0.0,2.275391144752978,0.0,0.0,0.0,0.0,0.0,0.0,0.0,0.0,0.0,0.0,0.8789944904492248,0.0,0.0,1.275283783357155,1.3256471065129571,0.0,1.259302285523725,0.0,0.848523180562038,0.0,0.0,0.0,0.0,1.0744511223255233,0.1439426569827655,0.0,0.0,0.0,0.0,0.0,0.0,0.0,0.0,0.0,0.0,0.0,0.0,0.0
0.0,0.0,0.0,0.0,0.0,0.0,0.0,0.0,0.0,0.0,0.0,0.0,0.0,0.0,0.49077025765247495,0.0,0.0,0.0,0.0,0.0,0.0,0.0,0.0,0.0,0.0,0.0,0.0,0.0,0.0,0.0,0.0,0.0,0.0,0.0,0.0,1.954675600635054,0.0,0.0,0.0,0.0,0.0,0.0,0.0,0.0,0.0,0.0,0.0,0.0,0.0,0.0,0.0,0.0,0.3219759956756827,0.0,0.799666248695361,0.0,0.0,0.0,0.5423939378927461,0.0,0.0,0.0,0.0,0.0,0.0,0.0,0.0,0.0,0.0,0.0,0.0,0.0,0.0,0.0,0.0,0.0
0.0,0.0,0.0,0.0,0.0,0.0,0.0,0.0,0.0,0.0,0.0,0.0,0.0,0.0,0.0,0.0,0.0,0.0,3.204933413955504,1.4250481687374088,0.6545880049399206,1.2535743912294603,0.8258801550349824,0.0,2.653589875024683,1.5050303170485102,1.6605158680134444,1.5778794134653322,1.3071838525424058,0.0,2.2410173094717765,0.0,0.0,0.0,0.0,0.0,0.0,0.0,0.0,0.8302100388742968,0.0,0.0,0.0,0.0,0.0,1.1067515377621178,0.6107392719494876,1.0465742545624388,0.0,0.0,0.35145436513211525,0.6068041581628573,0.0,0.13167180891386704,1.2816384443253948,0.21275739951427744,0.0,0.15711145129900536,0.0,1.1847753790803925,0.3918342125168217,0.0,1.2717154799173929,1.0348660735737116,0.7609066128008395,0.6608664134888993,0.570413451882538,0.315868592485751,0.0,0.863682814108215,0.5468402916922299,0.6678126869108381,0.4697933839939849,0.8896445348635622,0.0,0.0
0.0,0.0,0.0,0.0,0.0,0.0,0.0,0.0,0.0,0.0,0.0,0.0,0.0,0.0,0.0,0.0,2.4917792928926605,3.2315335400612715,0.0,1.3916680066983589,0.0,2.466378325989048,0.0,0.0,0.8354502347648087,0.0,0.0,0.6898872335242128,0.0,0.0,2.0392982277603564,0.0,1.9200269400298946,0.3199720193204493,0.0,0.0,0.0,0.9321456801488717,2.338625902466123,0.0,0.7859139387156633,0.46884204122282913,0.0,0.0,0.0,2.218696232506146,0.0,0.0,0.0,0.0,0.0,0.0,0.0,0.0,0.19835105412680523,0.0,0.0,0.0,0.0,0.0,2.1958874457851274,0.0,0.126769830656748,0.0,0.0,0.0,0.0,0.0,0.0,0.3522422783102282,0.0,0.0,0.0,1.856949833005569,2.015125395298883,1.0659770946611056
0.0,0.0,0.0,0.0,0.0,0.0,0.0,0.0,0.0,0.0,0.0,0.0,0.0,0.0,0.0,0.0,0.0,4.421040570775855,0.0,1.7341987246267216,0.0,2.2930567177073815,0.0,1.8120473460476307,2.1290070287717966,1.7664864329506458,0.0,0.963542466273505,0.0,0.0,1.5340067836742695,0.3063700149542044,2.557442934238154,0.0,0.0,0.0,0.0,0.0,0.0,0.0,0.0,0.0,0.2579590524886152,0.3989679456306011,0.0,2.8828496134717567,0.0,0.0,0.0,0.0,0.3201885310361455,0.0,0.0,0.0,0.0,0.0,0.8910439280000406,0.0,0.0,0.0,1.0819226800051418,0.14640759958884608,0.6327019014925643,0.0,0.0,0.0,0.44829879815755314,0.0,0.0,1.0040657138008244,0.5045047027782603,0.0,0.0,0.0,0.0,0.4008424255060645
0.0,0.0,0.0,0.0,0.0,0.0,0.0,0.0,0.0,0.0,0.0,0.0,0.0,0.0,0.0,0.0,0.0,0.0,0.0,2.026722396465411,0.0,2.1654666577349304,0.0,2.9866349920482844,1.913396741905531,1.0528017629711894,0.2121165065324707,0.8834185746734151,0.0,0.0,1.168100633901202,1.579205709376708,2.9021874735693083,0.0,0.0,0.0,0.0,0.0,1.0447190315805668,0.0,0.0,0.0,0.0,0.3567044825452973,0.0,2.5773820573214294,0.0,0.0,0.0,0.0,0.0,0.0,0.0,0.0,0.23357836452823785,0.0,0.0,0.0,0.0,0.0,1.6049944294267402,0.22919043982839896,0.5547339039663213,0.0,0.33468982652889095,0.0,0.17106089206550978,0.0,0.0,0.681378234835879,0.0,0.0,0.0,1.6566490480306737,0.0,0.5635384783088491
0.0,0.0,0.0,0.0,0.17358530145774123,0.0,0.0,0.0,0.0,0.0,0.0,0.0,0.0,0.0,0.0,0.0,0.0,0.0,0.0,1.86440460575716,0.0,1.802323657027554,1.1791182467567944,0.0,0.0,0.9082747078360028,1.9026677035596735,0.0,0.0,0.2475671926605743,0.0,0.0,0.0,0.0,0.0,0.0,0.0,0.0,0.0,0.0,0.0,0.0,0.0,0.0,0.0,0.0,0.4591014292844626,1.905077369285288,0.0,2.5337626292740927,0.5967036238779617,1.0903084235469476,1.0160850357008042,0.7455041335045445,0.0,2.0981572272464946,0.0,0.5788103953342598,0.0,0.8593954101860153,0.0,0.621015575578086,0.0,1.9994980427909559,0.0,0.0,0.0,0.38990949834584,0.0,0.0,0.0,0.0,0.0,0.0,0.0,0.0
0.0,0.0,0.0,0.0,0.0,0.0,0.0,0.0,0.0,0.0,0.0,0.0,0.0,0.0,0.0,0.0,0.0,0.0,0.0,0.0,0.9316407719964275,2.903448601536168,1.2643035061515935,0.0,2.7335058311431077,2.1165016792307805,1.6372076467994072,1.8736795190236866,1.3540243591703496,0.5358384216314177,1.7981256913735033,0.0,0.0,0.0,0.0,0.0,0.0,0.0,0.0,0.4811694258527257,0.0,0.0,0.0,0.0,0.0,1.2803960497179196,0.35660572580006306,1.3798179228275769,0.0,0.8649461382907878,0.5319893055275491,0.0,1.0008579407646632,0.0,1.4811676777575895,0.0,0.0,0.0,0.6638292003188139,0.9914335099575518,0.0,0.0,0.8264282421805583,1.000187812978032,0.9470623456450544,0.35787458780486175,0.7367011889091716,0.7364527375670333,0.0,0.7071256279499174,0.7116444239945274,0.4494990246449515,0.0,0.9099947693618097,0.0,0.0
0.0,0.0,0.0,0.0,0.25737997385674527,0.0,0.0,0.0,0.0,0.0,0.0,0.0,0.0,0.0,0.0,0.0,0.0,0.0,0.0,0.0,0.0,0.6022740516533767,1.8794044960661285,0.0,0.7570760624516755,2.246497032084394,1.1837513119939074,0.6038038553404751,1.014293969832275,0.0,0.22894793869160918,0.0,0.0,0.0,0.0,0.0,0.0,0.0,0.0,1.7913120466848054,0.0,0.0,0.0,0.0,0.0,0.0,1.7982437110762926,0.0,0.0,0.0,1.7456469117794067,0.0,0.5225479021637338,1.6647626447279675,0.0,0.7172756790398904,0.0,0.0,0.0,0.7741012843788737,0.0,0.0,0.0,0.0,0.6259290441459386,1.1782541499548502,0.6557821703746918,0.8415341500378395,0.0,0.12701105238162655,1.0740559684996507,0.7951969696946894,0.0,0.0,0.0,0.0
0.0,0.0,0.0,0.0,0.0,0.0,0.0,0.0,0.0,0.0,0.0,0.0,0.0,0.0,0.0,0.0,0.0,0.0,0.0,0.0,0.0,0.0,0.26375217049194727,0.0,1.9887193533770355,1.6485252045949268,1.3072748361066522,1.7601589658265324,0.6330981769866901,0.0,3.4962204653499787,0.0,2.0384313561235903,0.0,0.0,0.0,0.0,0.9607434785820221,0.0,0.0,0.0,0.0,0.0,0.0,0.0,3.035342918104753,0.0,1.1038487182780892,0.0,1.1252716375691802,0.23588229421913873,0.15280900316739854,0.0,0.0,0.9060187409631504,0.0,0.0,0.0,0.0,0.7162506655041772,0.39940834698441174,0.0,1.3825523427861977,0.8142470661542138,0.9382236157038402,0.12697666033315877,0.7609025285218227,0.4018811776992749,0.0,0.9644690720292404,0.46757109683359577,0.5182331368997879,0.6546573543018017,1.4114485191237223,0.0,0.0
0.0,0.0,0.0,0.0,0.0,0.0,0.0,0.0,0.0,0.0,0.0,0.0,0.0,0.0,0.0,0.0,0.0,0.0,0.0,0.0,0.0,0.0,0.0,0.0,0.9963749334122087,1.445807970790963,1.740345098307886,0.0,0.0,0.0,0.0,0.0,0.0,0.0,0.0,1.4685780021750858,0.0,0.8264106116244072,0.0,0.0,0.0,0.0,0.0,0.0,0.0,0.0,2.023900858137674,1.0922981369954623,0.0,0.0,1.6630164980160902,1.5527599841420945,1.4472124923386886,1.1153966746954465,0.0,1.1376641876228761,1.3285943161484548,1.470593312175062,0.9624994698741517,0.6848988365083559,0.0,0.0,0.0,0.5068037241212707,0.0,0.7058416099357904,0.0,0.9672645370096616,0.0,0.0,0.7723406347358873,0.677271211537211,0.0,0.0,0.0,0.0
0.0,0.0,0.0,0.0,0.0,0.0,0.0,0.0,0.0,0.0,0.0,0.0,0.0,0.0,0.0,0.0,0.0,0.0,0.0,0.0,0.0,0.0,0.0,0.0,0.7689360703858638,0.0,0.0,0.0,0.0,0.0,0.0,2.115717551244638,2.1748273147116555,0.0,0.0,0.0,0.0,0.22675771708343656,2.087336987548168,0.0,0.0,0.7378037588929196,0.0,0.412519535877339,0.9420909675271487,0.8910249286695069,0.0,0.0,0.0,0.0,0.0,0.0,0.0,0.0,0.0,0.0,0.8907439562219636,0.0,0.0,0.0,0.0,0.0,0.0,0.0,0.0,0.0,0.0,0.0,3.5473390521777524,0.0,0.0,0.0,0.0,0.0,0.6693733737913088,0.7290714179899679
0.0,0.0,0.0,0.0,0.0,0.0,0.0,0.0,0.0,0.0,0.0,0.0,0.0,0.0,0.0,0.0,0.0,0.0,0.0,0.0,0.0,0.0,0.0,0.0,0.0,1.7912980365959523,1.5561824620580131,0.0,1.1776220997979487,0.0,1.518425959481872,0.0,2.2293150853571198,0.0,0.0,0.0,0.0,0.0,0.0,0.0,0.0,0.0,0.0,0.0,0.0,1.5116700029095447,0.46845316070855425,0.0,0.0,0.0,0.7044060706711495,0.0,0.0,0.0,1.1585011236572322,0.0,0.0,0.0,0.34998749059807976,1.5296453881281584,0.73877878634094,1.270278920416903,1.3163617414280753,0.0,1.1183098688929667,0.6026173234946494,1.0125877505992924,0.0,0.0,1.0561808897684217,0.7612880518342445,0.6374755342669329,0.0,1.506567919025829,0.6859775613792545,0.0
0.0,0.0,0.0,0.0,0.0,0.0,0.0,0.0,0.0,0.0,0.0,0.0,0.0,0.0,0.0,0.0,0.0,0.0,0.0,0.0,0.0,0.0,0.0,0.0,0.0,0.0,1.5610088868244527,1.2683464944550191,1.3128628833146232,0.0,0.0,0.0,1.1381521274655284,0.0,0.0,0.0,0.0,0.28245714058467064,0.0,0.4262828714425101,0.0,0.0,0.0,0.0,0.0,1.1457651156568487,1.3128367624061834,1.116028240760691,0.0,0.0,1.5653590203026473,0.0,0.8093111999684133,0.86508575925669,0.6675662202732778,0.4129546234975512,1.561411560314363,0.3083135505155768,0.0,1.2845214223400911,0.0,0.9155616852267994,0.0,0.0,0.9593928949322547,0.0,0.9090182148223394,0.0,0.515335396819095,1.2148991074041449,1.0155091891434562,0.0,0.0,0.0,0.0,0.0
0.0,0.0,0.0,0.0,0.0,0.0,0.0,0.0,0.0,0.0,0.0,0.0,0.0,0.0,0.0,0.0,0.0,0.0,0.0,0.0,0.0,0.0,0.0,0.0,0.0,0.0,0.0,1.7426508198966735,1.727777323830348,0.0,0.0,0.0,0.0,0.0,0.0,0.0,0.0,0.0,0.0,0.0,0.0,0.0,0.0,0.0,0.0,0.0,1.20126049428537,1.6673319245504086,0.0,1.9740409772958318,1.04038063356359,1.241259746854984,1.1255857675965177,0.7588292541055166,1.264473592476669,0.9417675848126887,0.0,0.0,0.0,0.9866248253753409,0.0,0.0,1.3270033110826394,1.2443736396378575,1.1628424974273461,0.5970954334433953,0.8927488540163415,0.9577516722066957,0.0,0.7189758371265347,0.7607132691778326,0.9232143961321825,0.0,0.48474546814533687,0.0,0.0
0.0,0.0,0.0,0.0,0.1810739389894337,0.0,0.0,0.0,0.0,0.0,0.0,0.0,0.0,0.0,0.0,0.0,0.0,0.0,0.0,0.0,0.0,0.0,0.0,0.0,0.0,0.0,0.0,0.0,1.57209533765469,1.742403810579097,1.8542044215830789,0.0,0.0,0.0,0.0,0.0,0.0,0.9858211942408166,0.0,0.0,0.0,0.0,0.0,0.0,0.0,0.0,0.0,1.5705149795356457,1.8313933473330133,0.2966408187183465,0.0,0.60704932601123,0.0,0.2550565890260629,1.6163269375008045,0.0,0.22959158824039932,0.0,1.1167486936229185,1.2268007885487786,0.0,0.41456844697558604,0.5836466911639127,0.0,1.3289258069719376,0.6283958625130658,1.3482490955057171,0.0,0.0,0.0,0.0,0.0,1.8980383548816682,0.0,0.0,0.0
0.0,0.0,0.0,0.0,0.0,0.0,0.0,0.0,0.0,0.0,0.0,0.0,0.0,0.0,0.0,0.0,0.0,0.0,0.0,0.0,0.0,0.0,0.0,0.0,0.0,0.0,0.0,0.0,0.0,2.166515038211717,0.42396037253326196,0.0,0.0,1.325758163737756,0.0,0.0,0.0,0.0,0.0,0.0,0.0,0.0,0.0,0.0,0.0,0.0,1.4576016903866391,0.0,0.0,0.5531430103127398,0.0,2.0142730946339062,0.0,0.1945545602074716,1.7898545745359107,0.0,0.0,0.0,0.0,0.7353929626971946,0.0,0.0,0.7788491592243457,0.0,0.9221739740970161,0.48491432639964815,0.8419389226920118,0.0,0.0,0.40026603839250763,0.0,0.45482886171629844,0.6541272091217815,0.23868422720364021,0.0,0.0
0.0,0.0,0.0,0.0,0.0,0.0,0.0,0.0,0.0,0.0,0.0,0.0,0.0,0.0,0.0,0.0,0.0,0.0,0.0,0.0,0.0,0.0,0.0,0.0,0.0,0.0,0.0,0.0,0.0,0.0,1.4655249126968322,0.565692342711657,0.0,3.5900988064163086,0.0,1.5913117188991541,0.0,2.3496799289697523,0.0,0.0,0.0,0.0,0.0,0.0,0.0,0.0,0.0,0.0,1.7746869022686385,0.0,0.0,0.0,0.0,0.0,0.9185481347043465,0.0,0.0,0.0,0.0,0.0,0.0,0.0,0.0,0.0,0.0,0.0,0.0,0.0,0.0,0.0,0.0,0.0,0.0,0.0,0.0,0.0
0.0,0.0,0.0,0.0,0.0,0.0,0.0,0.0,0.0,0.0,0.0,0.0,0.0,0.0,0.0,0.0,0.0,0.0,0.0,0.0,0.0,0.0,0.0,0.0,0.0,0.0,0.0,0.0,0.0,0.0,0.0,0.0,0.0,1.8942996432626118,0.0,0.0,0.0,1.082762158322618,0.0,0.0,0.918761561160887,0.0,0.0,0.0,0.0,2.2702985718522375,0.0,0.0,0.6183839005240169,0.0,0.0,0.0,0.0,0.0,0.7410903781030486,0.0,0.0,0.0,0.0,0.3573814006748379,0.0,0.0,0.0,0.0,0.0,0.0,0.0,0.0,0.0,0.0,0.0,0.0,0.0,0.0,0.0,0.0
0.0,0.0,0.0,0.0,0.0,0.0,0.0,0.0,0.0,0.0,0.0,0.0,0.0,0.0,0.0,0.0,0.0,0.0,0.0,0.0,0.0,0.0,0.0,0.0,0.0,0.0,0.0,0.0,0.0,0.0,0.0,0.0,0.85445748173937,0.0,0.17369366700873737,0.0,0.0,0.0,2.418058390415186,0.0,2.6598007481283608,1.642738313190525,0.0,0.0,1.2170868913132662,0.44264758782842906,0.0,0.0,0.0,0.0,0.0,0.0,0.0,0.0,0.0,0.0,0.0,0.0,0.0,0.0,0.0,0.0,0.0,0.0,0.0,0.0,0.0,0.0,1.2125899353496292,0.0,0.0,0.0,0.0,0.7520730524275393,1.8252698693891463,0.0
0.0,0.0,0.0,0.0,0.0,0.0,0.0,0.0,0.0,0.0,0.0,0.0,0.0,0.0,0.0,0.0,0.0,0.0,0.0,0.0,0.0,0.0,0.0,0.0,0.0,0.0,0.0,0.0,0.0,0.0,0.0,0.0,0.0,0.0,0.0,0.0,0.0,0.0,0.948514105506235,0.0,0.0,0.0,0.0,0.0,0.0,2.1336864416037815,0.0,0.0,0.0,0.0,0.0,0.0,0.0,0.0,0.0,0.0,0.0,0.0,0.0,0.0,0.0,0.0,0.0,0.0,0.0,0.0,0.0,0.0,2.0282103803248956,1.1893540191473295,0.0,0.0,0.0,0.0,0.0,1.3165823553538265
0.0,0.0,0.0,0.0,0.0,0.0,0.0,0.0,0.0,0.0,0.0,0.0,0.0,0.0,0.0,0.0,0.0,0.0,0.0,0.0,0.0,0.0,0.0,0.0,0.0,0.0,0.0,0.0,0.0,0.0,0.0,0.0,0.0,0.0,0.0,0.0,1.3777551492643219,0.8021012324929195,0.0,0.0,2.323017722837363,0.0,0.0,0.0,0.0,0.0,0.0,0.0,0.0,0.0,0.0,0.0,0.0,0.0,0.0,0.0,0.0,0.0,0.0,0.0,0.0,0.0,0.0,0.0,0.0,0.0,0.0,0.0,0.0,0.0,0.0,0.0,0.0,0.0,0.0,0.0
0.0,0.0,0.0,0.0,0.0,0.0,0.0,0.0,0.0,0.0,0.0,0.0,0.0,0.0,0.0,0.0,0.0,0.0,0.0,0.0,0.0,0.0,0.0,0.0,0.0,0.0,0.0,0.0,0.0,0.0,0.0,0.0,0.0,0.0,0.0,0.0,0.0,0.0,0.0,0.0,1.1674917221758068,1.2073175211540956,0.0,0.0,0.0,0.0,0.0,0.0,0.0,0.0,0.0,0.0,0.0,0.0,0.0,0.0,0.0,0.0,0.0,0.0,0.0,0.0,0.0,0.0,0.0,0.0,0.0,0.0,0.0,0.0,0.0,0.0,0.0,0.0,0.0,0.0
0.0,0.0,0.0,0.0,0.0,0.0,0.0,0.0,0.0,0.0,0.0,0.0,0.0,0.0,0.0,0.0,0.0,0.0,0.0,0.0,0.0,0.0,0.0,0.0,0.0,0.0,0.0,0.0,0.0,0.0,0.0,0.0,0.0,0.0,0.0,0.0,0.47582391012502007,0.0,0.0,0.0,0.0,0.0,0.2694988278758744,0.0,0.0,0.0,0.0,0.0,0.9850134619073241,0.0,0.0,0.0,0.0,0.0,0.0,0.0,0.0,0.0,0.21300496833852534,0.0,0.0,0.0,0.0,0.0,0.0,0.0,0.0,0.0,0.0,0.0,0.0,0.0,0.0,0.0,0.0,0.0
0.0,0.0,0.0,0.0,0.0,0.0,0.0,0.0,0.0,0.0,0.0,0.0,0.0,0.0,0.0,0.0,0.0,0.0,0.0,0.0,0.0,0.0,0.0,0.0,0.0,0.0,0.0,0.0,0.0,0.0,0.0,0.0,0.0,0.0,0.0,0.0,0.0,0.0,0.0,0.0,0.0,1.423381463002838,0.0,1.8225227453572697,0.0,0.0,0.0,0.0,0.0,0.0,0.0,0.0,0.0,0.0,0.0,0.0,0.0,0.0,0.0,0.0,0.0,0.0,0.0,0.0,0.0,0.0,0.0,0.0,0.0,0.0,0.0,0.0,0.0,0.0,0.0,0.0
0.0,0.0,0.0,0.0,0.0,0.0,0.0,0.0,0.0,0.0,0.0,0.0,0.0,0.0,0.0,0.0,0.0,0.0,0.0,0.0,0.0,0.0,0.0,0.0,0.0,0.0,0.0,0.0,0.0,0.0,0.0,0.0,0.0,0.0,0.0,0.0,0.0,0.0,0.0,0.0,1.085023084522271,0.0,0.0,0.0,0.0,0.0,0.35539363787142686,0.44910935438316846,0.0,0.0,0.0,0.0,1.2546508557190241,0.0,1.189843231230676,0.0,0.0,0.7542160797181505,0.0,0.0,0.0,0.0,0.0,0.0,0.0,0.0,0.0,0.0,0.0,0.0,0.0,0.0,0.0,0.0,0.0,0.0
0.0,0.0,0.0,0.0,0.0,0.0,0.0,0.0,0.0,0.0,0.0,0.0,0.0,0.0,0.0,0.0,0.0,0.0,0.0,0.0,0.0,0.0,0.0,0.0,0.0,0.0,0.0,0.0,0.0,0.0,0.0,0.0,0.0,0.0,0.0,0.0,0.0,0.0,0.0,0.0,2.1914406600569656,1.9155216012716991,0.0,0.0,1.9834386653661813,0.5375878759934881,0.0,0.0,0.0,0.0,0.0,0.0,0.0,0.0,0.0,0.0,0.0,0.0,0.0,0.0,0.0,0.0,0.0,0.0,0.0,0.0,0.0,0.0,1.5123456928503625,0.0,0.0,0.0,0.0,0.5953589108779611,1.132136490679215,1.934153872618194
0.0,0.0,0.0,0.0,0.0,0.0,0.0,0.0,0.0,0.0,0.0,0.0,0.0,0.0,0.0,0.0,0.0,0.0,0.0,0.0,0.0,0.0,0.0,0.0,0.0,0.0,0.0,0.0,0.0,0.0,0.0,0.0,0.0,0.0,0.0,0.0,0.0,0.0,0.0,0.0,0.0,0.0,0.0,0.0,1.2144992399600492,0.0,0.0,0.0,0.0,0.0,0.0,0.0,0.0,0.0,0.0,0.0,0.0,0.0,0.0,0.0,0.0,0.0,0.0,0.0,0.0,0.7705162483966368,0.0,0.0,0.0,0.0,0.0,0.0,0.0,0.0,0.0,0.33163648218983033
0.0,0.0,0.0,0.0,0.0,0.0,0.0,0.0,0.0,0.0,0.0,0.0,0.0,0.0,0.0,0.0,0.0,0.0,0.0,0.0,0.0,0.0,0.0,0.0,0.0,0.0,0.0,0.0,0.0,0.0,0.0,0.0,0.0,0.0,0.0,0.0,0.0,0.0,0.0,0.0,0.0,2.1989213002433985,0.0,0.0,1.2913868343406274,0.0,0.0,0.0,0.0,0.0,0.0,0.0,0.0,0.0,0.0,0.0,0.0,0.0,0.0,0.0,1.176989550785178,0.0,0.0,0.0,0.0,0.0,0.0,0.0,0.0,0.0,0.0,0.0,0.0,0.0,0.8712845570151995,1.7557895741640974
0.0,0.0,0.0,0.0,0.0,0.0,0.0,0.0,0.0,0.0,0.0,0.0,0.0,0.0,0.0,0.0,0.0,0.0,0.0,0.0,0.0,0.0,0.0,0.0,0.0,0.0,0.0,0.0,0.0,0.0,0.0,0.0,0.0,0.0,0.0,0.0,0.0,0.0,0.0,0.0,0.0,0.0,0.0,0.0,0.0,0.0,0.0,0.0,0.0,0.0,0.0,0.0,0.0,0.0,0.0,0.0,0.0,0.0,0.0,0.0,0.0,0.0,0.0,0.0,0.0,0.0,0.0,0.0,0.0,0.0,0.0,0.0,0.0,0.0,0.0,0.0
0.0,0.0,0.0,0.0,0.0,0.0,0.0,0.0,0.0,0.0,0.0,0.0,0.0,0.0,0.0,0.0,0.0,0.0,0.0,0.0,0.0,0.0,0.0,0.0,0.0,0.0,0.0,0.0,0.0,0.0,0.0,0.0,0.0,0.0,0.0,0.0,0.0,0.0,0.0,0.0,0.0,0.0,0.0,0.3327030384158782,0.0,0.0,0.0,0.0,0.6036877379275561,0.9671032870962042,0.0,0.0,0.0,0.0,0.0,0.0,0.0,0.0,0.0,0.0,0.0,0.0,0.0,0.0,0.0,0.0,0.0,0.0,0.0,0.0,0.29343073607789283,0.0,0.0,0.0,0.0,0.0
0.0,0.0,0.0,0.0,0.0,0.0,0.0,0.0,0.0,0.0,0.0,0.0,0.0,0.0,0.0,0.0,0.0,0.0,0.0,0.0,0.0,0.0,0.0,0.0,0.0,0.0,0.0,0.0,0.0,0.0,0.0,0.0,0.0,0.0,0.0,0.0,0.0,0.0,0.0,0.0,0.0,0.0,0.0,0.0,0.0,0.0,0.0,0.0,0.0,0.0,0.0,0.0,0.0,0.0,0.0,0.0,0.0,0.0,0.0,0.0,0.0,0.0,0.0,0.0,0.0,0.0,0.0,0.0,0.0,0.0,0.0,0.0,0.18550678305868945,0.0,0.0,0.0
0.0,0.0,0.0,0.0,0.0,0.0,0.0,0.0,0.0,0.0,0.0,0.0,0.0,0.0,0.0,0.0,0.0,0.0,0.0,0.0,0.0,0.0,0.0,0.0,0.0,0.0,0.0,0.0,0.0,0.0,0.0,0.0,0.0,0.0,0.0,0.0,0.0,0.0,0.0,0.0,0.0,0.0,0.0,0.0,0.0,0.0,0.0,0.0,0.0,0.0,0.0,0.0,0.0,0.0,0.0,0.0,0.0,0.0,0.0,0.0,0.0,0.0,0.0,0.0,0.0,0.0,0.0,0.0,0.68042533825076,0.0,0.0,0.0,0.0,0.0,0.0,0.0
0.0,0.0,0.0,0.0,0.0,0.0,0.0,0.0,0.0,0.0,0.0,0.0,0.0,0.0,0.0,0.0,0.0,0.0,0.0,0.0,0.0,0.0,0.0,0.0,0.0,0.0,0.0,0.0,0.0,0.0,0.0,0.0,0.0,0.0,0.0,0.0,0.0,0.0,0.0,0.0,0.0,0.0,0.0,0.0,0.0,0.0,0.0,0.0,0.0,0.0,0.0,0.0,0.0,0.0,0.0,0.0,0.0,0.0,0.0,0.5769696991994839,2.1600547895172295,0.0,1.027617036082513,0.0,0.45820151698201095,0.0,0.0,0.0,1.4655584804433257,1.2058868694650018,0.0,0.0,0.0,1.5149196653071986,0.6264592991013298,1.1706803239212364
0.0,0.0,0.0,0.0,0.0,0.0,0.0,0.0,0.0,0.0,0.0,0.0,0.0,0.0,0.0,0.0,0.0,0.0,0.0,0.0,0.0,0.0,0.0,0.0,0.0,0.0,0.0,0.0,0.0,0.0,0.0,0.0,0.0,0.0,0.0,0.0,0.0,0.0,0.0,0.0,0.0,0.0,0.0,0.0,0.0,0.0,0.0,0.7754363797465388,0.0,0.0,2.2527057858220565,1.19351849354517,0.9805433849371715,0.0,0.0,0.0,0.0,1.9379977606412069,0.0,0.5743103120595427,0.0,0.0,0.8106237219335063,0.0,0.2812026622805158,1.121739181108637,0.0,1.400625125684186,0.0,0.7380344434220254,0.9146121465181203,0.626480364723409,0.0,0.0,0.0,0.0
0.0,0.0,0.0,0.0,0.0,0.0,0.0,0.0,0.0,0.0,0.0,0.0,0.0,0.0,0.0,0.0,0.0,0.0,0.0,0.0,0.0,0.0,0.0,0.0,0.0,0.0,0.0,0.0,0.0,0.0,0.0,0.0,0.0,0.0,0.0,0.0,0.0,0.0,0.0,0.0,0.0,0.0,0.0,0.0,0.0,0.0,0.0,0.0,0.0,2.2480573571175344,0.9759080379247024,1.0908848112540717,1.4063588234576183,0.9148217303791306,0.8950216132744406,1.0072068446421218,0.7583185467777909,0.7848462569475424,0.0,0.0,0.0,0.0,0.0,1.814940506081741,0.9771820365109065,0.0,0.6550996731047287,0.5547566692497388,0.0,0.0,0.0,0.8885480227364339,0.4958370730353844,0.0,0.0,0.0
0.0,0.0,0.0,0.0,0.0,0.0,0.0,0.0,0.0,0.0,0.0,0.0,0.0,0.0,0.0,0.0,0.0,0.0,0.0,0.0,0.0,0.0,0.0,0.0,0.0,0.0,0.0,0.0,0.0,0.0,0.0,0.0,0.0,0.0,0.34609256352421064,0.0,0.0,0.0,0.0,0.0,0.0,0.0,0.0,0.0,0.0,0.0,0.0,0.0,0.0,0.0,0.0,1.257419808585306,0.0,0.0,1.2509094290753886,0.0,0.0,0.0,1.6248053243973744,0.0,0.0,0.0,0.0,0.0,0.0,0.0,0.0,0.0,0.0,0.0,0.0,0.0,0.0,0.0,0.0,0.0
0.0,0.0,0.0,0.0,0.0,0.0,0.0,0.0,0.0,0.0,0.0,0.0,0.0,0.0,0.0,0.0,0.0,0.0,0.0,0.0,0.0,0.0,0.0,0.0,0.0,0.0,0.0,0.0,0.0,0.0,0.0,0.0,0.0,0.0,0.0,0.0,0.0,0.0,0.0,0.0,0.0,0.0,0.0,0.0,0.0,0.0,0.0,0.0,0.0,0.0,0.0,0.4209417024688178,0.0,0.9520447133060873,0.0,2.603464948714834,0.0,0.9879504441543011,0.0,0.0,0.0,0.0,0.0,2.39333434121122,0.0,0.0,0.0,0.0,0.0,0.0,0.0,0.0,0.0,0.0,0.0,0.0
0.0,0.0,0.0,0.0,0.0,0.0,0.0,0.0,0.0,0.0,0.0,0.0,0.0,0.0,0.0,0.0,0.0,0.0,0.0,0.0,0.0,0.0,0.0,0.0,0.0,0.0,0.0,0.0,0.0,0.0,0.0,0.0,0.0,0.0,0.0,0.0,0.0,0.0,0.0,0.0,0.0,0.0,0.0,0.0,0.0,0.0,0.0,0.0,0.0,0.0,0.0,0.0,1.063709222207158,0.0,0.0,0.0,0.0,1.337132508049187,0.0,0.743916439695497,0.0,0.9070574891368474,1.0292023626868385,0.0,0.0,0.0,0.669072641260958,1.2335810684166402,0.0,1.1437005888887366,1.3954610384174557,0.6384168568347917,0.0,0.0,0.0,0.0
0.0,0.0,0.0,0.0,0.0,0.0,0.0,0.0,0.0,0.0,0.0,0.0,0.0,0.0,0.0,0.0,0.0,0.0,0.0,0.0,0.0,0.0,0.0,0.0,0.0,0.0,0.0,0.0,0.0,0.0,0.0,0.0,0.0,0.0,0.0,0.0,0.0,0.0,0.0,0.0,0.0,0.0,0.0,0.0,0.0,0.0,0.0,0.0,0.0,0.0,0.0,0.0,0.0,0.0,1.254244371294586,0.46691822655324455,0.6318162171812717,2.0372579016958996,1.2697099063651476,0.0,0.0,1.5732007265644288,0.5239922649756391,0.0,0.0,0.0,0.0,0.0,0.0,0.18567271678870612,0.1333771773542291,0.0,0.0,0.0,0.0,0.0
0.0,0.0,0.0,0.0,0.0,0.0,0.0,0.0,0.0,0.0,0.0,0.0,0.0,0.0,0.0,0.0,0.0,0.0,0.0,0.0,0.0,0.0,0.0,0.0,0.0,0.0,0.0,0.0,0.0,0.0,0.0,0.0,0.0,0.0,0.0,0.0,0.0,0.0,0.0,0.0,0.0,0.0,0.0,0.0,0.0,0.0,0.0,0.0,0.0,0.0,0.0,0.0,0.0,0.556690067003407,0.0,0.9616540833527695,1.9412788507779846,0.9853034351077176,0.8653718078191167,0.0,0.0,0.0,0.0,0.9599685850123184,0.0,0.0,0.0,0.7302256701345956,0.0,0.0,0.0,0.0,0.0,0.0,0.0,0.0
0.0,0.0,0.0,0.0,0.0,0.0,0.0,0.0,0.0,0.0,0.0,0.0,0.0,0.0,0.0,0.0,0.0,0.0,0.0,0.0,0.0,0.0,0.0,0.0,0.0,0.0,0.0,0.0,0.0,0.0,0.0,0.0,0.0,0.0,0.0,0.0,0.0,0.0,0.0,0.0,0.0,0.0,0.0,0.0,0.0,0.0,0.0,0.0,0.0,0.0,0.0,0.0,0.0,0.0,0.0,1.4481319144304199,0.0,1.3589745445312786,0.0,0.23605701601444096,0.0,0.0,0.0,0.3195228983592288,0.27379376672681544,0.0,0.3309866484262555,0.5574385120706827,0.0,0.0,0.720169647450459,0.8795972870490273,0.3182442222975173,0.0,0.0,0.0
0.0,0.0,0.0,0.0,0.0,0.0,0.0,0.0,0.0,0.0,0.0,0.0,0.0,0.0,0.0,0.0,0.0,0.0,0.0,0.0,0.0,0.0,0.0,0.0,0.0,0.0,0.0,0.0,0.0,0.0,0.0,0.0,0.0,0.0,0.0,0.0,0.0,0.0,0.0,0.0,0.0,0.0,0.0,0.0,0.0,0.0,0.0,0.0,0.0,0.0,0.0,0.0,0.0,0.0,0.0,0.0,0.31092888590781254,0.0,0.0,1.4362966747887385,0.0,1.35669591051856,1.21754705518276,0.0,0.0,0.0,0.0,0.0,0.0,0.6479518832148146,0.4233909440873064,0.0,1.0446884164475947,0.0,0.0,0.0
0.0,0.0,0.0,0.0,0.0,0.0,0.0,0.0,0.0,0.0,0.0,0.0,0.0,0.0,0.0,0.0,0.0,0.0,0.0,0.0,0.0,0.0,0.0,0.0,0.0,0.0,0.0,0.0,0.0,0.0,0.0,0.0,0.0,0.0,0.0,0.0,0.0,0.0,0.0,0.0,0.0,0.0,0.0,0.0,0.0,0.0,0.0,0.0,0.0,0.0,0.0,0.0,0.0,0.0,0.0,0.0,0.0,0.442004209875205,0.0,0.0,0.0,0.0,0.0,1.6725458192761935,0.0,0.0,0.0,0.0,0.0,0.0,0.0,0.44412148269937185,0.0,0.0,0.0,0.0
0.0,0.0,0.0,0.0,0.0,0.0,0.0,0.0,0.0,0.0,0.0,0.0,0.0,0.0,0.0,0.0,0.0,0.0,0.0,0.0,0.0,0.0,0.0,0.0,0.0,0.0,0.0,0.0,0.0,0.0,0.0,0.0,0.0,0.0,0.0,0.0,0.0,0.0,0.0,0.0,0.0,0.0,0.0,0.0,0.0,0.0,0.0,0.0,0.0,0.0,0.0,0.0,0.0,0.0,0.0,0.0,0.0,0.0,0.24958606001476272,0.0,0.0,1.1630246703905565,0.0,0.0,0.0,0.0,0.0,0.9149439888841705,0.0,0.0,0.0,0.0,0.0,0.0,0.0,0.0
0.0,0.0,0.0,0.0,0.0,0.0,0.0,0.0,0.0,0.0,0.0,0.0,0.0,0.0,0.0,0.0,0.0,0.0,0.0,0.0,0.0,0.0,0.0,0.0,0.0,0.0,0.0,0.0,0.0,0.0,0.0,0.0,0.0,0.0,0.0,0.0,0.0,0.0,0.0,0.0,0.0,0.0,0.0,0.0,0.0,0.0,0.0,0.0,0.0,0.0,0.0,0.0,0.0,0.0,0.0,0.0,0.0,0.0,0.0,0.0,0.0,0.6624868167529315,0.4974970828202754,0.5619190997185775,0.2680727735681422,0.0,0.0,0.0,0.0,0.5669734025377673,0.30137166895810985,0.0,0.0,0.0,0.0,0.0
0.0,0.0,0.0,0.0,0.0,0.0,0.0,0.0,0.0,0.0,0.0,0.0,0.0,0.0,0.0,0.0,0.0,0.0,0.0,0.0,0.0,0.0,0.0,0.0,0.0,0.0,0.0,0.0,0.0,0.0,0.0,0.0,0.0,0.0,0.0,0.0,0.0,0.0,0.0,0.0,0.0,0.0,0.0,0.0,0.0,0.0,0.0,0.0,0.0,0.0,0.0,0.0,0.0,0.0,0.0,0.0,0.0,0.0,0.0,0.0,0.0,0.0,0.0,0.0,0.0,0.0,0.0,0.0,0.0,0.0,0.0,0.0,0.0,0.0,0.0,0.0
0.0,0.0,0.0,0.0,0.0,0.0,0.0,0.0,0.0,0.0,0.0,0.0,0.0,0.0,0.0,0.0,0.0,0.0,0.0,0.0,0.0,0.0,0.0,0.0,0.0,0.0,0.0,0.0,0.0,0.0,0.0,0.0,0.0,0.0,0.0,0.0,0.0,0.0,0.0,0.0,0.0,0.0,0.0,0.0,0.0,0.0,0.0,0.0,0.0,0.0,0.0,0.0,0.0,0.0,0.0,0.0,0.0,0.0,0.0,0.0,0.0,0.0,1.5864188347441,0.9177687009539688,0.9704606685693364,1.2038911806070265,0.9337735473918995,0.7133069024349576,0.0,1.1196045856492978,1.141754175954376,0.9573267130135703,0.0,0.56703800549208,0.0,0.0
0.0,0.0,0.0,0.0,0.0,0.0,0.0,0.0,0.0,0.0,0.0,0.0,0.0,0.0,0.0,0.0,0.0,0.0,0.0,0.0,0.0,0.0,0.0,0.0,0.0,0.0,0.0,0.0,0.0,0.0,0.0,0.0,0.0,0.0,0.0,0.0,0.0,0.0,0.0,0.0,0.0,0.0,0.0,0.0,0.0,0.0,0.0,0.0,0.0,0.0,0.0,0.0,0.0,0.0,0.0,0.0,0.0,0.0,0.0,0.0,0.0,0.0,0.5233676714779149,0.0,0.0,0.0,0.0,0.0,1.1269918247515902,0.1840343757769835,0.0,0.0,0.4462650460446003,1.549802393952203,1.002153514394019,1.9905839200201418
0.0,0.0,0.0,0.0,0.0,0.0,0.0,0.0,0.0,0.0,0.0,0.0,0.0,0.0,0.0,0.0,0.0,0.0,0.0,0.0,0.0,0.0,0.0,0.0,0.0,0.0,0.0,0.0,0.0,0.0,0.0,0.0,0.0,0.0,0.0,0.0,0.0,0.0,0.0,0.0,0.0,0.0,0.0,0.0,0.0,0.0,0.0,0.0,0.0,0.0,0.0,0.0,0.0,0.0,0.0,0.0,0.0,0.0,0.0,0.0,0.0,0.0,0.7608166026523906,0.0,0.0,0.0,0.0,0.0,0.0,1.232832030517231,0.7904672901634724,0.0,0.0,0.0,0.0,0.0
0.0,0.0,0.0,0.0,0.0,0.0,0.0,0.0,0.0,0.0,0.0,0.0,0.0,0.0,0.0,0.0,0.0,0.0,0.0,0.0,0.0,0.0,0.0,0.0,0.0,0.0,0.0,0.0,0.0,0.0,0.0,0.0,0.0,0.0,0.0,0.0,0.0,0.0,0.0,0.0,0.0,0.0,0.0,0.0,0.0,0.0,0.0,0.0,0.0,0.0,0.0,0.0,0.0,0.0,0.0,0.0,0.0,0.0,0.0,0.0,0.0,0.0,0.0,0.0,0.8006210306151014,0.0,0.9007919440996511,0.0,0.0,1.7630146881099567,0.7638287756317644,0.9219138145565354,0.8535158471690879,1.2678042363210675,0.0,0.16618686015866668
0.0,0.0,0.0,0.0,0.0,0.0,0.0,0.0,0.0,0.0,0.0,0.0,0.0,0.0,0.0,0.0,0.0,0.0,0.0,0.0,0.0,0.0,0.0,0.0,0.0,0.0,0.0,0.0,0.0,0.0,0.0,0.0,0.0,0.0,0.0,0.0,0.0,0.0,0.0,0.0,0.0,0.0,0.0,0.0,0.0,0.0,0.0,0.0,0.0,0.0,0.0,0.0,0.0,0.0,0.0,0.0,0.0,0.0,0.0,0.0,0.0,0.0,0.0,0.0,0.8451156998654376,0.0,0.10869888544367429,0.0,0.0,0.0,0.0,0.0,0.0,0.0,0.0,0.0
0.0,0.0,0.0,0.0,0.0,0.0,0.0,0.0,0.0,0.0,0.0,0.0,0.0,0.0,0.0,0.0,0.0,0.0,0.0,0.0,0.0,0.0,0.0,0.0,0.0,0.0,0.0,0.0,0.0,0.0,0.0,0.0,0.0,0.0,0.0,0.0,0.0,0.0,0.0,0.0,0.0,0.0,0.0,0.0,0.0,0.0,0.0,0.0,0.0,0.0,0.0,0.0,0.0,0.0,0.0,0.0,0.0,0.0,0.0,0.0,0.0,0.0,0.0,0.0,0.0,1.0752228770202057,1.3365905035724246,0.0,0.0,1.2711052863853465,0.0,1.161757676179925,0.8520870212371684,0.4882083089499393,0.0,0.0
0.0,0.0,0.0,0.0,0.0,0.0,0.0,0.0,0.0,0.0,0.0,0.0,0.0,0.0,0.0,0.0,0.0,0.0,0.0,0.0,0.0,0.0,0.0,0.0,0.0,0.0,0.0,0.0,0.0,0.0,0.0,0.0,0.0,0.0,0.0,0.0,0.0,0.0,0.0,0.0,0.0,0.0,0.0,0.0,0.0,0.0,0.0,0.0,0.0,0.0,0.0,0.0,0.0,0.0,0.0,0.0,0.0,0.0,0.0,0.0,0.0,0.0,0.0,0.0,0.0,0.0,0.912746462607818,0.7413120620068824,0.0,0.518947758600921,0.0,1.0825858397997383,0.0,0.0,0.0,0.0
0.0,0.0,0.0,0.0,0.0,0.0,0.0,0.0,0.0,0.0,0.0,0.0,0.0,0.0,0.0,0.0,0.0,0.0,0.0,0.0,0.0,0.0,0.0,0.0,0.0,0.0,0.0,0.0,0.0,0.0,0.0,0.0,0.0,0.0,0.0,0.0,0.0,0.0,0.0,0.0,0.0,0.0,0.0,0.0,0.0,0.0,0.0,0.0,0.0,0.0,0.0,0.0,0.0,0.0,0.0,0.0,0.0,0.0,0.0,0.0,0.0,0.0,0.0,0.0,0.0,0.0,0.0,0.9810995876587895,0.0,1.0913440396732572,1.0349160076814643,1.1037799002029158,1.5598048855000979,0.5533550800937515,0.13385802373308683,0.0
0.0,0.0,0.0,0.0,0.0,0.0,0.0,0.0,0.0,0.0,0.0,0.0,0.0,0.0,0.0,0.0,0.0,0.0,0.0,0.0,0.0,0.0,0.0,0.0,0.0,0.0,0.0,0.0,0.0,0.0,0.0,0.0,0.0,0.0,0.0,0.0,0.0,0.0,0.0,0.0,0.0,0.0,0.0,0.0,0.0,0.0,0.0,0.0,0.0,0.0,0.0,0.0,0.0,0.0,0.0,0.0,0.0,0.0,0.0,0.0,0.0,0.0,0.0,0.0,0.0,0.0,0.0,0.0,0.0,0.0,1.297436424131428,0.978794315182026,0.0,0.0,0.0,0.0
0.0,0.0,0.0,0.0,0.0,0.0,0.0,0.0,0.0,0.0,0.0,0.0,0.0,0.0,0.0,0.0,0.0,0.0,0.0,0.0,0.0,0.0,0.0,0.0,0.0,0.0,0.0,0.0,0.0,0.0,0.0,0.0,0.0,0.0,0.0,0.0,0.0,0.0,0.0,0.0,0.0,0.0,0.0,0.0,0.0,0.0,0.0,0.0,0.0,0.0,0.0,0.0,0.0,0.0,0.0,0.0,0.0,0.0,0.0,0.0,0.0,0.0,0.0,0.0,0.0,0.0,0.0,0.0,0.0,0.0,0.0,0.0,0.0,0.0,0.0,0.36443845599118496
0.0,0.0,0.0,0.0,0.0,0.0,0.0,0.0,0.0,0.0,0.0,0.0,0.0,0.0,0.0,0.0,0.0,0.0,0.0,0.0,0.0,0.0,0.0,0.0,0.0,0.0,0.0,0.0,0.0,0.0,0.0,0.0,0.0,0.0,0.0,0.0,0.0,0.0,0.0,0.0,0.0,0.0,0.0,0.0,0.0,0.0,0.0,0.0,0.0,0.0,0.0,0.0,0.0,0.0,0.0,0.0,0.0,0.0,0.0,0.0,0.0,0.0,0.0,0.0,0.0,0.0,0.0,0.0,0.0,0.0,1.0768605222540293,0.7525232691260317,0.0,1.891220580408353,0.0,0.0
0.0,0.0,0.0,0.0,0.0,0.0,0.0,0.0,0.0,0.0,0.0,0.0,0.0,0.0,0.0,0.0,0.0,0.0,0.0,0.0,0.0,0.0,0.0,0.0,0.0,0.0,0.0,0.0,0.0,0.0,0.0,0.0,0.0,0.0,0.0,0.0,0.0,0.0,0.0,0.0,0.0,0.0,0.0,0.0,0.0,0.0,0.0,0.0,0.0,0.0,0.0,0.0,0.0,0.0,0.0,0.0,0.0,0.0,0.0,0.0,0.0,0.0,0.0,0.0,0.0,0.0,0.0,0.0,0.0,0.0,0.0,1.3139634412972234,0.0,0.8084513991719817,0.0,0.0
0.0,0.0,0.0,0.0,0.0,0.0,0.0,0.0,0.0,0.0,0.0,0.0,0.0,0.0,0.0,0.0,0.0,0.0,0.0,0.0,0.0,0.0,0.0,0.0,0.0,0.0,0.0,0.0,0.0,0.0,0.0,0.0,0.0,0.0,0.0,0.0,0.0,0.0,0.0,0.0,0.0,0.0,0.0,0.0,0.0,0.0,0.0,0.0,0.0,0.0,0.0,0.0,0.0,0.0,0.0,0.0,0.0,0.0,0.0,0.0,0.0,0.0,0.0,0.0,0.0,0.0,0.0,0.0,0.0,0.0,0.0,0.0,0.0,0.2378288603685872,0.0,0.0
0.0,0.0,0.0,0.0,0.0,0.0,0.0,0.0,0.0,0.0,0.0,0.0,0.0,0.0,0.0,0.0,0.0,0.0,0.0,0.0,0.0,0.0,0.0,0.0,0.0,0.0,0.0,0.0,0.0,0.0,0.0,0.0,0.0,0.0,0.0,0.0,0.0,0.0,0.0,0.0,0.0,0.0,0.0,0.0,0.0,0.0,0.0,0.0,0.0,0.0,0.0,0.0,0.0,0.0,0.0,0.0,0.0,0.0,0.0,0.0,0.0,0.0,0.0,0.0,0.0,0.0,0.0,0.0,0.0,0.0,0.0,0.0,0.0,0.0,0.0,0.8828264414601039
0.0,0.0,0.0,0.0,0.0,0.0,0.0,0.0,0.0,0.0,0.0,0.0,0.0,0.0,0.0,0.0,0.0,0.0,0.0,0.0,0.0,0.0,0.0,0.0,0.0,0.0,0.0,0.0,0.0,0.0,0.0,0.0,0.0,0.0,0.0,0.0,0.0,0.0,0.0,0.0,0.0,0.0,0.0,0.0,0.0,0.0,0.0,0.0,0.0,0.0,0.0,0.0,0.0,0.0,0.0,0.0,0.0,0.0,0.0,0.0,0.0,0.0,0.0,0.0,0.0,0.0,0.0,0.0,0.0,0.0,0.0,0.0,0.0,0.0,0.0,0.4873240278619477
0.0,0.0,0.0,0.0,0.0,0.0,0.0,0.0,0.0,0.0,0.0,0.0,0.0,0.0,0.0,0.0,0.0,0.0,0.0,0.0,0.0,0.0,0.0,0.0,0.0,0.0,0.0,0.0,0.0,0.0,0.0,0.0,0.0,0.0,0.0,0.0,0.0,0.0,0.0,0.0,0.0,0.0,0.0,0.0,0.0,0.0,0.0,0.0,0.0,0.0,0.0,0.0,0.0,0.0,0.0,0.0,0.0,0.0,0.0,0.0,0.0,0.0,0.0,0.0,0.0,0.0,0.0,0.0,0.0,0.0,0.0,0.0,0.0,0.0,0.0,0.4505507468771668
0.0,0.0,0.0,0.0,0.0,0.0,0.0,0.0,0.0,0.0,0.0,0.0,0.0,0.0,0.0,0.0,0.0,0.0,0.0,0.0,0.0,0.0,0.0,0.0,0.0,0.0,0.0,0.0,0.0,0.0,0.0,0.0,0.0,0.0,0.0,0.0,0.0,0.0,0.0,0.0,0.0,0.0,0.0,0.0,0.0,0.0,0.0,0.0,0.0,0.0,0.0,0.0,0.0,0.0,0.0,0.0,0.0,0.0,0.0,0.0,0.0,0.0,0.0,0.0,0.0,0.0,0.0,0.0,0.0,0.0,0.0,0.0,0.0,0.0,0.0,0.0
