0.0,8.696527159834057,2.3267203809703303,0.0,0.0,0.0,0.0,0.8341155407406291,0.0,0.0,1.0771525440064444,0.0,0.0,0.0,0.2901648521557706,1.2924946939254294,0.0,0.0,0.0,0.0,3.4863054358295233,0.8536789283963748,0.0,4.139136260420042,2.501521923332687,1.741134503403913,0.0,0.0,0.0,0.0,0.0,0.0,2.5363296834202487,0.8989628117289015,0.0,0.0,0.0,0.0,0.0,2.335271549956307,2.731970769033869,0.0,0.0,0.0,0.9036950213917656,3.3464719330708155,0.0,1.3559161025054856,0.0,0.0,0.0,0.0,0.0,0.38310897620179624,0.8654021499156694,0.0,0.0,0.0,0.0,0.0,0.25975505603365107,0.0,0.0,0.0,0.5826491175681097,0.7972723867211713,0.213336747391406,0.0,2.393940064523383,0.9030144240979585,0.0,0.0,0.0,1.237497408889117,2.129743476965049,2.468840660716614
0.34443463746687086,0.0,0.0,0.0,0.0,4.8077480900228675,0.0,5.21468678307144,0.0,2.6885782933181144,0.0,0.9303291848788338,3.94079961509142,0.0,0.0,0.47773436815204245,2.70204471402594,4.514457708853456,0.0,0.0,1.7785416959769433,0.0,2.1888988569935863,2.0647730717101416,1.6958199954065936,3.3439871998387853,0.0,0.0,0.0,0.0,0.0,0.0,2.088808785750083,0.0,0.0,0.0,0.0,0.0,0.0,1.6131732751075718,1.2305262572410778,0.0,0.5936793411728527,0.0,0.0,0.0,3.354794593356443,0.0,0.0,0.0,2.5090576668245745,0.0,2.081230569413952,0.0,0.0,0.0,0.0,0.0,0.0,0.0,0.42709500467421846,0.0,0.6880580014335805,0.0,0.0,0.6133500844839769,0.0,0.0,1.2482596966920778,0.4397974575606568,2.190113235372184,0.0,0.0,0.0,0.0,0.0
0.32279490463967997,0.0,0.0,0.0,5.41088684004177,0.0,0.0,0.6962946909366232,4.58080638078027,0.0,4.066407746597525,2.902138908129455,0.0,0.0,3.5002576014868954,0.0,0.0,0.0,3.418448947932905,3.0811045135419923,0.0,2.337161061339885,0.5240287349868542,1.261624235188844,0.0,1.3725105225512721,1.7875187213135204,0.839184047873113,0.0,1.0224275968992835,0.0,0.0,0.0,0.0,0.0,0.0,0.0,0.0,0.0,0.0,0.0,0.0,0.0,0.0,1.5322939233134392,0.0,0.0,2.2833231588051603,0.0,0.4318581897873137,1.018730223431917,0.0,0.11847843599004076,2.0680816697997857,0.31463358712332434,2.079346999338512,1.603903306540687,0.0,0.0,1.8117733263455276,0.0,0.0,0.0,2.157032228165676,0.0,0.0,1.5198723899811388,0.6135030712788196,0.0,0.0,0.0,0.0,1.5409083314120937,0.0,0.0,0.0
0.0,0.0,0.0,0.19563718862319826,0.0,0.0,3.658757403557416,0.0,0.0,0.0,0.0,0.0,0.0,1.9988770797940218,0.0,0.0,0.0,0.0,0.0,0.0,0.0,0.0,0.0,0.0,0.0,0.0,0.0,1.2067125789497775,0.0,1.0221500946981659,2.066276674742496,0.0,0.0,1.4846656317567355,0.0,1.801355825688677,2.1134644320911713,0.0,0.0,0.0,0.0,0.0,0.0,0.0,0.0,0.0,0.0,0.0,1.404768674876782,0.0,0.0,0.0,0.0,0.0,0.0,0.0,0.0,0.0,0.0,0.0,0.0,0.0,0.0,0.0,0.0,0.0,0.0,0.0,0.0,0.0,0.0,0.0,0.0,0.0,0.0,0.0
0.0,0.0,0.0,0.15210535706926104,0.0,0.0,0.0,0.0,4.0142567744287785,1.5790142144341668,2.2630848074718855,1.3255896646426368,3.127008916435666,2.479338867645867,3.796811715876353,0.0,0.0,0.0,0.9977123721485455,2.4115256297378456,0.0,1.6825551076362424,0.0,0.0,0.0,0.1619544665864643,2.577100560367636,2.0766394551034417,0.0,0.8653287022054361,0.0,0.0,0.0,0.0,0.0,0.0,0.0,1.0819323303984272,0.0,0.0,0.0,0.0,0.0,0.0,0.0,0.0,0.0,1.7026215794678135,0.0,3.650135806963729,0.0,3.2772210385308784,0.0,1.5928659114554757,0.6826213475145779,1.7504204228415174,1.0383132101865122,0.0,0.7302719765279873,0.0,0.0,0.0,0.0,0.631129510989603,0.0,0.0,0.0,0.0,0.0,0.0,0.0,0.0,0.0,0.0,0.0,0.0
0.0,0.0,0.12449853382192955,0.217027023338915,0.0,0.0,0.9804440913862688,1.0396466432789988,0.0,5.563515804286088,0.0,2.585197100838962,4.000190135099207,0.0,0.0,0.26467655478250485,3.8173637460411616,3.647456024678804,0.0,0.0,0.0,0.0,3.5196161091381883,0.0,0.0,1.2198305075709626,0.16838328438772354,0.0,1.5593849994126312,0.0,0.0,0.0,0.0,0.0,0.0,0.0,0.0,0.0,0.0,0.0,0.0,0.0,0.0,0.0,0.0,0.0,2.6936046194116567,0.0,0.0,0.0,2.7468624062546922,0.0,0.0,0.0,0.0,0.0,0.22610797389009876,1.1088621072245581,0.0,0.0,0.0,0.0,0.0,0.0,0.0,0.0,0.0,1.630485567981831,0.0,0.1688549177177267,0.0,0.0,0.0,0.0,0.0,0.0
0.0,0.0,0.0,0.5575915563509911,0.0,0.0,0.0,0.0,0.0,0.2544087810811089,0.0,0.0,0.7256933780649326,4.321959036961451,0.0,0.0,1.7378123470075835,0.5524452450284396,0.0,0.0,0.0,0.0,0.0,0.0,0.0,0.0,0.0,1.7386929077044289,2.485587664214776,1.0781755367871773,2.0104774544535338,0.0,0.0,1.4249196445037406,0.0,1.157586536413746,0.0,2.070276296854272,0.0,0.0,0.0,0.0,1.519632800106994,0.0,0.0,0.0,0.0,0.0,1.4859423515450414,1.024079850557456,0.0,0.7541222315524917,0.0,0.0,0.600360174065359,0.0,0.0,0.0,0.0,0.0,0.0,0.0,0.0,0.0,0.0,0.0,0.0,0.0,0.0,0.0,0.0,0.0,0.0,0.0,0.0,0.0
0.2386754535329549,0.13562743049535808,0.0,0.40234133307054376,0.0,0.0,0.0,0.0,0.0,0.0,0.5594121256552289,4.321910630785454,2.3004956683925006,1.4337268205544949,0.0,0.0,0.0,0.0,0.0,0.0,0.3569497447821916,0.0,2.412865522247388,1.7924867492411949,0.0,2.809095910899162,0.0,0.0,0.0,0.0,0.0,0.0,0.8091859789667819,0.0,0.0,1.296563086471125,0.4543149541257882,0.4513185079543166,0.0,0.5339578452736449,0.0,0.0,0.0,0.0,0.0,0.0,0.0,0.0,0.0,0.0,0.7567797252878214,0.0,2.126116335473103,0.0,0.0,0.18015890101185006,1.67510612570142,0.6423388955612432,0.0,0.0,0.0,0.0,0.0,0.3377389472427702,0.0,0.0,0.0,0.0,0.8090580704297197,0.0,0.0,0.0,0.0,0.0,0.0,0.0
0.12063512546310334,0.0,0.0,0.2876570076782028,0.0,0.0,0.0,0.0,0.0,2.667330727309746,3.680728564108634,2.0892335992299924,0.0,0.0,4.078786596892353,0.0,0.2052185284680897,0.0,2.7402786848134504,3.2806137117382907,0.0,2.849480559088165,0.0,0.0,0.0,0.0,2.5799968495433743,0.5965171948948713,0.0,0.7965575279375601,0.0,0.0,0.0,0.0,0.0,0.0,0.0,0.17245239726156913,0.0,0.0,0.0,0.0,0.0,0.0,1.3406838764067242,0.0,0.0,1.970370941285172,0.0,1.5962591866715805,0.0,0.0,0.0,2.3559032243399844,0.5190875118767941,1.8299646613218619,1.357448857678361,0.0,0.0,0.0,0.0,0.0,0.0,1.7565147103585417,1.9790676214174292,0.0,1.9379460383445255,0.6504012999447822,0.0,0.0,0.4233485623419697,1.765452868054207,0.0,0.0,0.0,0.0
0.0,0.0,0.0,0.3209189036526947,0.0,0.0,0.0,0.0,0.0,0.0,1.6733255761655064,4.608346623699435,0.33429859170035814,0.0,0.8123926737135152,0.0,3.662284947770136,0.7995117931234935,0.0,0.6231194310613739,0.0,0.0,0.0,0.0,0.0,2.5629101074175624,1.1925250617226808,0.33979314368686997,0.0,0.0,0.2321913159714052,0.0,0.0,0.0,0.0,0.0,1.642290394334836,1.7493057061065487,0.0,0.0,0.0,0.0,1.105922024364479,0.2360625278655276,1.8186606377054235,0.0,0.0,0.0,0.0,0.0,0.0,0.0,0.0,1.2244563507041284,0.7079969964913303,0.4949757856527031,1.0366560148419464,0.6994611051082698,0.0,0.0,0.0,0.43070028145515926,0.0,0.0,0.0,0.0,0.0,0.0,0.0,0.0,0.0,0.0,0.0,0.0,0.0,0.0
0.0,0.0,0.0,0.2237791121248264,0.0,0.0,0.0,0.0,0.0,0.0,0.0,2.4624763726680237,0.0,0.0,3.2362245085646877,0.0,0.0,0.0,3.3439973081138095,0.0,0.0,2.0664376392965274,0.0,0.0,0.0,1.4857436838065747,1.6111853965600798,0.0,0.0,0.0,0.0,0.0,0.0,0.0,0.0,0.0,0.0,0.0,0.0,0.0,0.0,0.0,0.0,0.0,1.2167808980268213,0.0,0.0,2.161412020086147,0.0,0.757142623649212,0.0,0.0,0.311262217431089,1.9427326390813688,0.16556982888631758,1.9250389505025025,1.7690951807422386,0.0,0.0,0.0,0.0,0.0,0.0,2.0505896753350177,0.0,0.0,0.0,0.0,0.0,0.0,0.0,0.0,0.0,0.0,0.0,0.0
0.1194588754003581,0.0,0.0,0.2937774025525184,0.0,0.0,0.0,0.0,0.0,0.0,0.0,0.0,1.693683429360867,1.8514235384448305,0.0,0.0,0.0,0.0,1.6543702678206293,0.0,0.0,0.0,4.3915210561292435,0.12342488020597714,0.0,2.6233191039851973,0.0,0.6744429526118232,0.0,0.0,0.0,0.0,0.0,0.0,0.0,1.4708330154804403,0.813386344976244,1.0735830966334574,0.0,0.0,0.0,0.0,1.2175807996465542,0.0,0.0,0.0,0.0,0.6819800508555232,0.0,0.0,0.0,0.0,1.373415894287261,0.0,0.6912519758401892,0.8003001320774119,1.209038735104859,1.030751299221394,0.0,0.0,0.0,0.0,0.0,0.0,0.0,0.0,0.0,0.0,0.0,0.0,0.0,0.0,0.0,0.0,0.0,0.0
0.10351710611769399,0.0,0.1890915479048873,0.27673910988820194,0.14376158678378453,0.0,0.0,0.0,0.0,0.0,0.0,0.0,0.0,1.6876475926845191,0.0,0.31713590381469575,4.5951246748684005,3.5970783810223494,0.0,0.0,0.0,0.0,1.3533377857087596,0.0,0.0,0.0,0.0,2.0201128041575536,0.43482426503775923,0.0,0.0,0.0,0.0,0.0,0.0,0.6032959327420102,0.611123707078136,0.0,0.0,0.0,0.0,0.0,2.009934423421567,0.4379450458408898,0.0,0.0,0.0,0.0,1.2249209106573549,1.4330380857763338,0.0,2.0715880444359533,0.0,0.0,0.7941972502538908,0.0,0.15323798686991633,2.4853802401792655,0.45745119280251334,0.0,0.0,2.320573909971376,0.0,0.0,0.0,0.0,0.0,0.0,0.0,0.0,0.0,0.0,0.25115071449344095,0.0,0.0,0.0
0.0,0.0,0.0,0.0,0.0,0.0,0.0,0.0,0.0,0.0,0.0,0.0,0.0,0.0,0.0,0.0,0.0,0.0,0.0,0.0,0.0,0.0,0.0,0.0,0.0,0.0,0.0,0.0,0.0,0.0,0.0,0.0,0.0,0.0,0.0,0.0,0.0,3.0786182960882695,0.0,0.0,0.0,0.0,1.0409231853789935,0.0,1.8820001233251602,0.0,0.0,0.0,0.828915336200961,0.0,0.0,0.0,0.0,0.0,0.6431338901934138,0.0,0.0,0.0,1.770263651210657,0.0,0.0,0.0,0.0,0.0,0.0,0.0,0.0,0.0,0.0,0.0,0.0,0.0,0.0,0.0,0.0,0.0
0.0,0.0,0.0,0.0,0.0,0.0,0.0,0.0,0.0,0.0,0.0,0.0,0.0,0.0,0.0,0.0,0.0,0.0,2.09550498548671,3.7266206075769213,0.0,3.458955088006693,0.24815056534874214,0.0,1.1573059692619405,0.0,3.1736033481170245,0.0,0.3258337859554095,0.0,0.0,0.0,0.0,0.0,0.0,0.0,0.0,0.0,0.0,0.0,0.0,0.0,0.0,0.0,2.0233393211873194,0.0,0.0,2.166842907658051,0.0,0.0,0.5113213788383044,0.0,0.0,1.990970703017771,0.0,1.7745444153015488,0.0,0.0,0.0,1.7270640075307382,0.0,0.0,0.0,1.3120002072326258,1.486441565442779,0.0,1.8541909717048481,1.0174533301891988,0.0,0.0,0.0,1.7467713763344594,1.5174316487490214,0.3492774057010653,0.0,0.0
0.0,0.0,0.0,0.5969125184487891,0.0,0.0,0.0,0.0,0.0,0.0,0.0,0.0,0.0,0.0,0.0,0.0,1.08739455931092,3.623226669041671,0.0,0.0,1.6391921515148509,1.2185472088532985,0.0,0.0,1.0426281422812562,0.0,0.0,0.4101380674775032,1.9175224070990406,1.398680792050754,1.0661625115156883,0.0,0.5543524272281727,0.6026300104189748,0.0,0.0,0.0,0.0,0.0,0.0,0.8443820177689991,0.0,0.0,0.0,0.0,1.1226663701294366,0.0,0.0,0.0,0.0,0.0,0.0,0.0,0.0,0.0,0.0,0.0,0.0,0.0,0.0,3.0694097327834156,0.0,3.5093339427123365,0.0,0.0,0.0,0.0,0.0,0.0,1.3558012468220184,0.0,0.0,0.0,0.0,0.0,1.56042627042094
0.0,0.0,0.0,0.23480473126245374,0.0,0.0,0.0,0.0,0.0,0.0,0.0,0.0,0.0,0.0,0.0,0.0,0.0,4.35882519809847,0.0,0.2029005134818503,0.0,0.0,0.0,0.0,0.0,0.9254699770778531,0.0,2.759000446960753,2.014412602668594,0.0,0.8093017698693835,0.0,0.0,0.0,0.0,0.0,1.3560687376207228,0.0,0.0,0.0,0.0,0.0,2.0707096795780897,0.0,0.0,0.0,0.0,0.0,0.0,0.0,0.0,1.1469397505572383,0.0,0.2757087030885145,0.9131231947265909,0.0,0.22778387786858167,2.3045512753076145,0.0,0.0,0.8262217947427918,2.357530512917323,1.647014721938441,0.0,0.0,0.0,0.0,0.0,0.0,0.0,0.0,0.0,0.0,0.0,0.0,0.0
0.0,0.0,0.0,0.2811817342547284,0.0,0.0,0.0,0.0,0.0,0.0,0.0,0.0,0.0,0.0,0.0,0.0,0.0,0.0,0.0,0.0,1.6683895978021508,0.16459572306469927,0.0,0.0,0.33290738868681535,1.334042493662495,0.0,0.0,0.9685090188314863,0.0,0.0,0.0,0.39097361447871193,0.0,0.0,0.0,0.0,0.0,0.17806386345093075,0.0,0.0,0.0,1.4274999821273338,0.0,0.0,0.0,3.17468545932367,0.0,0.0,0.0,2.1673403006555003,0.0,0.0,0.0,0.0,0.0,0.0,1.6432739273825496,0.0,0.0,1.6606070838109734,0.0,2.796252365563115,0.0,0.0,0.0,0.0,0.0,0.0,0.381495553209872,0.0,0.0,0.0,0.0,0.0,0.0
0.22352806409687065,0.0,0.0,0.3809308840454115,0.0,0.0,0.0,0.0,0.0,0.0,0.0,0.0,0.0,0.0,0.0,0.0,0.0,0.0,0.0,1.9930576397656352,0.0,1.4635418752071476,0.0,1.3773009155636236,0.0,1.1671474464636835,0.9058385414930816,0.0,0.0,0.0,0.0,0.0,0.0,0.0,0.0,0.44841586421325674,0.0,0.0,0.0,0.0,0.0,0.0,0.0,0.820269491360729,0.2496386150363899,0.0,0.0,1.7870512621118577,0.0,0.0,0.0,0.0,0.0,1.7744585829801724,0.0,1.7342032085749168,0.0,0.0,0.0,0.0,0.0,0.0,0.0,2.101345000415912,0.0,0.0,0.0,0.0,0.0,0.0,0.0,0.0,0.0,0.0,0.0,0.0
0.0,0.0,0.0,0.0,0.0,0.0,0.0,0.0,0.0,0.0,0.0,0.0,0.0,0.0,0.0,0.0,0.0,0.0,0.0,0.0,0.0,3.2384644955149904,0.3641808464029632,0.0,0.9798766775427966,0.0,3.04752492413989,1.8693747631010011,1.084391350885169,2.6862539063148345,2.0593289811681186,0.0,0.0,0.0,0.0,0.0,0.0,0.0,0.0,0.0,0.0,0.0,0.0,0.13842157542646533,1.8432056436946351,0.0,0.0,1.7440690394631144,0.0,1.103309590931265,0.0,0.0,0.0,1.6926556354176574,0.44096558428643173,1.1863796019686812,0.0,0.0,0.0,1.9213814388656492,0.8828216144759362,0.0,0.5177514691839875,1.1614178618379007,1.3924852755061423,0.0,1.8591258075525527,1.356673065284823,0.0,0.0,0.0,1.6807624991190402,1.296654161188126,0.0,0.0,0.0
0.19965337468123143,0.0,0.0,0.3917236183261429,0.0,0.0,0.0,0.0,0.0,0.0,0.0,0.0,0.0,0.0,0.0,0.0,0.0,0.0,0.0,0.0,0.0,0.0,0.0,0.0,2.429970986894837,0.0,0.0,0.0,0.0,0.0,0.0,0.0,1.2815018223233472,0.6213425833154734,0.0,0.0,0.0,0.0,0.0,0.9520616379370564,0.0,0.0,0.0,0.0,0.0,2.2748355023862463,0.0,0.0,0.0,0.0,0.0,0.0,1.2101158039332376,0.0,0.0,0.0,0.0,0.0,0.0,0.0,0.3553943762755397,0.0,0.0,0.0,0.0,2.278039503238305,0.0,0.0,0.0,0.0,0.0,0.0,0.0,0.17589102212440835,0.0,0.0
0.0,0.0,0.0,0.24283827091894,0.0,0.0,0.0,0.0,0.0,0.0,0.0,0.0,0.0,0.0,0.0,0.0,0.0,0.0,0.0,0.0,0.0,0.0,0.0,0.0,3.0040480353341765,0.0,3.0361148741341992,1.0057391117245484,0.8411109348102375,2.0490251773027635,2.0410420411057535,0.0,0.0,0.0,0.0,0.0,0.0,0.0,0.0,0.0,0.0,0.0,0.0,0.0,1.6179480923563125,0.6799047983757806,0.0,1.8252748935055374,0.0,0.0,0.0,0.0,0.0,1.583233321905548,0.20593052880827187,1.373728117961332,0.0,0.0,0.0,1.859913316014823,1.220314529904514,0.0,0.6121831165179585,0.9518617110106222,1.3803800482555983,0.11859065687568532,2.089930351908456,0.7616036892809467,0.0,0.7944648151904381,0.0,1.9436081715616442,1.3432324604202763,0.39477670010619614,0.41476990506568223,0.0
0.0,0.0,0.0,0.2735742449984664,0.0,0.0,0.0,0.0,0.0,0.0,0.0,0.0,0.0,0.0,0.0,0.0,0.0,0.0,0.0,0.0,0.0,0.0,0.0,0.0,0.0,2.897200418917895,0.0,1.6037773536620303,0.0,0.0,0.0,0.7839433931737172,0.0,0.0,0.0,1.5688621541566135,0.0,1.4977909860697733,0.0,0.0,0.0,0.0,0.0,0.0,1.2485698291887937,0.0,1.9867561059840244,0.0,0.9574005620345225,0.0,1.7232039099067746,0.0,0.8305281498647348,0.15601099320773024,0.0,0.0,1.3480797423784436,0.0,0.4727760438967187,0.0,0.0,0.0,0.0,0.0,0.0,0.0,0.0,1.417001745884952,0.0,0.0,0.0,0.0,0.0,0.0,0.0,0.0
0.0,0.0,0.0,0.0,0.0,0.0,0.0,0.0,0.0,0.0,0.0,0.0,0.0,0.0,0.0,0.0,0.0,0.0,0.0,0.0,0.0,0.0,0.0,0.0,0.5188945150056161,2.056951312414188,0.0,0.0,0.0,0.0,0.0,0.0,2.4259575652750875,0.0,0.0,0.0,0.0,0.0,0.0,2.2143525649981997,1.6507529663595433,1.547747706844861,0.0,0.0,0.0,1.816762558674687,0.0,0.6130113015756596,0.0,0.0,0.879420924873397,0.0,1.775854079928703,0.0,0.0,0.0,1.16269218111432,0.7974337315620573,0.0,0.0,0.0,0.0,0.0,0.0,0.5571684862869933,0.0,0.0,0.0,1.6256823828845688,0.0,1.218260883671269,0.0,0.1945616199873589,0.0,0.7516657698227603,0.4134803393312601
0.0,0.0,0.0,0.0,0.0,0.0,0.0,0.0,0.0,0.0,0.0,0.0,0.0,0.0,0.0,0.0,0.0,0.0,0.0,0.0,0.0,0.0,0.0,0.0,0.0,0.0,1.0628055523736697,0.0,0.909824447439679,0.0,0.4348888800267805,0.0,2.0187302702012797,0.6065798337120094,0.0,0.0,0.0,0.0,0.0,1.659645995623798,1.8156290633942702,0.0,0.0,0.0,0.0,1.8849609722738327,0.285476284071804,0.0,0.0,0.0,0.6152780567108926,0.0,0.0,0.0,0.0,0.0,0.0,0.0,0.5445180563688466,0.32939991212808994,1.0225741356969447,0.0,0.0,0.0,0.8067907554345477,1.3881133177243379,0.7720050379031095,0.0,0.7928527030245516,2.4810457076209813,1.2282974019310122,1.2344686807710465,0.0,2.166025430190003,0.5092711233469166,1.200877640063743
0.0,0.0,0.0,0.0,0.0,0.0,0.0,0.0,0.0,0.0,0.0,0.0,0.0,0.0,0.0,0.0,0.0,0.0,0.0,0.0,0.0,0.0,0.0,0.0,0.0,0.0,0.0,0.0,0.0,0.0,0.0,0.0,1.4778777677409873,0.0,0.0,0.0,0.0,0.0,0.0,1.267771216696867,0.0,0.0,1.1923973888315138,0.0,0.5000358795859295,0.0,2.0290453952751024,0.6302825279516328,0.0,0.0,2.3565783373255553,0.0,2.359934431094212,1.0602063875453456,0.6513043779602279,0.7614249423330326,1.9584230090987442,1.3710064984054207,0.0,0.0,0.0,0.9569922671395169,0.0,0.8151085241082574,0.5222984833831362,0.0,0.2105386612549828,0.0,1.2332232597208554,0.0,2.2360230687546325,0.0,0.0,0.0,0.0,0.0
0.0,0.0,0.0,0.0,0.0,0.0,0.0,0.0,0.0,0.0,0.0,0.0,0.0,0.0,0.0,0.0,0.0,0.0,0.0,0.0,0.0,0.0,0.0,0.0,0.0,0.0,0.0,0.0,1.3360896564623748,0.0,1.3988230712473406,0.0,0.0,0.0,0.0,0.0,0.0,0.0,0.0,0.0,0.0,0.0,0.0,0.0,0.0,0.0,0.0,1.0976888049237377,0.0,1.505086124809002,0.3759533726239991,0.0,0.0,1.7596037139085974,1.1171264430844574,0.7187123699259019,0.0,0.0,0.0,2.01001766786241,0.6870564854499579,0.0,0.4468998959900537,0.5639287212605576,1.584490540269924,0.0,2.080064326174202,1.1202377796462657,0.0,0.486988497162494,0.0,1.8382419470638414,0.0,0.6374076297611139,0.0,0.0
0.0,0.0,0.0,0.13159544463080564,0.0,0.0,0.0,0.0,0.0,0.0,0.0,0.0,0.0,0.0,0.0,0.0,0.0,0.0,0.0,0.0,0.0,0.0,0.0,0.0,0.0,0.0,0.0,0.0,1.722280402683913,2.856435237010654,1.7979309959311323,0.0,0.0,0.0,0.0,2.1572090157919623,0.7733663670366401,0.0,0.0,0.0,0.0,0.0,2.0990736335617357,0.0,0.0,0.0,0.0,0.6473180797866271,0.0,1.2467323862284365,0.0,1.352705570933232,0.0,0.17536455453700553,0.9040399576075077,0.0,0.0,0.2803087333451374,0.7547708166864308,0.0,0.0,0.0,1.1155839255794753,0.0,0.0,0.0,0.0,0.0,0.0,0.0,0.0,0.0,0.33895232120131275,0.0,0.0,0.0
0.0,0.0,0.0,0.13389185663668923,0.0,0.0,0.0,0.0,0.0,0.0,0.0,0.0,0.0,0.0,0.0,0.0,0.0,0.0,0.0,0.0,0.0,0.0,0.0,0.0,0.0,0.0,0.0,0.0,0.0,2.105892248054548,2.4633464171263046,0.0,0.0,0.22231965714927499,0.0,0.0,0.0,0.0,0.0,0.0,0.0,0.0,0.0,0.0,0.0,0.0,0.0,0.0,0.0,0.0,0.3096737853444206,0.0,0.0,0.0,0.7620717699052569,0.0,0.0,0.0,0.0,0.15997737013442567,2.465199490413532,0.0,0.0,0.0,0.0,0.8675844956034279,0.22243212491635395,0.0,0.0,1.6993127174436158,0.0,0.23498595352219892,0.0,0.5012553644802077,0.0,0.0
0.0,0.0,0.0,0.0,0.0,0.0,0.0,0.0,0.0,0.0,0.0,0.0,0.0,0.0,0.0,0.0,0.0,0.0,0.0,0.0,0.0,0.0,0.0,0.0,0.0,0.0,0.0,0.0,0.0,0.0,2.021018692456584,0.2706118705476891,0.0,0.0,0.47461931062424223,1.9902091113526954,0.0,0.3410789134003342,0.0,0.0,0.0,0.0,0.0,0.0,0.0,0.0,0.0,0.0,0.0,0.0,0.0,0.5020836020892602,0.0,0.22104701492616602,0.0,0.0,0.0,0.0,0.0,0.0,1.6318187775585078,0.0,0.0,0.0,0.0,0.0,0.0,0.0,0.0,0.0,0.0,0.0,0.0,0.0,1.2340507886275436,0.0
0.0,0.0,0.0,0.0,0.0,0.0,0.0,0.0,0.0,0.0,0.0,0.0,0.0,0.0,0.0,0.0,0.0,0.0,0.0,0.0,0.0,0.0,0.0,0.0,0.0,0.0,0.0,0.0,0.0,0.0,0.0,0.0,0.0,0.5129540440898366,2.038187692218627,0.0,1.5502306715676626,1.793845478628012,0.0,0.0,0.0,0.0,0.8950556092025708,0.0,0.0,0.0,0.0,0.0,0.6119857039603468,0.0,0.0,0.0,0.0,0.0,0.7984244772087176,0.0,0.0,0.0,0.0,0.0,0.0,0.0,0.0,0.0,0.0,0.9314620318086715,0.0,0.0,0.0,0.0,0.0,0.0,0.0,0.0,0.0,0.0
0.0,0.0,0.0,0.0,0.0,0.0,0.0,0.0,0.0,0.0,0.0,0.0,0.0,0.0,0.0,0.0,0.0,0.0,0.0,0.0,0.0,0.0,0.0,0.0,0.0,0.0,0.0,0.0,0.0,0.0,0.0,0.1741309834208146,0.0,0.0,0.0,0.0,0.0,0.0,1.906332498520559,0.0,0.0,0.0,0.0,0.0,0.0,0.0,0.0,0.0,0.0,0.0,0.0,0.0,0.0,0.0,0.0,0.0,0.0,0.0,0.0,0.0,0.0,0.0,0.10993858223684166,0.0,0.0,0.0,0.0,0.0,0.0,0.0,0.0,0.0,0.0,0.0,0.0,0.0
0.0,0.0,0.0,0.0,0.0,0.0,0.0,0.0,0.0,0.0,0.0,0.0,0.0,0.0,0.0,0.0,0.0,0.0,0.0,0.0,0.0,0.0,0.0,0.0,0.0,0.0,0.0,0.0,0.0,0.0,0.0,0.10707754894885874,0.0,0.0,0.0,0.0,0.0,0.0,0.0,2.2930002296549064,2.1883653652587567,0.0,0.0,0.0,0.0,1.7161403694068658,0.0,0.0,0.0,0.0,0.0,0.0,1.3973739434443577,0.0,0.0,0.0,0.5255516310426362,0.0,0.0,0.0,0.0,0.0,0.0,0.0,0.21712680634006842,0.0,0.0,0.0,1.9304160399690824,0.0,1.00062354613519,0.0,0.0,0.0,0.0,0.8838645675291007
0.0,0.0,0.0,0.0,0.0,0.0,0.0,0.0,0.0,0.0,0.0,0.0,0.0,0.0,0.0,0.0,0.0,0.0,0.0,0.0,0.0,0.0,0.0,0.0,0.0,0.0,0.0,0.0,0.0,0.0,0.0,0.24522479788115512,0.0,0.0,1.361569399813892,0.0,0.8575600732634729,0.28173925607418293,0.0,0.0,1.870466336325665,0.0,0.0,0.0,0.0,0.0,0.0,0.0,0.0,0.0,0.0,0.0,0.0,0.0,0.0,0.0,0.0,0.0,0.0,0.0,0.0,0.0,0.0,0.0,0.0,0.0,0.0,0.0,0.0,0.0,0.0,0.0,0.0,0.0,0.0,0.0
0.0,0.0,0.0,0.0,0.0,0.0,0.0,0.0,0.0,0.0,0.0,0.0,0.0,0.0,0.0,0.0,0.0,0.0,0.0,0.0,0.0,0.0,0.0,0.0,0.0,0.0,0.0,0.0,0.0,0.0,0.0,0.0,0.0,0.0,0.0,0.0,0.0,0.0,1.26999631337553,0.0,0.0,0.0,0.0,0.0,0.0,0.0,0.0,0.0,0.0,0.0,0.0,0.0,0.0,0.0,0.0,0.0,0.0,0.0,0.0,0.0,0.0,0.0,0.0,0.0,0.0,0.0,0.0,0.0,0.0,0.0,0.0,0.0,0.0,0.0,0.0,0.0
0.0,0.0,0.0,0.0,0.0,0.0,0.0,0.0,0.0,0.0,0.0,0.0,0.0,0.0,0.0,0.0,0.0,0.0,0.0,0.0,0.0,0.0,0.0,0.0,0.0,0.0,0.0,0.0,0.0,0.0,0.0,0.0,0.0,0.0,0.0,0.0,1.6308069228835391,0.0,0.0,0.0,0.0,0.0,2.675491820877506,0.0,0.0,0.0,0.0,0.0,0.5928792097158665,0.0,0.0,0.0,0.0,0.0,0.493223740449084,0.0,0.0,0.0,0.0,0.0,0.0,0.0,0.0,0.0,0.0,0.0,0.0,0.0,0.0,0.0,0.0,0.0,0.0,0.0,0.0,0.0
0.0,0.0,0.0,0.0,0.0,0.0,0.0,0.0,0.0,0.0,0.0,0.0,0.0,0.0,0.0,0.0,0.0,0.0,0.0,0.0,0.0,0.0,0.0,0.0,0.0,0.0,0.0,0.0,0.0,0.0,0.0,0.0,0.0,0.0,0.0,0.0,0.0,0.0,0.0,0.0,0.0,0.0,2.617458768003005,2.8472042124014605,0.0,0.0,0.0,0.0,0.8733582476672834,0.0,0.0,0.0,0.0,0.0,0.8549155633508363,0.0,0.0,0.0,0.5634115771058286,0.0,0.0,0.0,0.0,0.0,0.0,0.0,0.0,0.0,0.0,0.0,0.0,0.0,0.0,0.0,0.0,0.0
0.0,0.0,0.0,0.0,0.0,0.0,0.0,0.0,0.0,0.0,0.0,0.0,0.0,0.0,0.0,0.0,0.0,0.0,0.0,0.0,0.0,0.0,0.0,0.0,0.0,0.0,0.0,0.0,0.0,0.0,0.0,0.15130494555572943,0.0,0.0,0.0,0.0,0.0,0.0,0.0,0.0,0.0,0.0,0.0,0.0,1.1429556735087794,0.0,0.0,0.1197383339653497,0.0,0.8961878157010073,0.0,0.5812634690406541,0.0,0.0,0.0,0.0,0.0,0.0,0.0,0.0,0.0,0.0,0.0,0.0,0.0,0.0,0.0,1.0186764317410617,0.0,0.0,0.0,0.0,0.0,0.0,0.0,0.0
0.0,0.0,0.0,0.0,0.0,0.0,0.0,0.0,0.0,0.0,0.0,0.0,0.0,0.0,0.0,0.0,0.0,0.0,0.0,0.0,0.0,0.0,0.0,0.0,0.0,0.0,0.0,0.0,0.0,0.0,0.0,0.0,0.0,0.0,0.0,0.0,0.0,0.0,0.0,0.0,0.5339422779973896,0.943462192862414,0.0,0.0,0.0,0.0,0.0,0.0,0.0,0.0,0.0,0.0,0.0,0.0,0.0,0.0,0.0,0.0,0.0,0.0,0.0,0.0,0.0,0.0,0.0,0.0,0.0,0.0,0.0,0.0,0.0,0.0,0.0,0.0,0.0,0.0
0.0,0.0,0.0,0.0,0.0,0.0,0.0,0.0,0.0,0.0,0.0,0.0,0.0,0.0,0.0,0.0,0.0,0.0,0.0,0.0,0.0,0.0,0.0,0.0,0.0,0.0,0.0,0.0,0.0,0.0,0.0,0.12764082416706102,0.0,0.0,0.0,0.0,0.0,0.0,0.0,0.0,2.1015731291968316,2.1896844759632255,0.0,0.45298856530259257,0.0,1.5768220325327442,0.0,0.0,0.0,0.0,0.0,0.0,0.0,0.0,0.0,0.0,0.0,0.0,0.0,0.0,0.0,0.0,0.0,0.0,0.22651444505589202,0.0,0.0,0.0,1.9245601279084599,0.0,0.6426310681382048,0.0,0.0,1.6546910476111094,0.8255842349978232,0.7622381660248463
0.0,0.0,0.0,0.0,0.0,0.0,0.0,0.0,0.0,0.0,0.0,0.0,0.0,0.0,0.0,0.0,0.0,0.0,0.0,0.0,0.0,0.0,0.0,0.0,0.0,0.0,0.0,0.0,0.0,0.0,0.0,0.10859428516050013,0.0,0.0,0.0,0.0,0.0,0.0,0.0,0.0,0.0,2.3713732179329257,0.0,0.0,0.0,2.348672461845037,0.0,0.0,0.0,0.0,0.0,0.0,0.0,0.0,0.0,0.0,0.0,0.0,0.0,0.0,0.0,0.0,0.0,0.0,0.0,0.0,0.0,0.0,1.707116877348618,1.1018183263798356,0.0,0.0,0.0,1.7709456290982932,0.0,0.9366228237964829
0.0,0.0,0.0,0.0,0.0,0.0,0.0,0.0,0.0,0.0,0.0,0.0,0.0,0.0,0.0,0.0,0.0,0.0,0.0,0.0,0.0,0.0,0.0,0.0,0.0,0.0,0.0,0.0,0.0,0.0,0.0,0.0,0.0,0.0,0.0,0.0,0.0,0.0,0.0,0.0,0.0,0.0,0.0,0.0,0.0,0.0,0.0,0.0,0.0,0.0,0.0,0.0,0.0,0.0,0.0,0.0,0.0,0.0,0.0,0.0,0.0,0.0,0.0,0.0,0.0,0.0,0.0,0.0,0.0,0.0,0.0,0.0,0.0,0.0,0.0,0.0
0.0,0.0,0.0,0.0,0.0,0.0,0.0,0.0,0.0,0.0,0.0,0.0,0.0,0.0,0.0,0.0,0.0,0.0,0.0,0.0,0.0,0.0,0.0,0.0,0.0,0.0,0.0,0.0,0.0,0.0,0.0,0.13361457064694265,0.0,0.0,0.0,0.0,0.0,0.0,0.0,0.0,0.0,0.0,0.0,2.317470152303281,0.0,0.0,0.0,0.0,0.9252778114221779,0.4438102697527958,0.0,0.6397973252730529,0.0,0.0,0.7017396051643923,0.0,0.3409418591718276,0.0,0.0,0.0,0.0,0.0,0.0,0.0,0.0,0.0,0.0,0.0,0.0,0.0,0.0,0.0,0.0,0.0,0.0,0.0
0.0,0.0,0.0,0.0,0.0,0.0,0.0,0.0,0.0,0.0,0.0,0.0,0.0,0.0,0.0,0.0,0.0,0.0,0.0,0.0,0.0,0.0,0.0,0.0,0.0,0.0,0.0,0.0,0.0,0.0,0.0,0.0,0.0,0.0,0.0,0.0,0.0,0.0,0.0,0.0,0.0,0.0,0.0,0.0,0.0,0.0,0.0,0.0,0.0,0.0,0.0,0.0,0.0,0.0,0.0,0.0,0.0,0.0,0.0,0.0,0.0,0.0,0.15927134425580494,0.0,0.0,0.0,0.0,0.0,0.0,0.0,0.0,0.0,0.0,0.0,0.7212932737792734,0.0
0.0,0.0,0.0,0.0,0.0,0.0,0.0,0.0,0.0,0.0,0.0,0.0,0.0,0.0,0.0,0.0,0.0,0.0,0.0,0.0,0.0,0.0,0.0,0.0,0.0,0.0,0.0,0.0,0.0,0.0,0.0,0.0,0.0,0.0,0.0,0.0,0.0,0.0,0.0,0.0,0.0,0.0,0.0,0.0,0.0,0.0,0.0,1.3544082194853972,0.0,0.0,0.0,0.0,0.0,0.0,0.0,0.0,0.0,0.0,0.0,0.0,0.0,0.0,0.0,0.25189592690690754,0.2407235514459986,0.0,0.45377607848887536,0.0,0.0,0.0,0.0,0.0,0.4359636642668302,0.0,0.0,0.0
0.0,0.0,0.0,0.0,0.0,0.0,0.0,0.0,0.0,0.0,0.0,0.0,0.0,0.0,0.0,0.0,0.0,0.0,0.0,0.0,0.0,0.0,0.0,0.0,0.0,0.0,0.0,0.0,0.0,0.0,0.0,0.0,0.0,0.0,0.0,0.0,0.0,0.0,0.0,0.0,0.0,0.0,0.0,0.0,0.0,0.0,0.0,0.0,0.0,0.0,0.0,0.0,0.0,0.0,0.2236099180647751,0.0,0.0,0.0,0.0,0.0,0.0,0.0,0.0,0.0,0.0,0.8482397841584569,0.0,0.0,1.7225743274942142,0.8060984646251539,0.0,0.0,0.0,1.281798411426495,1.8856429259247034,2.3775452771561314
0.0,0.0,0.0,0.0,0.0,0.0,0.0,0.0,0.0,0.0,0.0,0.0,0.0,0.0,0.0,0.0,0.0,0.0,0.0,0.0,0.0,0.0,0.0,0.0,0.0,0.0,0.0,0.0,0.0,0.0,0.0,0.0,0.0,0.0,0.0,0.0,0.0,0.0,0.0,0.0,0.0,0.0,0.0,0.0,0.0,0.0,0.0,0.0,0.0,0.0,2.610904888701204,0.0,1.2870832992724044,0.0,2.146645297478446,0.0,0.0,0.0,0.0,0.0,0.609063673637448,1.8939160989296155,0.863252954895513,0.0,0.0,1.1266931769881068,0.0,0.8353971421941221,0.0,0.5540406734475668,1.1945376106262597,0.0,0.0,0.0,0.0,0.0
0.0,0.0,0.0,0.0,0.0,0.0,0.0,0.0,0.0,0.0,0.0,0.0,0.0,0.0,0.0,0.0,0.0,0.0,0.0,0.0,0.0,0.0,0.0,0.0,0.0,0.0,0.0,0.0,0.0,0.0,0.0,0.0,0.0,0.0,0.0,0.0,0.0,0.0,0.0,0.0,0.0,0.0,0.0,0.0,0.0,0.0,0.0,0.0,0.0,1.318286124065751,0.0,0.36129716269224793,0.0,1.5716081856706046,0.2810060720015284,2.1342600227011235,1.1712714286905115,0.27780828007722597,0.0,0.0,0.0,0.0,0.0,1.5888356591031543,0.0,0.0,1.0685987246139028,0.1246391405603009,0.40360089064141946,0.0,0.0,0.0,0.0,0.0,0.6714796813632092,0.0
0.0,0.0,0.0,0.0,0.0,0.0,0.0,0.0,0.0,0.0,0.0,0.0,0.0,0.0,0.0,0.0,0.0,0.0,0.0,0.0,0.0,0.0,0.0,0.0,0.0,0.0,0.0,0.0,0.0,0.0,0.0,0.0,0.0,0.0,0.0,0.0,0.0,0.0,0.11248012501612592,0.0,0.0,0.0,0.0,0.0,0.0,0.0,0.0,0.0,0.0,0.0,0.0,1.4748023731749549,0.0,0.0,0.9016658260164925,0.0,0.0,0.0,0.0,0.0,0.0,0.0,0.0,0.0,0.0,0.0,0.0,0.0,0.0,0.0,0.0,0.0,0.0,0.0,0.0,0.0
0.0,0.0,0.0,0.0,0.0,0.0,0.0,0.0,0.0,0.0,0.0,0.0,0.0,0.0,0.0,0.0,0.0,0.0,0.0,0.0,0.0,0.0,0.0,0.0,0.0,0.0,0.0,0.0,0.0,0.0,0.0,0.0,0.0,0.0,0.0,0.0,0.0,0.0,0.0,0.0,0.0,0.0,0.0,0.0,0.0,0.0,0.0,0.0,0.0,0.0,0.0,3.54226898619586,0.0,0.6181227520326777,0.0,0.9472075661609777,0.0,0.0,1.1776836221177307,0.0,0.0,0.0,0.0,0.0,0.0,0.0,0.0,0.0,0.0,0.0,0.0,0.3816521816956894,0.0,0.0,0.0,0.0
0.0,0.0,0.0,0.0,0.0,0.0,0.0,0.0,0.0,0.0,0.0,0.0,0.0,0.0,0.0,0.0,0.0,0.0,0.0,0.0,0.0,0.0,0.0,0.0,0.0,0.0,0.0,0.0,0.0,0.0,0.0,0.0,0.0,0.0,0.0,0.0,0.0,0.0,0.0,0.0,0.0,0.0,0.0,0.0,0.0,0.0,0.0,0.0,0.0,0.0,0.0,0.0,0.9824879697494424,0.0,0.0,0.0,1.4690135652961376,2.1540811217602123,0.0,0.0,0.0,0.0,0.9248102065554358,0.0,0.0,0.0,0.11105216233104151,0.36205345458131055,0.777210832922694,0.0,2.0133923484252234,0.0,0.0,1.1141872938392132,0.0,0.0
0.0,0.0,0.0,0.0,0.0,0.0,0.0,0.0,0.0,0.0,0.0,0.0,0.0,0.0,0.0,0.0,0.0,0.0,0.0,0.0,0.0,0.0,0.0,0.0,0.0,0.0,0.0,0.0,0.0,0.0,0.0,0.1986557707919791,0.0,0.0,0.0,0.0,0.0,0.0,0.2433067272299531,0.0,0.0,0.0,0.0,0.0,0.0,0.0,0.0,0.0,0.0,0.0,0.0,0.0,0.0,0.0,0.0,0.4963188726516711,0.0,2.1930040474162444,0.0,0.0,0.0,0.9655856000074783,0.0,0.0,0.0,0.0,0.0,0.0,0.0,0.0,0.0,0.0,0.0,0.0,0.0,0.0
0.0,0.0,0.0,0.0,0.0,0.0,0.0,0.0,0.0,0.0,0.0,0.0,0.0,0.0,0.0,0.0,0.0,0.0,0.0,0.0,0.0,0.0,0.0,0.0,0.0,0.0,0.0,0.0,0.0,0.0,0.0,0.0,0.0,0.0,0.0,0.0,0.0,0.0,0.0,0.0,0.0,0.0,0.0,0.0,0.0,0.0,0.0,0.0,0.0,0.0,0.0,0.0,0.0,0.0,0.0,0.20882246940786164,1.645772470439846,1.3916728445967628,0.0,0.0,0.0,0.0,0.0,0.0,0.0,0.3028750757804691,0.0,0.0,1.579094805597926,0.0,0.0,0.0,0.0,0.0,0.0,0.0
0.0,0.0,0.0,0.0,0.0,0.0,0.0,0.0,0.0,0.0,0.0,0.0,0.0,0.0,0.0,0.0,0.0,0.0,0.0,0.0,0.0,0.0,0.0,0.0,0.0,0.0,0.0,0.0,0.0,0.0,0.0,0.0,0.0,0.0,0.0,0.0,0.0,0.0,0.0,0.0,0.0,0.0,0.0,0.0,0.0,0.0,0.0,0.0,0.0,0.0,0.0,0.0,0.0,0.0,0.24527692775149998,1.443985807771449,0.0,0.0,0.0,0.0,0.0,0.0,0.0,1.611090744863628,1.814805699782797,0.0,1.8642557006545524,0.3510824392455488,0.0,0.0,0.3129041438858037,1.5257082740098775,1.099982320197229,0.0,0.0,0.0
0.0,0.0,0.0,0.0,0.0,0.0,0.0,0.0,0.0,0.0,0.0,0.0,0.0,0.0,0.0,0.0,0.0,0.0,0.0,0.0,0.0,0.0,0.0,0.0,0.0,0.0,0.0,0.0,0.0,0.0,0.0,0.0,0.0,0.0,0.0,0.0,0.0,0.0,0.0,0.0,0.0,0.0,0.0,0.0,0.0,0.0,0.0,0.0,0.0,0.0,0.0,0.0,0.0,0.0,0.0,0.0,0.39611513352308536,0.0,0.0,0.3294675851864477,0.0,1.8581847037672274,0.734402493684918,0.0,0.0,2.6080480390164227,0.0,0.0,0.0,0.8592663455897327,1.2156266357688519,0.0,0.0,0.0,0.0,0.0
0.0,0.0,0.0,0.0,0.0,0.0,0.0,0.0,0.0,0.0,0.0,0.0,0.0,0.0,0.0,0.0,0.0,0.0,0.0,0.0,0.0,0.0,0.0,0.0,0.0,0.0,0.0,0.0,0.0,0.0,0.0,0.0,0.0,0.0,0.0,0.0,0.0,0.0,0.0,0.0,0.0,0.0,0.0,0.0,0.0,0.0,0.0,0.0,0.0,0.0,0.0,0.0,0.0,0.0,0.0,0.0,1.2664594654254462,0.38346785047960164,0.0,0.0,0.0,0.0,0.0,1.6163466418155243,0.0,0.0,0.0,0.0,0.0,0.0,0.0,0.0,0.0,0.0,0.0,0.0
0.0,0.0,0.0,0.0,0.0,0.0,0.0,0.0,0.0,0.0,0.0,0.0,0.0,0.0,0.0,0.0,0.0,0.0,0.0,0.0,0.0,0.0,0.0,0.0,0.0,0.0,0.0,0.0,0.0,0.0,0.0,0.0,0.0,0.0,0.0,0.0,0.0,0.0,0.0,0.0,0.0,0.0,0.0,0.0,0.0,0.0,0.0,0.0,0.0,0.0,0.0,0.0,0.0,0.0,0.0,0.0,0.0,1.8731611994411832,0.0,0.0,0.0,0.0,0.0,0.0,0.0,0.0,0.0,0.0,1.0137485422523185,0.0,0.0,0.0,0.0,0.0,0.574754307365434,0.0
0.0,0.0,0.0,0.0,0.0,0.0,0.0,0.0,0.0,0.0,0.0,0.0,0.0,0.0,0.0,0.0,0.0,0.0,0.0,0.0,0.0,0.0,0.0,0.0,0.0,0.0,0.0,0.0,0.0,0.0,0.0,0.11532914712689535,0.0,0.0,0.0,0.0,0.0,0.0,0.0,0.0,0.0,0.0,0.0,0.0,0.0,0.0,0.0,0.0,0.0,0.0,0.0,0.0,0.0,0.0,0.0,0.0,0.0,0.0,0.0,0.0,0.0,2.889984900006155,0.0,0.0,0.0,0.0,0.0,0.0,0.8786249440906888,0.0,1.3945109441133066,0.0,0.41032504412438087,0.0,0.0,0.0
0.0,0.0,0.0,0.0,0.0,0.0,0.0,0.0,0.0,0.0,0.0,0.0,0.0,0.0,0.0,0.0,0.0,0.0,0.0,0.0,0.0,0.0,0.0,0.0,0.0,0.0,0.0,0.0,0.0,0.0,0.0,0.0,0.0,0.0,0.0,0.0,0.0,0.0,0.0,0.0,0.0,0.0,0.0,0.0,0.0,0.0,0.0,0.0,0.0,0.0,0.0,0.0,0.0,0.0,0.0,0.0,0.0,0.0,0.0,0.0,1.15074640559581,0.0,0.0,0.0,0.0,0.0,0.0,0.0,0.0,0.0,0.0,0.0,0.0,0.0,0.0,0.0
0.0,0.0,0.0,0.0,0.0,0.0,0.0,0.0,0.0,0.0,0.0,0.0,0.0,0.0,0.0,0.0,0.0,0.0,0.0,0.0,0.0,0.0,0.0,0.0,0.0,0.0,0.0,0.0,0.0,0.0,0.0,0.0,0.0,0.0,0.0,0.0,0.0,0.0,0.0,0.0,0.0,0.0,0.0,0.0,0.0,0.0,0.0,0.0,0.0,0.0,0.0,0.0,0.0,0.0,0.0,0.0,0.0,0.0,0.0,0.0,0.0,0.0,0.0,0.0,1.5046413535101077,0.0,1.8752844278094913,1.0820483253503217,0.0,0.0,0.0,1.8270145614682032,0.0,0.20424052214255028,0.0,0.0
0.0,0.0,0.0,0.0,0.0,0.0,0.0,0.0,0.0,0.0,0.0,0.0,0.0,0.0,0.0,0.0,0.0,0.0,0.0,0.0,0.0,0.0,0.0,0.0,0.0,0.0,0.0,0.0,0.0,0.0,0.0,0.0,0.0,0.0,0.0,0.0,0.0,0.0,0.0,0.0,0.0,0.0,0.0,0.0,0.0,0.0,0.0,0.0,0.0,0.0,0.0,0.0,0.0,0.0,0.0,0.0,0.0,0.0,0.0,0.0,0.0,0.25944177338951696,2.876585407593714,0.0,0.0,1.0172927874839923,0.0,0.0,0.0,1.7022561380567898,0.0,0.0,0.0,0.0,0.17647190875543856,0.2583641993574714
0.0,0.0,0.0,0.0,0.0,0.0,0.0,0.0,0.0,0.0,0.0,0.0,0.0,0.0,0.0,0.0,0.0,0.0,0.0,0.0,0.0,0.0,0.0,0.0,0.0,0.0,0.0,0.0,0.0,0.0,0.0,0.0,0.0,0.0,0.0,0.0,0.0,0.0,0.11398055911435168,0.0,0.0,0.0,0.0,0.0,0.0,0.0,0.0,0.0,0.0,0.0,0.0,0.0,0.0,0.0,0.0,0.0,0.0,0.0,0.0,0.0,0.0,0.0,1.5819140513047154,0.0,0.0,0.0,0.0,0.0,0.0,0.0,1.5458491157404697,0.0,0.0,0.0,0.0,0.0
0.0,0.0,0.0,0.0,0.0,0.0,0.0,0.0,0.0,0.0,0.0,0.0,0.0,0.0,0.0,0.0,0.0,0.0,0.0,0.0,0.0,0.0,0.0,0.0,0.0,0.0,0.0,0.0,0.0,0.0,0.0,0.12149521474800737,0.0,0.0,0.0,0.0,0.0,0.0,0.0,0.0,0.0,0.0,0.0,0.0,0.0,0.0,0.0,0.0,0.0,0.0,0.0,0.0,0.0,0.0,0.0,0.0,0.0,0.0,0.0,0.0,0.0,0.0,0.0,0.0,0.0,0.0,0.0,0.0,0.0,0.8363462305830758,0.0,0.0,0.0,0.13747066148647813,1.4701196019135312,0.3000728786738433
0.0,0.0,0.0,0.0,0.0,0.0,0.0,0.0,0.0,0.0,0.0,0.0,0.0,0.0,0.0,0.0,0.0,0.0,0.0,0.0,0.0,0.0,0.0,0.0,0.0,0.0,0.0,0.0,0.0,0.0,0.0,0.0,0.0,0.0,0.0,0.0,0.0,0.0,0.0,0.0,0.0,0.0,0.0,0.0,0.0,0.0,0.0,0.0,0.0,0.0,0.0,0.0,0.0,0.0,0.0,0.0,0.0,0.0,0.0,0.0,0.0,0.0,0.0,0.0,1.4419022524437892,0.0,0.7892148914479887,0.0,0.0,0.0,0.0,0.0,0.0,0.0,0.0,0.0
0.0,0.0,0.0,0.0,0.0,0.0,0.0,0.0,0.0,0.0,0.0,0.0,0.0,0.0,0.0,0.0,0.0,0.0,0.0,0.0,0.0,0.0,0.0,0.0,0.0,0.0,0.0,0.0,0.0,0.0,0.0,0.0,0.0,0.0,0.0,0.0,0.0,0.0,0.0,0.0,0.0,0.0,0.0,0.0,0.0,0.0,0.0,0.0,0.0,0.0,0.0,0.0,0.0,0.0,0.0,0.0,0.0,0.0,0.0,0.0,0.0,0.0,0.0,0.0,0.0,0.0,1.7077988488385936,0.0,0.47031230206481744,0.0,0.0,1.8606231402615598,1.1305382677712597,0.9514336792538336,0.8808297685843669,0.47327870934501115
0.0,0.0,0.0,0.0,0.0,0.0,0.0,0.0,0.0,0.0,0.0,0.0,0.0,0.0,0.0,0.0,0.0,0.0,0.0,0.0,0.0,0.0,0.0,0.0,0.0,0.0,0.0,0.0,0.0,0.0,0.0,0.0,0.0,0.0,0.0,0.0,0.0,0.0,0.0,0.0,0.0,0.0,0.0,0.0,0.0,0.0,0.0,0.0,0.0,0.0,0.0,0.0,0.0,0.0,0.0,0.0,0.0,0.0,0.0,0.0,0.0,0.0,0.0,0.0,0.0,0.0,0.0,0.0,0.0,0.0,0.0,0.0,0.0,0.0,0.0,0.0
0.0,0.0,0.0,0.0,0.0,0.0,0.0,0.0,0.0,0.0,0.0,0.0,0.0,0.0,0.0,0.0,0.0,0.0,0.0,0.0,0.0,0.0,0.0,0.0,0.0,0.0,0.0,0.0,0.0,0.0,0.0,0.0,0.0,0.0,0.0,0.0,0.0,0.0,0.0,0.0,0.0,0.0,0.0,0.0,0.0,0.0,0.0,0.0,0.0,0.0,0.0,0.0,0.0,0.0,0.0,0.0,0.0,0.0,0.0,0.0,0.0,0.0,0.0,0.0,0.0,0.0,0.0,0.0,0.0,0.19252506485184462,0.0,2.24539450772582,1.3996957958496878,0.42790627994477354,0.3402383203435015,0.3953893033850597
0.0,0.0,0.0,0.0,0.0,0.0,0.0,0.0,0.0,0.0,0.0,0.0,0.0,0.0,0.0,0.0,0.0,0.0,0.0,0.0,0.0,0.0,0.0,0.0,0.0,0.0,0.0,0.0,0.0,0.0,0.0,0.0,0.0,0.0,0.0,0.0,0.0,0.0,0.0,0.0,0.0,0.0,0.0,0.0,0.0,0.0,0.0,0.0,0.0,0.0,0.0,0.0,0.0,0.0,0.0,0.0,0.0,0.0,0.0,0.0,0.0,0.0,0.0,0.0,0.0,0.0,0.0,0.0,0.0,0.0,0.0,0.6587482665663384,0.0,0.0,0.0,0.0
0.0,0.0,0.0,0.0,0.0,0.0,0.0,0.0,0.0,0.0,0.0,0.0,0.0,0.0,0.0,0.0,0.0,0.0,0.0,0.0,0.0,0.0,0.0,0.0,0.0,0.0,0.0,0.0,0.0,0.0,0.0,0.0,0.0,0.0,0.0,0.0,0.0,0.0,0.0,0.0,0.0,0.0,0.0,0.0,0.0,0.0,0.0,0.0,0.0,0.0,0.0,0.0,0.0,0.0,0.0,0.0,0.0,0.0,0.0,0.0,0.0,0.0,0.0,0.0,0.0,0.0,0.0,0.0,0.0,0.0,1.1658781590242866,0.0,0.0,1.7173812419265795,1.3987049926881574,0.6740252263977072
0.0,0.0,0.0,0.0,0.0,0.0,0.0,0.0,0.0,0.0,0.0,0.0,0.0,0.0,0.0,0.0,0.0,0.0,0.0,0.0,0.0,0.0,0.0,0.0,0.0,0.0,0.0,0.0,0.0,0.0,0.0,0.0,0.0,0.0,0.0,0.0,0.0,0.0,0.0,0.0,0.0,0.0,0.0,0.0,0.0,0.0,0.0,0.0,0.0,0.0,0.0,0.0,0.0,0.0,0.0,0.0,0.0,0.0,0.0,0.0,0.0,0.0,0.0,0.0,0.0,0.0,0.0,0.0,0.0,0.0,0.0,0.1884424724813864,0.0,1.499889927294722,0.0,1.125845484615079
0.0,0.0,0.0,0.0,0.0,0.0,0.0,0.0,0.0,0.0,0.0,0.0,0.0,0.0,0.0,0.0,0.0,0.0,0.0,0.0,0.0,0.0,0.0,0.0,0.0,0.0,0.0,0.0,0.0,0.0,0.0,0.0,0.0,0.0,0.0,0.0,0.0,0.0,0.0,0.0,0.0,0.0,0.0,0.0,0.0,0.0,0.0,0.0,0.0,0.0,0.0,0.0,0.0,0.0,0.0,0.0,0.0,0.0,0.0,0.0,0.0,0.0,0.0,0.0,0.0,0.0,0.0,0.0,0.0,0.0,0.0,0.2636653075067239,0.0,0.9191571042238975,0.0,0.21878768332817947
0.0,0.0,0.0,0.0,0.0,0.0,0.0,0.0,0.0,0.0,0.0,0.0,0.0,0.0,0.0,0.0,0.0,0.0,0.0,0.0,0.0,0.0,0.0,0.0,0.0,0.0,0.0,0.0,0.0,0.0,0.0,0.0,0.0,0.0,0.0,0.0,0.0,0.0,0.0,0.0,0.0,0.0,0.0,0.0,0.0,0.0,0.0,0.0,0.0,0.0,0.0,0.0,0.0,0.0,0.0,0.0,0.0,0.0,0.0,0.0,0.0,0.0,0.0,0.0,0.0,0.0,0.0,0.0,0.0,0.0,0.0,0.0,1.0870845589493723,1.3606042785908965,0.0,0.9843785593025189
0.0,0.0,0.0,0.0,0.0,0.0,0.0,0.0,0.0,0.0,0.0,0.0,0.0,0.0,0.0,0.0,0.0,0.0,0.0,0.0,0.0,0.0,0.0,0.0,0.0,0.0,0.0,0.0,0.0,0.0,0.0,0.0,0.0,0.0,0.0,0.0,0.0,0.0,0.0,0.0,0.0,0.0,0.0,0.0,0.0,0.0,0.0,0.0,0.0,0.0,0.0,0.0,0.0,0.0,0.0,0.0,0.0,0.0,0.0,0.0,0.0,0.0,0.0,0.0,0.0,0.0,0.0,0.0,0.0,0.0,0.0,0.0,0.0,0.5195629542368064,1.475298293333513,1.0795818145183964
0.0,0.0,0.0,0.0,0.0,0.0,0.0,0.0,0.0,0.0,0.0,0.0,0.0,0.0,0.0,0.0,0.0,0.0,0.0,0.0,0.0,0.0,0.0,0.0,0.0,0.0,0.0,0.0,0.0,0.0,0.0,0.0,0.0,0.0,0.0,0.0,0.0,0.0,0.0,0.0,0.0,0.0,0.0,0.0,0.0,0.0,0.0,0.0,0.0,0.0,0.0,0.0,0.0,0.0,0.0,0.0,0.0,0.0,0.0,0.0,0.0,0.0,0.0,0.0,0.0,0.0,0.0,0.0,0.0,0.0,0.0,0.0,0.0,0.0,0.5797382338859978,1.6982157531404927
0.0,0.0,0.0,0.0,0.0,0.0,0.0,0.0,0.0,0.0,0.0,0.0,0.0,0.0,0.0,0.0,0.0,0.0,0.0,0.0,0.0,0.0,0.0,0.0,0.0,0.0,0.0,0.0,0.0,0.0,0.0,0.0,0.0,0.0,0.0,0.0,0.0,0.0,0.0,0.0,0.0,0.0,0.0,0.0,0.0,0.0,0.0,0.0,0.0,0.0,0.0,0.0,0.0,0.0,0.0,0.0,0.0,0.0,0.0,0.0,0.0,0.0,0.0,0.0,0.0,0.0,0.0,0.0,0.0,0.0,0.0,0.0,0.0,0.0,0.0,1.4842883226423615
0.0,0.0,0.0,0.0,0.0,0.0,0.0,0.0,0.0,0.0,0.0,0.0,0.0,0.0,0.0,0.0,0.0,0.0,0.0,0.0,0.0,0.0,0.0,0.0,0.0,0.0,0.0,0.0,0.0,0.0,0.0,0.0,0.0,0.0,0.0,0.0,0.0,0.0,0.0,0.0,0.0,0.0,0.0,0.0,0.0,0.0,0.0,0.0,0.0,0.0,0.0,0.0,0.0,0.0,0.0,0.0,0.0,0.0,0.0,0.0,0.0,0.0,0.0,0.0,0.0,0.0,0.0,0.0,0.0,0.0,0.0,0.0,0.0,0.0,0.0,0.0
