0.0,0.0,7.751733128660378,0.0,0.0,0.0,0.0,0.0,0.0,0.29972151356042526,0.5516521165999354,0.0,0.7184025892679974,0.0,1.984338732495991,4.378492984781928,1.5310298183213262,0.0,0.0,1.477426266471453,0.738290849879004,0.885488846746556,0.0,0.6652269045564853,0.9231794590888083,1.4749307800521834,1.4485808576855899,0.2584534183944316,1.1816990357242592,1.7409524356869595,2.7040386277605672,1.2099717046639502,0.0,0.0,0.0,0.0,0.0,0.0,0.0,0.0,1.692779919641641,0.0,0.0,0.0,0.0,1.1787325366861312,0.0,0.4840772162630023,0.0,0.0,0.0,0.0,0.0,0.19407957024749173,1.4661169177388018,0.0,0.0,0.0,0.0,0.3922242669165268,0.0,0.0,0.7234982128254861,0.0,0.19968778165842266,0.22220869283123157,0.0,0.0,0.5663304115340791,0.0,0.0,0.0,0.0,0.0,0.44741790025604117,0.9704153150112846
1.2526131999771537,0.0,0.0,0.0,0.0,0.0,0.0,0.0,0.0,3.771016062239791,0.0,2.6344916225923587,0.0,0.0,2.643623414430099,0.7580658417160904,1.9988539727126076,2.291207293396117,0.0,0.28714685811402224,0.9943974324518786,0.3907636591682604,0.0,1.4341905758027955,2.339394082907898,1.5961749169576784,0.0,0.0,0.6260054765740525,0.0,0.0,0.0,2.3580821282333084,0.0,0.0,0.0,0.0,0.0,0.0,2.8233235781471246,0.0,0.0,0.0,0.0,0.0,0.0,1.443578293842802,0.0,0.0,0.0,0.40997285795698873,0.0,0.0,0.0,0.0,0.0,0.0,0.0,0.0,2.666526008345948,2.378972820569824,0.0,1.2764598525287645,0.0,2.0843957010836176,0.9501475011290583,1.135914480853413,0.0,0.0,1.5860209969595576,0.9640222773946824,0.3925848419189042,0.0,0.0,0.0,0.0
0.0,0.0,0.0,0.0,6.279850599579439,4.808222301616786,3.004999416106937,4.369757568233074,4.236842910076231,0.0,2.940108474629322,1.9512350370412088,0.0,0.0,2.9390911295096327,0.0,0.0,0.0,2.7850122362426197,2.479364903867063,0.0,1.6418001812831604,2.169981244025224,0.0,0.0,1.2081090934724596,2.1427423934772363,1.9329016294040655,0.0,0.25032170729104297,0.0,0.0,0.0,0.0,0.0,0.0,0.0,0.0,0.0,0.0,0.0,0.0,0.803225461989146,0.0,0.12234791156423913,0.0,0.0,1.611151016660155,0.0,1.9362490640450312,1.59508722423217,1.6341207111489533,0.4190584797238407,1.7507557255228305,0.0,0.9546643210708716,0.8831621141572223,0.0,0.0,0.8908729747852788,0.0,0.0,0.0,1.2737604266622475,0.0,0.0,0.4979727522167081,1.2630811438685021,0.0,0.0,0.0,0.0,1.2206347927430412,0.0,0.0,0.0
1.1635258395254386,0.0,0.0,1.3449343557745828,0.9494996112486885,0.0,2.3325655988281073,0.0,0.0,0.0,0.0,0.0,0.0,3.925556791447884,0.0,0.0,0.0,0.0,0.0,0.0,0.0,0.0,0.0,0.0,0.0,0.0,0.0,0.0,0.0,0.0,0.0,0.0,0.0,0.0,0.0,1.0090192438514183,3.409030448021367,0.0,0.0,0.0,0.0,0.5881208147105685,0.0,0.0,0.0,0.0,0.0,0.0,3.3225295182042944,0.6572920422732016,0.0,0.0,0.0,0.0,0.0,0.0,0.0,0.0,0.0,0.0,0.0,0.0,0.0,0.0,0.0,0.0,0.0,0.0,0.0,0.0,0.0,0.0,0.0,0.0,0.0,0.0
0.0,0.0,0.0,0.11111203138403025,0.0,0.0,3.676124108760077,0.0,3.6026451442131386,0.0,3.8345281621393843,0.0,2.4964569956972706,2.864474575353587,0.7049771719558204,0.0,0.0,0.0,2.855160695778332,1.4984694406003332,0.0,0.5515679162535532,2.1084054245225836,0.0,0.0,0.0,2.296039692601628,2.033654289485524,0.0,0.0,1.1656919947181423,0.0,0.0,0.0,0.0,2.5439918329981177,0.0,0.19312690608832964,0.0,0.0,0.0,0.0,1.6851252211965506,0.0,0.0,0.0,0.0,1.7386171730669817,0.0,1.094061639965344,0.0,1.5151114539439954,0.0,1.520732427705422,0.0,1.2914197690652933,0.6730370816777187,0.0,0.3386220631891757,0.0,0.0,0.0,0.0,1.3261640453932038,0.0,0.0,0.0,0.0,0.0,0.0,0.0,0.0,0.0,0.0,0.0,0.0
0.0,0.0,0.0,0.0,0.0,0.0,3.5263426021844912,4.107909119882358,0.0,0.0,2.5087095227990073,2.979488187036778,2.9855173899444836,0.0,2.5302572200251037,1.8683393989710144,2.802286068596664,0.0,0.0,2.503145891302869,1.5108225372508364,1.335136711519215,2.1565246613915745,0.0,0.0,1.404959697875568,2.5207129314455816,0.0,2.1284382166118583,0.0,0.0,0.0,0.0,0.0,0.0,0.0,0.0,0.0,0.0,0.0,0.0,0.0,0.0,0.0,0.0,0.0,0.0,0.0,0.0,0.0,1.582599446045825,0.0,0.8352233093172692,0.0,0.0,0.0,1.0840963632615221,0.927921443278739,0.0,0.0,0.0,0.0,0.0,0.0,0.0,0.0,0.0,1.0919470551830008,0.0,0.354726659870799,0.0,0.2280589043987183,0.0,0.0,0.0,0.0
0.0,0.0,0.0,0.7111682099208156,0.0,0.0,0.0,0.0,2.2520676043082073,0.0,3.0130022343216574,0.0,2.4843143404811667,3.8880636241963664,0.0,0.0,0.0,0.0,0.0,0.0,0.0,0.0,0.0,0.0,0.0,0.0,0.0,2.336583436470838,1.5754713155204945,0.0,0.0,0.0,0.0,0.0,0.0,3.0966074383806528,0.0,1.2423594803282247,0.0,0.0,0.0,0.0,1.482082119786415,0.0,0.0,0.0,0.0,0.0,0.32267830022581084,0.2941281823655489,0.0,1.4359636488567578,0.0,0.0,0.0,0.5613545795903403,0.0,0.0,0.0,0.0,0.0,0.0,0.0,1.0429455935212257,0.0,0.0,0.0,0.0,0.0,0.0,0.0,0.0,0.0,0.0,0.0,0.0
0.10953417997798107,0.23311145430966473,0.0,0.311054442745819,0.0,0.0,0.0,0.0,0.0,0.0,1.951686145168724,4.356004278520367,0.9190052498164238,1.8198089527765389,0.0,0.0,0.0,0.0,1.3912665928719585,0.9737136351503548,0.868916201550842,0.0,1.778450788153085,0.0,0.0,1.3501405218463256,1.0977539740544815,0.0,0.0,0.0,0.0,0.0,0.0,0.0,0.0,0.2684077121574436,0.7495563291100342,0.0,0.0,0.0,0.0,0.0,0.0,0.0,0.0,0.0,0.0,0.8002399559039359,0.0,0.0,1.0060648139985118,0.0,0.0,0.0,0.0,0.6038492122963679,1.76176634865999,0.5890482009345843,0.0,0.0,0.0,0.0,0.0,0.4629285829476428,0.0,0.0,0.0,0.7191465655787406,0.0,0.0,0.0,0.0,0.0,0.0,0.0,0.0
0.0,0.0,0.0,0.14491078933313908,0.0,0.0,0.0,0.0,0.0,0.0,3.375933916467783,1.8401615648054082,3.437149523119957,0.0,2.6802499929352583,0.0,0.0,0.0,3.5504763864045583,2.3387807500831497,0.0,1.6550665503560131,0.0,0.0,0.0,0.0,2.4000253636849713,1.9326013339578714,0.6410500619403189,0.23678091350644603,0.0,0.0,0.0,0.0,0.0,0.0,0.0,0.0,0.0,0.0,0.0,0.0,0.0,0.0,0.0,0.0,0.0,2.0517507950773117,0.0,2.0708065110517047,0.0,1.4871144832562413,0.0,1.7793040155272255,0.0,1.2831861281174917,0.857599073203815,0.0,0.0,0.0,0.0,0.0,0.0,1.8388642573000595,0.7218962902435901,0.0,0.7362930227497618,1.392856212084885,0.0,0.0,0.0,1.2171577048764484,0.0,0.0,0.0,0.0
0.0,0.0,0.0,0.20984537282264942,0.0,0.0,0.0,0.0,0.0,0.0,0.0,4.067041025448228,0.0,0.0,1.7139798722658726,2.3992433154609185,3.084310704847551,3.850407424626308,0.0,0.2086839030877604,0.0,1.4611296343299645,0.0,0.0,2.3261608242253717,0.9310834145555427,0.0,0.0,1.3076282454713706,0.0,0.0,0.0,0.6409668761793685,0.0,0.0,0.0,0.0,0.0,0.0,0.0,0.0,0.0,0.0,0.0,0.44032800360164936,0.0,0.0,0.0,0.0,0.0,0.0,0.0,0.0,0.0,0.7788665822681182,0.0,0.7361471158625834,0.0,0.0,0.0,0.0,1.5939318838462704,1.168514704866405,0.0,0.0,0.8085627868476992,1.0261603628990539,0.0,0.0,0.7180354536874586,0.0,0.0,0.0,0.0,0.0,0.0
0.0,0.0,0.0,0.0,0.0,0.0,0.0,0.0,0.0,0.0,0.0,2.225705232790997,3.0078525234618687,0.0,0.0,0.0,0.0,0.0,3.0922828464819836,0.0,0.0,1.426021634944931,1.581481181924591,0.0,0.0,0.0,1.3029084467425764,1.8789233240506773,0.0,0.8451079801414021,0.0,0.0,0.0,0.0,0.0,0.0,0.0,0.0,0.0,0.0,0.0,0.0,0.0,0.0,2.6709581273206457,0.0,0.0,2.0818326198958794,0.0,0.9172618385356011,0.0,0.7520627801150794,0.3717618220129836,1.2140758224176587,0.0,2.4201595512121648,0.9097261927892788,0.0,1.128808464781862,0.0,0.0,0.0,0.0,1.3481921061818836,0.0,0.0,0.0,0.29761611448123937,0.0,0.0,0.0,0.0,0.0,0.0,0.0,0.0
0.0,0.0,0.0,0.0,0.0,0.0,0.0,0.0,0.0,0.0,0.0,0.0,0.29022661603463695,0.0,0.0,0.0,0.0,0.0,0.9500057962903015,0.0,0.0,0.0,1.22430926809425,2.1293027916678833,0.0,1.55651724755048,0.0,0.0,0.0,0.0,0.0,0.0,0.0,0.0,0.0,0.0,0.2602066016495558,0.0,0.0,0.0,0.0,0.0,0.22884550441661855,0.0,0.0,0.0,0.0,0.6220455582841552,0.0,0.0,0.0,0.0,1.091421640532742,0.0,0.0,1.0454076701101962,0.9959827545055073,0.0,0.0,0.0,0.0,0.0,0.0,0.0,0.0,0.0,0.0,0.0,0.43522080381683187,0.0,0.0,0.0,0.0,0.0,0.0,0.0
0.0,0.0,0.0,0.0,0.0,0.0,0.0,0.0,0.0,0.0,0.0,0.0,0.0,0.17066589984799152,0.0,0.7634975831443307,0.75099290045119,0.0,2.3001395986775273,0.0,1.0906818763973691,0.0,1.9477983622092243,0.0,0.0,1.0420150913066477,0.0,1.5757844434077006,1.9579896335436873,0.0,0.2576946771799,0.0,0.0,0.0,0.0,0.2577912735133756,0.0,1.205188695713394,0.0,0.0,0.0,0.0,0.0,0.0,0.0,0.0,0.0,0.0,0.0,1.004159972441982,0.0,0.945600620091183,0.0,1.3352257552131848,0.15596141337217817,0.0,0.0,1.0303610470579692,0.0,0.0,0.0,0.0,0.0,0.0,0.0,0.0,0.0,0.0,0.0,0.0,0.0,0.0,0.6070257995090246,0.0,0.0,0.0
0.0,0.0,0.0,0.0,0.0,0.0,0.0,0.0,0.0,0.0,0.0,0.0,0.0,0.0,0.0,0.0,0.0,0.0,0.0,0.0,0.0,0.0,0.0,0.0,0.0,0.0,0.0,0.0,0.0,0.0,0.0,0.0,0.0,0.0,0.0,2.1623392192776922,0.0,0.17276794105732562,0.0,0.0,0.0,1.801107142593516,1.5560528995990286,0.0,0.24433613217042127,0.0,0.0,0.0,2.349331015132268,0.0,0.0,0.0,0.0,0.0,0.0,0.0,0.0,0.0,1.05984491986317,0.0,0.0,0.0,0.0,0.0,0.0,0.0,0.0,0.0,0.0,0.0,0.0,0.0,0.0,0.0,0.0,0.0
0.0,0.0,0.0,0.0,0.0,0.0,0.0,0.0,0.0,0.0,0.0,0.0,0.0,0.0,0.0,0.5940665430850023,0.0,0.0,1.3657765081937283,3.255726505794902,0.8857121253605198,3.2402484103104054,1.5620000300327894,0.0,0.0,3.0394481522833146,0.8687438903076614,0.0,1.5734556430087139,0.0,0.0,0.0,0.0,0.0,0.0,0.0,0.0,0.0,0.0,0.0,0.0,0.0,0.0,0.0,0.0,0.0,0.95770332357328,0.3460352664080503,0.0,0.0,0.6885630216817666,0.0,0.0,1.0484784548214052,0.0,0.0,0.0,0.0,0.0,1.8997663095312545,1.3488792527131577,0.0,0.0,0.6014382953200849,0.8423614907222031,0.0,1.837638824112977,0.3685698415517892,0.0,0.7660429314857353,0.0,0.0,0.0,0.0,0.0,0.0
0.0,0.0,0.0,0.0,0.0,0.0,0.0,0.0,0.0,0.0,0.0,0.0,0.0,0.0,0.0,0.0,2.8896355514138072,2.6522322587295752,0.0,0.0,0.4386350791689117,0.7392195095862939,0.0,0.0,2.605763246746355,1.2050196552995278,0.0,0.0,1.0772135057968457,3.722124807953747,0.28208274893818647,0.0,0.0,0.0,0.0,0.0,0.0,0.0,0.0,0.0,1.014160384632031,0.0,0.0,0.0,0.0,1.7157621030119645,0.0,0.0,0.0,0.0,0.0,0.0,0.0,0.0,0.0,0.0,0.0,0.0,0.0,0.0,1.065647234466672,1.326900275587417,1.5450691938239332,0.0,0.0,0.0,0.0,0.0,0.0,0.0,0.0,0.0,0.0,0.0,0.0,0.0
0.0,0.0,0.0,0.0,0.0,0.0,0.0,0.0,0.0,0.0,0.0,0.0,0.0,0.0,0.0,0.0,0.0,3.1942524068238503,0.0,1.0318806682545951,4.04415169509743,0.0,0.0,2.9797236304179955,2.5967466262695145,1.7596135273889044,0.0,0.0,2.2262124710305855,0.0,0.0,0.0,0.0,0.0,0.0,0.0,0.0,0.0,0.0,0.0,0.0,0.0,0.3779689807437411,0.0,0.0,0.0,0.0,0.0,0.0,0.0,0.0,0.0,0.0,0.0,0.7792777832168007,0.0,1.9973964189396933,0.0,0.0,0.0,0.8562944583175218,1.9302142097325972,1.938129971140068,0.0,0.0,0.0,0.0,0.0,0.0,0.0,0.0,0.0,0.0,0.0,0.0,0.0
0.0,0.0,0.0,0.18071921743615987,0.0,0.0,0.0,0.0,0.0,0.0,0.0,0.0,0.0,0.0,0.0,0.0,0.0,0.0,0.0,0.0,2.918627788549365,1.009037493080921,0.0,2.5369074375372973,2.9373421310466856,0.23066965166764453,0.0,0.0,1.2919069015670601,0.0,0.0,0.0,0.9212515261810743,0.0,0.0,0.0,0.0,0.0,2.00938560115465,2.6756833528354833,0.0,0.0,0.0,0.0,0.0,0.0,2.2555904198949146,0.0,0.0,0.0,0.0,0.0,0.0,0.0,0.0,0.0,0.0,0.0,0.0,0.0,1.8615965709424196,0.0,1.1500041274507098,0.0,0.0,0.9130263359003823,0.5799443292145918,0.0,0.0,1.0301082645667212,0.0,0.0,0.0,1.5327043394959925,0.0,0.10826251750278974
0.0,0.0,0.0,0.14260405528748568,0.0,0.0,0.0,0.0,0.0,0.0,0.0,0.0,0.0,0.0,0.0,0.0,0.0,0.0,0.0,2.0999215075263633,0.0,1.849488446506165,1.6662934594233605,0.0,0.0,1.012647906013844,1.3577212338037978,0.0,0.0,0.0,0.0,0.0,0.0,0.0,0.0,0.6920453719486187,0.0,0.0,0.0,0.0,0.0,0.0,0.4626494787726763,0.9467732985642139,1.2155322738184,0.0,0.0,1.9907147436624175,0.0,1.8543431507898556,0.0,1.1368521995202328,0.30773816164887613,1.6039515136842515,0.0,1.4866555046059726,0.0,0.0,0.0,0.0,0.0,0.0,0.0,1.4421228770816608,0.0,0.0,0.0,0.6487403688746406,0.0,0.0,0.0,0.0,0.0,0.0,0.0,0.0
0.0,0.0,0.0,0.0,0.0,0.0,0.0,0.0,0.0,0.0,0.0,0.0,0.0,0.0,0.0,0.0,0.0,0.0,0.0,0.0,0.4345019978178071,2.95906992556744,2.726299149453588,0.0,0.0,2.8479720667196373,1.8533895763769959,2.0482909454924965,1.5733156079198836,1.5685669732366017,1.2489582294130694,0.0,0.0,0.0,0.0,0.0,0.0,0.0,0.0,0.0,0.0,0.0,0.0,0.6868092161378938,0.43950914323799095,0.0,1.236859075976328,1.4485366637464343,0.0,1.4960433596334368,1.3065899171272872,0.0,0.4245728807682849,1.2911236928484393,0.5095948628220104,0.22074110730776852,0.0,0.0,0.0,0.7790552952642471,1.3845653231279662,0.0,0.7229016026361648,1.5101183215544103,0.5020562397927442,0.0,1.7036763724878503,1.0244201671147657,0.0,0.7463776020900883,0.0,0.7868470711126436,0.9873847282260574,0.0,0.0,0.0
0.0,0.0,0.0,0.0,0.0,0.0,0.0,0.0,0.0,0.0,0.0,0.0,0.0,0.0,0.0,0.0,0.0,0.0,0.0,0.0,0.0,0.5961028735410818,0.29725487433208386,0.0,1.6195994982042816,1.6368095715246325,0.0,0.0,1.610225308351777,0.0,1.2195100681081819,0.0,0.9572535085167191,0.35246583096164497,0.0,0.0,0.0,0.0,0.0,1.1815523773761527,0.0,0.0,0.0,0.0,0.0,0.0,0.9890013203105437,0.0,0.0,0.0,0.6280822780774337,0.0,0.4033946750809206,0.0,0.0,0.0,0.0,0.0,0.0,0.0,0.4753318282430956,0.0,0.0,0.0,0.0,1.7472116048596873,0.0,0.0,0.0,0.0,0.0,0.0,0.0,1.0738298214692907,0.0,0.0
0.0,0.0,0.0,0.0,0.0,0.0,0.0,0.0,0.0,0.0,0.0,0.0,0.0,0.0,0.0,0.0,0.0,0.0,0.0,0.0,0.0,0.0,1.7954426902122589,0.0,0.1703164922670146,2.1462640009749343,0.7181805014780636,1.1978420444629192,1.2593199176721175,2.4418401047959044,0.4836819718926719,0.0,0.0,0.0,0.0,0.0,0.0,0.0,0.0,0.0,0.0,0.0,0.0,0.0,1.8441566656632973,0.6524984841082555,1.886684850737384,1.5491091552733798,0.0,0.0,0.0,0.4262566968759097,0.0,0.7919763509555355,1.1736459725117712,1.402200213006631,0.0,0.0,0.0,0.7089770909233697,1.9357602073323499,1.0182744085144486,0.5991708010330703,1.2745698387483826,1.0463592163290256,0.0,2.312893456224833,0.5719369260222089,0.0,0.4427078375698709,0.0,0.9154882367596802,0.39818243283843846,0.0,1.2573548029372317,0.0
0.0,0.0,0.0,0.0,0.0,0.0,0.0,0.0,0.0,0.0,0.0,0.0,0.0,0.0,0.0,0.0,0.0,0.0,0.0,0.0,0.0,0.0,0.0,0.296756529524574,0.0,1.9865299164245307,1.7522995289600571,2.2417853605690863,0.0,0.0,0.0,0.0,0.0,0.0,0.0,1.335908279551945,0.0,1.175641969508876,0.0,0.0,0.0,0.0,0.0,0.0,0.33229070248354653,0.0,0.0,1.282464277404242,0.0,0.0,1.27367787571172,0.0,1.1901434462097478,1.3111320090784644,0.0,0.21723168604121423,0.9791480812304074,0.0,0.4218839084920869,0.0,0.0,0.0,0.0,0.8571438184367361,0.0,0.0,0.0,1.2768716900098307,0.0,0.0,0.0,0.13783288614920716,0.0,0.0,0.0,0.0
0.0,0.0,0.0,0.0,0.0,0.0,0.0,0.0,0.0,0.0,0.0,0.0,0.0,0.0,0.0,0.0,0.0,0.0,0.0,0.0,0.0,0.0,0.0,0.0,1.932567723058186,1.8276191406284543,0.0,0.0,0.0,0.0,0.0,1.0567730767041275,0.0,0.0,0.0,0.0,0.0,0.0,1.7821499065422644,1.647479688555862,0.6503379697547754,1.8268462381511228,0.0,0.0,0.0,1.0148402596668038,0.0,0.0,0.0,0.0,0.0,0.0,1.274132574066444,0.0,0.0,0.0,0.36662707249292387,0.0,0.0,0.0,0.0,0.0,0.0,0.0,0.751673478536209,0.0,0.0,0.0,1.3459641286068271,0.0,1.007892748624838,0.0,0.0,0.0,0.3752229092767235,0.5876873266749053
0.0,0.0,0.0,0.0,0.0,0.0,0.0,0.0,0.0,0.0,0.0,0.0,0.0,0.0,0.0,0.0,0.0,0.0,0.0,0.0,0.0,0.0,0.0,0.0,0.0,1.0402234497658343,0.0,0.0,1.7915395834301289,0.0,0.0,2.011347731939784,0.4535784735318241,2.0229225803577515,0.0,0.0,0.0,0.0,1.8094447045453355,2.1883782262593234,0.0,0.0,0.0,0.0,0.0,0.5097420874822115,2.0960088460320874,0.0,0.0,0.0,0.0,0.0,0.0,0.0,1.7758009988784462,0.0,0.0,0.0,0.0,0.0,1.3820070747615143,1.862062294694462,1.5711310025074645,0.0,0.0,0.3927392048185169,0.0,0.0,0.5985888524460219,1.364839110562897,1.315472142918568,0.0,0.0,1.890153088614275,0.2499355672458134,0.0
0.0,0.0,0.0,0.0,0.0,0.0,0.0,0.0,0.0,0.0,0.0,0.0,0.0,0.0,0.0,0.0,0.0,0.0,0.0,0.0,0.0,0.0,0.0,0.0,0.0,0.0,1.0315039718591739,0.0,2.2697839730138223,0.0,0.0,0.0,0.0,0.0,0.0,0.0,0.0,0.0,0.0,0.10657313602911145,0.0,0.0,0.0,0.0,0.0,0.0,0.28442249711822654,0.8660396737750121,0.0,0.0,0.9844158774936591,0.0,1.2279705601017172,0.59608929947236,1.3390121833685398,0.0,0.6693222270387847,0.6253791577362983,0.0,2.1200550292753637,0.9925259153134874,1.2826451204604294,0.0,0.6006832977657847,1.8404427536152956,0.0,1.6658696402985216,0.0,0.19352843424328386,0.0,1.1291613778725882,0.0,0.0,0.0,0.0,0.0
0.0,0.0,0.0,0.0,0.0,0.0,0.0,0.0,0.0,0.0,0.0,0.0,0.0,0.0,0.0,0.0,0.0,0.0,0.0,0.0,0.0,0.0,0.0,0.0,0.0,0.0,0.0,0.0,1.4749583617103417,0.0,0.9106889097518215,0.0,0.0,0.0,0.0,0.0,0.0,0.0,0.0,0.0,0.0,0.0,0.0,0.0,0.0,0.0,0.0,1.133384885195968,0.0,2.0516917243984207,2.1659899742088444,2.3097286743390346,0.0,1.46323299071289,0.37917589799464513,0.12432744214791507,0.0,0.0,0.0,0.0,0.23604346449994906,0.0,1.1734120672021242,0.8772149516506167,0.0,0.0,0.0,1.1498401898552746,0.0,0.8987718485461839,0.0,0.5846177851388242,0.0,0.0,0.0,0.0
0.0,0.0,0.0,0.0,0.0,0.0,0.0,0.0,0.0,0.0,0.0,0.0,0.0,0.0,0.0,0.0,0.0,0.0,0.0,0.0,0.0,0.0,0.0,0.0,0.0,0.0,0.0,0.0,1.0373805905375986,1.4101249268873985,0.4306653301666402,0.0,0.0,0.0,0.0,2.3769068225209877,0.0,0.0,0.0,0.0,0.0,0.0,1.949024763821619,0.0,0.0,0.0,0.0,1.7463691468439428,0.0,1.3558896797414488,0.0,1.4641665358136056,0.0,1.4736184501643863,0.0,0.0,0.0,1.6764602528362502,0.714798804435736,0.0,0.0,0.0,0.34417406496789926,0.0,0.0,0.0,0.0,0.0,0.0,0.0,0.0,0.0,1.4672696126333835,0.0,0.0,0.0
0.0,0.0,0.0,0.0,0.0,0.0,0.0,0.0,0.0,0.0,0.0,0.0,0.0,0.0,0.0,0.0,0.0,0.0,0.0,0.0,0.0,0.0,0.0,0.0,0.0,0.0,0.0,0.0,0.0,0.0,0.18258780788403062,0.0,0.0,0.0,0.0,0.0,0.0,0.0,0.0,0.0,0.0,0.0,0.0,0.0,0.0,0.0,0.0,0.0,0.0,0.0,1.7814002964730467,0.0,0.0,0.27256133076918027,1.4876621438643982,0.0,0.0,0.0,0.0,0.0,1.2408370984396973,0.0,0.0,0.0,0.0,1.127550483041554,0.4403073635787939,0.0,0.0,2.1504039108908977,0.0,0.0,0.0,0.29299737879687077,0.0,0.0
0.0,0.0,0.0,0.0,0.0,0.0,0.0,0.0,0.0,0.0,0.0,0.0,0.0,0.0,0.0,0.0,0.0,0.0,0.0,0.0,0.0,0.0,0.0,0.0,0.0,0.0,0.0,0.0,0.0,0.0,0.0,0.0,0.0,0.0,0.13242831577898484,0.9691784752014254,0.0,3.5910404353606364,0.0,0.0,0.0,0.0,0.0,0.0,0.0,1.7820732354343818,0.0,0.0,0.0,0.0,0.0,0.0,0.0,0.0,0.0,0.0,0.0,0.0,0.0,0.0,0.5169780770292468,0.0,0.0,0.0,0.0,0.0,0.0,0.0,0.0,0.0,0.0,0.0,0.0,0.0,1.7182148946162075,0.0
0.0,0.0,0.0,0.0,0.0,0.0,0.0,0.0,0.0,0.0,0.0,0.0,0.0,0.0,0.0,0.0,0.0,0.0,0.0,0.0,0.0,0.0,0.0,0.0,0.0,0.0,0.0,0.0,0.0,0.0,0.0,0.0,0.0,0.315027652783466,0.0,0.0,0.0,0.5131758348907106,0.0,0.0,3.4757780495858275,0.0,0.7900771811437418,0.0,0.0,0.9585959912372808,0.0,0.0,0.255806444035502,0.0,0.0,0.0,0.0,0.0,0.0,0.0,0.0,0.0,0.0,0.0,0.0,0.0,0.0,0.0,0.0,0.0,0.0,0.0,0.0,0.0,0.0,0.0,0.0,0.0,0.0,0.0
0.0,0.0,0.0,0.0,0.0,0.0,0.0,0.0,0.0,0.0,0.0,0.0,0.0,0.0,0.0,0.0,0.0,0.0,0.0,0.0,0.0,0.0,0.0,0.0,0.0,0.0,0.0,0.0,0.0,0.0,0.0,0.3355975524234347,1.2437320076429,0.0,0.0,0.0,0.0,0.0,2.5407049427486728,0.9785615400447024,0.5811700456804203,0.0,0.0,0.0,0.0,1.362909902347508,0.0,0.0,0.0,0.0,0.0,0.0,0.0,0.0,0.0,0.0,0.0,0.0,0.0,0.0,0.0,0.0,0.0,0.0,0.0,0.0,0.0,0.0,0.5864806286547081,0.0,0.0,0.0,0.0,0.7759065594425265,0.0,0.0
0.0,0.0,0.0,0.0,0.0,0.0,0.0,0.0,0.0,0.0,0.0,0.0,0.0,0.0,0.0,0.0,0.0,0.0,0.0,0.0,0.0,0.0,0.0,0.0,0.0,0.0,0.0,0.0,0.0,0.0,0.0,0.6397036238870323,0.0,0.0,0.0,0.0,0.0,0.0,1.027141832838785,1.1664051502085844,0.0,0.0,0.0,0.0,0.0,0.0,0.0,0.0,0.0,0.0,0.0,0.0,0.0,0.0,0.0,0.0,0.0,0.0,0.0,0.0,0.0,0.0,0.0,0.0,0.0,0.0,0.0,0.0,0.0,0.0,0.0,0.0,0.0,0.0,0.0,0.0
0.0,0.0,0.0,0.0,0.0,0.0,0.0,0.0,0.0,0.0,0.0,0.0,0.0,0.0,0.0,0.0,0.0,0.0,0.0,0.0,0.0,0.0,0.0,0.0,0.0,0.0,0.0,0.0,0.0,0.0,0.0,0.4548490707639401,0.0,0.0,1.1071832865924607,0.0,0.0,0.13559315557491106,0.0,0.0,4.578447814711773,0.0,0.0,0.0,0.0,0.0,0.0,0.0,0.0,0.0,0.0,0.0,0.0,0.0,0.0,0.0,0.0,0.0,0.0,0.0,0.0,0.0,0.0,0.0,0.0,0.0,0.0,0.0,0.0,0.0,0.0,0.0,0.0,0.0,0.0,0.0
0.0,0.0,0.0,0.0,0.0,0.0,0.0,0.0,0.0,0.0,0.0,0.0,0.0,0.0,0.0,0.0,0.0,0.0,0.0,0.0,0.0,0.0,0.0,0.0,0.0,0.0,0.0,0.0,0.0,0.0,0.0,0.0,0.0,0.0,0.0,0.0,0.0,0.0,1.8145803653655803,0.0,0.0,2.4390766541686566,0.0,0.0,0.649692318537191,0.0,0.0,0.0,0.0,0.0,0.0,0.0,0.0,0.0,0.0,0.0,0.0,0.0,0.0,0.0,0.0,0.0,0.0,0.0,0.0,0.0,0.0,0.0,0.0,0.0,0.0,0.0,0.0,0.0,0.0,0.0
0.0,0.0,0.0,0.0,0.0,0.0,0.0,0.0,0.0,0.0,0.0,0.0,0.0,0.0,0.0,0.0,0.0,0.0,0.0,0.0,0.0,0.0,0.0,0.0,0.0,0.0,0.0,0.0,0.0,0.0,0.0,0.1424108436381833,0.0,0.0,0.0,0.0,0.0,0.0,0.0,0.0,0.0,0.0,3.0452045353384474,0.0,0.0,0.0,0.0,0.0,0.0,0.0,0.0,0.0,0.0,0.0,0.0,0.0,0.0,0.0,0.0,0.0,0.0,0.0,0.0,0.0,0.0,0.0,0.0,0.0,0.0,0.0,0.0,0.0,0.0,0.0,0.0,0.0
0.0,0.0,0.0,0.0,0.0,0.0,0.0,0.0,0.0,0.0,0.0,0.0,0.0,0.0,0.0,0.0,0.0,0.0,0.0,0.0,0.0,0.0,0.0,0.0,0.0,0.0,0.0,0.0,0.0,0.0,0.0,0.5930260548945618,0.0,0.0,0.0,0.15515377725379187,0.0,0.0,0.0,0.0,0.0,0.0,0.0,1.8469571981394872,0.0,0.0,0.0,0.0,1.1371519509694963,0.0,0.0,0.0,0.0,0.0,0.0,0.0,0.0,0.0,0.0,0.0,0.0,0.0,0.0,0.0,0.0,0.0,0.0,0.0,0.0,0.0,0.0,0.0,0.0,0.0,0.0,0.0
0.0,0.0,0.0,0.0,0.0,0.0,0.0,0.0,0.0,0.0,0.0,0.0,0.0,0.0,0.0,0.0,0.0,0.0,0.0,0.0,0.0,0.0,0.0,0.0,0.0,0.0,0.0,0.0,0.0,0.0,0.0,0.3920961744487943,0.0,0.0,0.0,0.0,0.0,0.0,0.0,0.0,1.6213350353159188,0.0,0.0,0.0,0.0,1.377617837876198,0.0,0.21892443005478956,0.0,0.0,0.0,0.0,0.0,0.0,0.0,0.0,0.0,0.0,0.0,0.0,0.0,0.0,0.0,0.0,0.0,0.0,0.0,0.0,0.0,0.0,0.0,0.0,0.0,0.0,0.0,0.0
0.0,0.0,0.0,0.0,0.0,0.0,0.0,0.0,0.0,0.0,0.0,0.0,0.0,0.0,0.0,0.0,0.0,0.0,0.0,0.0,0.0,0.0,0.0,0.0,0.0,0.0,0.0,0.0,0.0,0.0,0.0,0.0,0.0,0.0,0.0,0.0,0.0,0.0,0.0,1.5364488844725845,0.0,1.4819773091858437,0.0,0.0,1.1845319628883693,1.8384433081453002,0.0,0.0,0.0,0.0,0.0,0.0,0.0,0.0,0.0,0.0,0.0,0.0,0.0,0.0,0.0,0.0,0.24428347663207423,0.0,0.0,0.0,0.0,0.0,1.3038341463674556,0.0,0.0,0.0,0.0,1.2051197879054725,0.0,0.0
0.0,0.0,0.0,0.0,0.0,0.0,0.0,0.0,0.0,0.0,0.0,0.0,0.0,0.0,0.0,0.0,0.0,0.0,0.0,0.0,0.0,0.0,0.0,0.0,0.0,0.0,0.0,0.0,0.0,0.0,0.0,0.4676088312423421,0.0,0.0,0.0,0.0,0.0,0.0,0.0,0.0,0.0,0.9350486246615315,0.0,0.0,0.0,0.0,0.0,0.0,0.0,0.0,0.0,0.0,0.0,0.0,0.0,0.0,0.0,0.0,0.0,0.0,0.0,0.0,0.12223020626811952,0.0,0.5217232549840662,0.0,0.0,0.0,0.6388494554399329,0.7591178796360244,0.3509018863509938,0.0,0.0,1.89587096587206,0.0,0.0
0.0,0.0,0.0,0.0,0.0,0.0,0.0,0.0,0.0,0.0,0.0,0.0,0.0,0.0,0.0,0.0,0.0,0.0,0.0,0.0,0.0,0.0,0.0,0.0,0.0,0.0,0.0,0.0,0.0,0.0,0.0,0.5644722053230358,0.0,0.0,0.0,0.0,0.0,0.0,0.0,0.0,0.0,0.0,0.7052644226461866,0.0,0.0,1.2452885179030562,0.0,0.0,0.0,0.0,0.0,0.0,0.0,0.0,0.0,0.0,0.0,0.0,0.0,0.0,0.0,0.0,0.0,0.0,0.0,0.0,0.0,0.0,0.16413514906275578,0.0,0.0,0.0,0.0,0.17898493528618797,0.0,0.0
0.0,0.0,0.0,0.0,0.0,0.0,0.0,0.0,0.0,0.0,0.0,0.0,0.0,0.0,0.0,0.0,0.0,0.0,0.0,0.0,0.0,0.0,0.0,0.0,0.0,0.0,0.0,0.0,0.0,0.0,0.0,0.0,0.0,0.0,0.0,0.0,0.0,0.0,0.0,0.0,0.0,0.0,0.1064765288209536,0.0,0.0,0.0,0.0,0.0,0.4148262920128305,0.0,0.0,0.0,0.0,0.0,0.0,0.0,0.0,0.0,0.0,0.0,0.0,0.0,0.0,0.0,0.0,0.0,0.0,0.0,0.0,0.0,0.0,0.0,0.0,0.0,0.0,0.0
0.0,0.0,0.0,0.0,0.0,0.0,0.0,0.0,0.0,0.0,0.0,0.0,0.0,0.0,0.0,0.0,0.0,0.0,0.0,0.0,0.0,0.0,0.0,0.0,0.0,0.0,0.0,0.0,0.0,0.0,0.0,0.1994312995149495,0.0,0.0,0.0,0.0,0.0,0.0,0.0,0.0,0.0,0.0,0.0,0.0,0.0,0.0,0.0,0.0,0.0,0.10434471297362072,0.0,0.0,0.0,0.0,0.1013249881268756,0.0,0.6295314172664295,0.0,1.9906401166918775,0.0,0.0,0.0,0.0,0.0,0.0,0.0,0.0,0.0,0.0,0.0,0.0,0.0,0.0,0.0,0.0,0.0
0.0,0.0,0.0,0.0,0.0,0.0,0.0,0.0,0.0,0.0,0.0,0.0,0.0,0.0,0.0,0.0,0.0,0.0,0.0,0.0,0.0,0.0,0.0,0.0,0.0,0.0,0.0,0.0,0.0,0.0,0.0,0.0,0.0,0.0,0.0,0.0,0.0,0.0,0.0,0.0,0.0,0.0,0.0,0.0,0.0,0.0,0.0,0.0,0.0,0.0,0.0,0.0,0.0,0.0,0.0,0.0,0.0,0.0,0.0,0.0,0.0,0.0,0.0,0.0,0.0,0.0,0.0,0.0,0.0,0.0,0.0,0.0,0.0,0.0,0.0,0.0
0.0,0.0,0.0,0.0,0.0,0.0,0.0,0.0,0.0,0.0,0.0,0.0,0.0,0.0,0.0,0.0,0.0,0.0,0.0,0.0,0.0,0.0,0.0,0.0,0.0,0.0,0.0,0.0,0.0,0.0,0.0,0.0,0.0,0.0,0.0,0.0,0.0,0.0,0.0,0.0,0.0,0.0,0.0,0.0,0.0,0.0,0.0,0.6228485131019804,0.0,0.0,0.0,0.0,0.0,0.0,0.0,0.0,0.0,0.0,0.0,0.0,0.0,0.0,0.0,0.0,0.21794756478703714,0.0,0.0,0.0,0.3090380585418467,0.0,0.0,0.0,0.0,0.0,0.0,0.0
0.0,0.0,0.0,0.0,0.0,0.0,0.0,0.0,0.0,0.0,0.0,0.0,0.0,0.0,0.0,0.0,0.0,0.0,0.0,0.0,0.0,0.0,0.0,0.0,0.0,0.0,0.0,0.0,0.0,0.0,0.0,0.2909527521353201,0.0,0.0,0.0,0.0,0.0,0.0,0.0,0.0,0.0,0.0,0.0,0.0,0.0,0.0,0.0,0.0,0.0,0.0,0.0,0.0,0.0,0.0,1.3338018646154162,0.0,0.0,0.0,1.162868729541211,0.0,0.0,0.0,0.0,0.0,0.0,0.39756253172887523,0.0,0.0,1.9584919785767294,0.0,0.0,0.0,0.0,0.2697926463475612,1.6601235920368913,0.14260720523209142
0.0,0.0,0.0,0.0,0.0,0.0,0.0,0.0,0.0,0.0,0.0,0.0,0.0,0.0,0.0,0.0,0.0,0.0,0.0,0.0,0.0,0.0,0.0,0.0,0.0,0.0,0.0,0.0,0.0,0.0,0.0,0.5818281064243371,0.0,0.0,0.0,0.0,0.0,0.0,0.28044552706710896,0.0,0.0,0.0,0.0,0.0,0.0,0.0,0.0,0.0,0.0,0.0,0.0,0.0,0.0,0.0,0.9661554784955371,0.0,0.0,0.0,0.0,0.0,1.953096907652626,0.7717368684955559,1.3523569911745332,0.0,0.0,0.0,0.44895083384359463,0.0,0.0,2.341004700131014,1.4014305123909883,0.0,0.0,1.4819526399736085,0.0,0.0
0.0,0.0,0.0,0.0,0.0,0.0,0.0,0.0,0.0,0.0,0.0,0.0,0.0,0.0,0.0,0.0,0.0,0.0,0.0,0.0,0.0,0.0,0.0,0.0,0.0,0.0,0.0,0.0,0.0,0.0,0.0,0.17217836467531528,0.0,0.0,0.0,0.0,0.0,0.0,0.0,0.0,0.0,0.0,0.0,0.0,0.0,0.0,0.0,0.0,0.0,1.8869443666956893,0.0,1.0125681579839323,0.5340533813586645,1.5559898787300896,0.39410219140299446,2.2224209234917263,0.8874316914453524,1.0773854773591274,0.0,0.0,0.0,0.0,0.0,1.6351562775914732,0.0,0.0,0.9463792222489046,0.8634557812832704,0.0,0.0,0.0,0.0,0.0,0.0,0.45852841539534317,0.0
0.0,0.0,0.0,0.0,0.0,0.0,0.0,0.0,0.0,0.0,0.0,0.0,0.0,0.0,0.0,0.0,0.0,0.0,0.0,0.0,0.0,0.0,0.0,0.0,0.0,0.0,0.0,0.0,0.0,0.0,0.0,0.5023943937951652,0.0,0.0,0.0,0.10179972255590664,0.0,0.0,0.2838871124134753,0.0,0.0,0.0,0.0,0.0,0.0,0.0,0.0,0.0,0.606479410968961,0.0,0.0,0.0,0.0,0.0,0.0,0.0,0.0,0.0,0.0,0.0,0.0,0.0,0.0,0.0,0.0,0.0,0.0,0.0,0.0,0.0,0.0,0.0,0.0,0.0,0.0,0.0
0.0,0.0,0.0,0.0,0.0,0.0,0.0,0.0,0.0,0.0,0.0,0.0,0.0,0.0,0.0,0.0,0.0,0.0,0.0,0.0,0.0,0.0,0.0,0.0,0.0,0.0,0.0,0.0,0.0,0.0,0.0,0.0,0.0,0.0,0.0,0.0,0.0,0.0,0.0,0.0,0.0,0.0,0.0,0.0,0.0,0.0,0.0,0.0,0.20577869050091752,0.0,0.0,1.7108856079633428,0.0,1.6346067257203862,0.0,0.6424812378728901,1.081325171677049,0.0,0.44071713298892096,0.0,0.0,0.0,0.0,1.3277682939018598,0.0,0.0,0.0,0.0,0.0,0.0,0.0,1.590102382827351,0.0,0.0,0.0,0.0
0.0,0.0,0.0,0.0,0.0,0.0,0.0,0.0,0.0,0.0,0.0,0.0,0.0,0.0,0.0,0.0,0.0,0.0,0.0,0.0,0.0,0.0,0.0,0.0,0.0,0.0,0.0,0.0,0.0,0.0,0.0,0.0,0.0,0.0,0.0,0.0,0.0,0.0,0.0,0.0,0.0,0.0,0.0,0.0,0.0,0.0,0.0,0.0,0.2124471576286682,0.0,0.0,0.0,1.0288636907314916,0.0,0.0,0.0,1.9473662892314858,1.505642246287247,0.0,1.1324647740237725,0.2953482335625458,0.0,0.9074253890205839,0.0,0.0,0.0,0.10667353363467025,1.3841284256269286,0.0,1.3500618000709117,0.3415121000942013,0.9373686131578333,0.0,0.1194994568985098,0.0,0.0
0.0,0.0,0.0,0.0,0.0,0.0,0.0,0.0,0.0,0.0,0.0,0.0,0.0,0.0,0.0,0.0,0.0,0.0,0.0,0.0,0.0,0.0,0.0,0.0,0.0,0.0,0.0,0.0,0.0,0.0,0.0,0.4002473869392461,0.0,0.0,0.0,0.0,0.0,0.0,0.1184555538866343,0.0,0.0,0.0,0.0,0.0,0.0,0.0,0.0,0.0,0.5344777320208915,0.0,0.0,0.0,0.0,1.4266260889171063,0.0,0.13161985318146263,0.5897483512503361,1.4541035587877615,0.0,0.0,0.0,0.0,0.0,0.0,0.0,0.0,0.0,0.0,0.0,0.0,0.0,1.2016434826139892,0.0,0.0,0.0,0.0
0.0,0.0,0.0,0.0,0.0,0.0,0.0,0.0,0.0,0.0,0.0,0.0,0.0,0.0,0.0,0.0,0.0,0.0,0.0,0.0,0.0,0.0,0.0,0.0,0.0,0.0,0.0,0.0,0.0,0.0,0.0,0.16860383908812338,0.0,0.0,0.0,0.0,0.0,0.0,0.0,0.0,0.0,0.0,0.0,0.0,0.0,0.0,0.0,0.0,0.29515571082559694,0.0,0.0,0.0,0.0,0.0,0.0,0.0,1.3103638446560728,0.10135414785395055,0.0,0.0,0.0,0.0,0.0,0.0,0.0,0.522906128915537,0.0,0.39829930543416864,1.7660313391069358,0.0,0.0,0.0,0.0,0.0,0.0,0.0
0.0,0.0,0.0,0.0,0.0,0.0,0.0,0.0,0.0,0.0,0.0,0.0,0.0,0.0,0.0,0.0,0.0,0.0,0.0,0.0,0.0,0.0,0.0,0.0,0.0,0.0,0.0,0.0,0.0,0.0,0.0,0.2086482943267974,0.0,0.0,0.0,0.0,0.0,0.0,0.0,0.0,0.0,0.0,0.0,0.0,0.0,0.0,0.0,0.0,0.0,0.0,0.0,0.0,0.0,0.0,0.0,1.4499111361773396,0.0,0.0,0.0,0.0,0.0,0.0,0.0,1.6131277417875423,1.2779685602733855,0.0,0.66678103167823,1.478856767657218,0.0,0.0,0.0,1.441189562697751,0.9011088139185908,0.0,0.0,0.0
0.0,0.0,0.0,0.0,0.0,0.0,0.0,0.0,0.0,0.0,0.0,0.0,0.0,0.0,0.0,0.0,0.0,0.0,0.0,0.0,0.0,0.0,0.0,0.0,0.0,0.0,0.0,0.0,0.0,0.0,0.0,0.0,0.0,0.0,0.0,0.0,0.0,0.0,0.0,0.0,0.0,0.0,0.0,0.0,0.0,0.0,0.0,0.0,0.18385680061435847,0.0,0.0,0.0,0.0,0.0,0.0,0.0,0.5977003303114694,0.0,0.0,0.7733855115982881,0.0,1.2713698283176313,1.151836642049268,0.0,0.0,1.5678649990447036,0.0,0.0,0.0,1.4802434816088725,1.292344978687981,0.0,0.0,0.0,0.0,0.0
0.0,0.0,0.0,0.0,0.0,0.0,0.0,0.0,0.0,0.0,0.0,0.0,0.0,0.0,0.0,0.0,0.0,0.0,0.0,0.0,0.0,0.0,0.0,0.0,0.0,0.0,0.0,0.0,0.0,0.0,0.0,0.2639137964132696,0.0,0.0,0.0,0.0,0.0,0.0,0.0,0.0,0.0,0.0,0.0,0.0,0.0,0.0,0.0,0.0,0.0,0.0,0.0,0.0,0.0,0.0,0.0,0.0,1.1186725732153655,0.9368724185780936,0.0,0.0,0.0,0.0,0.0,1.0249669164006379,0.0,0.0,0.0,0.0,0.0,0.0,0.0,0.0,0.0,0.0,0.0,0.0
0.0,0.0,0.0,0.0,0.0,0.0,0.0,0.0,0.0,0.0,0.0,0.0,0.0,0.0,0.0,0.0,0.0,0.0,0.0,0.0,0.0,0.0,0.0,0.0,0.0,0.0,0.0,0.0,0.0,0.0,0.0,0.12577079013189993,0.0,0.0,0.0,0.0,0.0,0.0,0.0,0.0,0.0,0.0,0.0,0.0,0.0,0.0,0.0,0.0,0.2551876205257019,0.0,0.0,0.0,0.0,0.0,0.0,0.0,0.0,0.8649019960247872,0.0,0.0,0.0,0.0,0.0,0.0,0.0,0.0,0.0,0.0,0.4424407821207327,0.0,0.0,0.0,0.0,0.0,0.0,0.0
0.0,0.0,0.0,0.0,0.0,0.0,0.0,0.0,0.0,0.0,0.0,0.0,0.0,0.0,0.0,0.0,0.0,0.0,0.0,0.0,0.0,0.0,0.0,0.0,0.0,0.0,0.0,0.0,0.0,0.0,0.0,0.19155894276041147,0.0,0.0,0.0,0.0,0.0,0.0,0.0,0.0,0.0,0.0,0.0,0.0,0.0,0.0,0.0,0.0,0.0,0.0,0.0,0.0,0.0,0.0,0.0,0.0,0.0,0.0,0.0,0.0,1.3132896893920154,0.1112650227674524,1.0777438969387774,0.0,0.0,0.0,0.0,0.0,0.0,0.0,0.23683315048182518,0.0,0.0,0.0,0.0,0.0
0.0,0.0,0.0,0.0,0.0,0.0,0.0,0.0,0.0,0.0,0.0,0.0,0.0,0.0,0.0,0.0,0.0,0.0,0.0,0.0,0.0,0.0,0.0,0.0,0.0,0.0,0.0,0.0,0.0,0.0,0.0,0.4027240307744776,0.0,0.0,0.0,0.0,0.0,0.0,0.0,0.0,0.0,0.0,0.0,0.0,0.0,0.0,0.0,0.0,0.0,0.0,0.0,0.0,0.0,0.0,0.0,0.0,0.0,0.0,0.0,0.0,0.32285243643892614,0.0,0.0,0.0,0.0,0.0,0.0,0.0,0.0,0.0,0.0,0.0,0.0,0.0,0.0,0.0
0.0,0.0,0.0,0.0,0.0,0.0,0.0,0.0,0.0,0.0,0.0,0.0,0.0,0.0,0.0,0.0,0.0,0.0,0.0,0.0,0.0,0.0,0.0,0.0,0.0,0.0,0.0,0.0,0.0,0.0,0.0,0.46835637745843456,0.0,0.0,0.0,0.0,0.0,0.0,0.0,0.0,0.0,0.0,0.0,0.0,0.0,0.0,0.0,0.0,0.0,0.0,0.0,0.0,0.0,0.0,0.0,0.0,0.0,0.0,0.0,0.0,0.2494039506092704,0.0,0.0,0.0,1.720791894303611,0.4727570896707913,0.8326564981290623,0.12460190083934916,0.0,0.23451007615319652,0.0,0.28644197972871005,0.0,0.3028758724291969,0.0,0.0
0.0,0.0,0.0,0.0,0.0,0.0,0.0,0.0,0.0,0.0,0.0,0.0,0.0,0.0,0.0,0.0,0.0,0.0,0.0,0.0,0.0,0.0,0.0,0.0,0.0,0.0,0.0,0.0,0.0,0.0,0.0,0.2648849899025092,0.0,0.0,0.0,0.0,0.0,0.0,0.0,0.0,0.0,0.0,0.0,0.0,0.0,0.0,0.0,0.0,0.0,0.0,0.0,0.0,0.0,0.0,0.0,0.0,0.0,0.0,0.0,0.0,0.0,1.5380735002912416,1.1168390817147864,0.0,0.8824297997039634,0.6734889164524591,1.091550364467856,0.0,0.20071597081086867,1.656563652680276,1.404880158997655,1.03581817081755,0.0,0.9423108087737486,0.0,0.0
0.0,0.0,0.0,0.0,0.0,0.0,0.0,0.0,0.0,0.0,0.0,0.0,0.0,0.0,0.0,0.0,0.0,0.0,0.0,0.0,0.0,0.0,0.0,0.0,0.0,0.0,0.0,0.0,0.0,0.0,0.0,0.2151095138496244,0.0,0.0,0.0,0.0,0.0,0.0,0.0,0.0,0.0,0.0,0.0,0.0,0.0,0.0,0.0,0.0,0.0,0.0,0.0,0.0,0.0,0.0,0.0,0.0,0.0,0.0,0.0,0.0,0.0,0.0,1.4573918618768316,0.0,0.0,0.0,0.0,0.0,0.0,0.818042280351643,1.3277030009366917,0.0,0.0,0.0,0.0,0.7486998760715132
0.0,0.0,0.0,0.0,0.0,0.0,0.0,0.0,0.0,0.0,0.0,0.0,0.0,0.0,0.0,0.0,0.0,0.0,0.0,0.0,0.0,0.0,0.0,0.0,0.0,0.0,0.0,0.0,0.0,0.0,0.0,0.3068947698290751,0.0,0.0,0.0,0.0,0.0,0.0,0.0,0.0,0.0,0.0,0.0,0.0,0.0,0.0,0.0,0.0,0.0,0.0,0.0,0.0,0.0,0.0,0.0,0.0,0.0,0.0,0.0,0.0,0.0,0.0,0.0,0.0,0.0,0.0,0.0,0.0,0.9834319455112037,1.994145570641423,1.1138379268924572,0.6030855925499017,0.0,0.5569732393890496,0.5659592884267324,0.0
0.0,0.0,0.0,0.0,0.0,0.0,0.0,0.0,0.0,0.0,0.0,0.0,0.0,0.0,0.0,0.0,0.0,0.0,0.0,0.0,0.0,0.0,0.0,0.0,0.0,0.0,0.0,0.0,0.0,0.0,0.0,0.20358840908951334,0.0,0.0,0.0,0.0,0.0,0.0,0.0,0.0,0.0,0.0,0.0,0.0,0.0,0.0,0.0,0.0,0.0,0.0,0.0,0.0,0.0,0.0,0.0,0.0,0.0,0.0,0.0,0.0,0.0,0.0,0.0,0.0,1.2119576073195353,0.0,1.3900784668475694,0.6588400074094828,0.0,0.0,0.0,0.0,0.0,0.0,0.0,0.0
0.0,0.0,0.0,0.0,0.0,0.0,0.0,0.0,0.0,0.0,0.0,0.0,0.0,0.0,0.0,0.0,0.0,0.0,0.0,0.0,0.0,0.0,0.0,0.0,0.0,0.0,0.0,0.0,0.0,0.0,0.0,0.46747871445973566,0.0,0.0,0.0,0.0,0.0,0.0,0.0,0.0,0.0,0.0,0.0,0.0,0.0,0.0,0.0,0.0,0.0,0.0,0.0,0.0,0.0,0.0,0.0,0.0,0.0,0.0,0.0,0.0,0.0,0.0,0.0,0.0,0.0,0.0,1.506911923213117,0.0,0.10396606873179695,0.0,0.0,0.7524547455485823,0.2559708671922084,0.0,0.6886746049524837,0.866482133956901
0.0,0.0,0.0,0.0,0.0,0.0,0.0,0.0,0.0,0.0,0.0,0.0,0.0,0.0,0.0,0.0,0.0,0.0,0.0,0.0,0.0,0.0,0.0,0.0,0.0,0.0,0.0,0.0,0.0,0.0,0.0,0.2828987818142431,0.0,0.0,0.0,0.0,0.0,0.0,0.0,0.0,0.0,0.0,0.0,0.0,0.0,0.0,0.0,0.0,0.4023766816675028,0.0,0.0,0.0,0.0,0.0,0.0,0.0,0.0,0.0,0.0,0.0,0.0,0.0,0.0,0.0,0.0,0.0,0.0,0.0,0.0,0.0,0.0,0.0,0.0,1.3183615883063433,0.0,0.0
0.0,0.0,0.0,0.0,0.0,0.0,0.0,0.0,0.0,0.0,0.0,0.0,0.0,0.0,0.0,0.0,0.0,0.0,0.0,0.0,0.0,0.0,0.0,0.0,0.0,0.0,0.0,0.0,0.0,0.0,0.0,0.38943484000942125,0.0,0.0,0.0,0.0,0.0,0.0,0.0,0.0,0.0,0.0,0.0,0.0,0.0,0.0,0.0,0.0,0.0,0.0,0.0,0.0,0.0,0.0,0.0,0.0,0.0,0.0,0.0,0.0,0.0,0.0,0.0,0.0,0.0,0.0,0.0,0.0,0.0,0.0,1.1157485107268492,0.8265505069299706,0.1532450087467257,0.31726297921687313,0.8421250100208533,1.0978213424372747
0.0,0.0,0.0,0.0,0.0,0.0,0.0,0.0,0.0,0.0,0.0,0.0,0.0,0.0,0.0,0.0,0.0,0.0,0.0,0.0,0.0,0.0,0.0,0.0,0.0,0.0,0.0,0.0,0.0,0.0,0.0,0.26067010712683314,0.0,0.0,0.0,0.0,0.0,0.0,0.0,0.0,0.0,0.0,0.0,0.0,0.0,0.0,0.0,0.0,0.3825305476252128,0.0,0.0,0.0,0.0,0.0,0.0,0.0,0.0,0.0,0.0,0.0,0.0,0.0,0.0,0.0,0.0,0.0,0.0,0.0,0.0,0.0,0.0,0.5813074324106839,0.0,0.0,0.0,0.0
0.0,0.0,0.0,0.0,0.0,0.0,0.0,0.0,0.0,0.0,0.0,0.0,0.0,0.0,0.0,0.0,0.0,0.0,0.0,0.0,0.0,0.0,0.0,0.0,0.0,0.0,0.0,0.0,0.0,0.0,0.0,0.32106117073353346,0.0,0.0,0.0,0.0,0.0,0.0,0.0,0.0,0.0,0.0,0.0,0.0,0.0,0.0,0.0,0.0,0.0,0.0,0.0,0.0,0.0,0.0,0.0,0.0,0.0,0.0,0.0,0.0,0.0,0.0,0.0,0.0,0.0,0.0,0.0,0.0,0.0,0.0,0.8857739861452532,0.0,0.0,1.1057753200912552,1.0359999605819168,0.0
0.0,0.0,0.0,0.0,0.0,0.0,0.0,0.0,0.0,0.0,0.0,0.0,0.0,0.0,0.0,0.0,0.0,0.0,0.0,0.0,0.0,0.0,0.0,0.0,0.0,0.0,0.0,0.0,0.0,0.0,0.0,0.35528289780589745,0.0,0.0,0.0,0.0,0.0,0.0,0.0,0.0,0.0,0.0,0.0,0.0,0.0,0.0,0.0,0.0,0.0,0.0,0.0,0.0,0.0,0.0,0.0,0.0,0.0,0.0,0.0,0.0,0.0,0.0,0.0,0.0,0.0,0.0,0.0,0.0,0.0,0.0,0.5658522473293002,0.5416279505696506,0.0,1.360417469109077,0.0,0.0
0.0,0.0,0.0,0.0,0.0,0.0,0.0,0.0,0.0,0.0,0.0,0.0,0.0,0.0,0.0,0.0,0.0,0.0,0.0,0.0,0.0,0.0,0.0,0.0,0.0,0.0,0.0,0.0,0.0,0.0,0.0,0.277163599766575,0.0,0.0,0.0,0.0,0.0,0.0,0.0,0.0,0.0,0.0,0.0,0.0,0.0,0.0,0.0,0.0,0.3931740424604865,0.0,0.0,0.0,0.0,0.0,0.0,0.0,0.0,0.0,0.0,0.0,0.0,0.0,0.0,0.0,0.0,0.0,0.0,0.0,0.0,0.0,0.0,0.13916770822468946,0.0,1.4396882408575833,0.0,0.2008631781314579
0.0,0.0,0.0,0.0,0.0,0.0,0.0,0.0,0.0,0.0,0.0,0.0,0.0,0.0,0.0,0.0,0.0,0.0,0.0,0.0,0.0,0.0,0.0,0.0,0.0,0.0,0.0,0.0,0.0,0.0,0.0,0.31749605944044146,0.0,0.0,0.0,0.0,0.0,0.0,0.0,0.0,0.0,0.0,0.0,0.0,0.0,0.0,0.0,0.0,0.0,0.0,0.0,0.0,0.0,0.0,0.0,0.0,0.0,0.0,0.0,0.0,0.0,0.0,0.0,0.0,0.0,0.0,0.0,0.0,0.0,0.0,0.0,0.0,0.6140441517818794,0.2711706863634715,0.0,0.6940375509903806
0.0,0.0,0.0,0.0,0.0,0.0,0.0,0.0,0.0,0.0,0.0,0.0,0.0,0.0,0.0,0.0,0.0,0.0,0.0,0.0,0.0,0.0,0.0,0.0,0.0,0.0,0.0,0.0,0.0,0.0,0.0,0.32347906922598424,0.0,0.0,0.0,0.0,0.0,0.0,0.0,0.0,0.0,0.0,0.0,0.0,0.0,0.0,0.0,0.0,0.0,0.0,0.0,0.0,0.0,0.0,0.0,0.0,0.0,0.0,0.0,0.0,0.0,0.0,0.0,0.0,0.0,0.0,0.0,0.0,0.0,0.0,0.0,0.0,0.0,0.0,1.0052917991746033,0.0
0.0,0.0,0.0,0.0,0.0,0.0,0.0,0.0,0.0,0.0,0.0,0.0,0.0,0.0,0.0,0.0,0.0,0.0,0.0,0.0,0.0,0.0,0.0,0.0,0.0,0.0,0.0,0.0,0.0,0.0,0.0,0.355890161810296,0.0,0.0,0.0,0.0,0.0,0.0,0.0,0.0,0.0,0.0,0.0,0.0,0.0,0.0,0.0,0.0,0.4819433974166225,0.0,0.0,0.0,0.0,0.0,0.0,0.0,0.0,0.0,0.0,0.0,0.0,0.0,0.0,0.0,0.0,0.0,0.0,0.0,0.0,0.0,0.0,0.0,0.0,0.0,0.0,0.0
0.0,0.0,0.0,0.0,0.0,0.0,0.0,0.0,0.0,0.0,0.0,0.0,0.0,0.0,0.0,0.0,0.0,0.0,0.0,0.0,0.0,0.0,0.0,0.0,0.0,0.0,0.0,0.0,0.0,0.0,0.0,0.3332998174253208,0.0,0.0,0.0,0.0,0.0,0.0,0.0,0.0,0.0,0.0,0.0,0.0,0.0,0.0,0.0,0.0,0.4545739341872398,0.0,0.0,0.0,0.0,0.0,0.0,0.0,0.0,0.0,0.0,0.0,0.0,0.0,0.0,0.0,0.0,0.0,0.0,0.0,0.0,0.0,0.0,0.0,0.0,0.0,0.0,0.0
0.0,0.0,0.0,0.0,0.0,0.0,0.0,0.0,0.0,0.0,0.0,0.0,0.0,0.0,0.0,0.0,0.0,0.0,0.0,0.0,0.0,0.0,0.0,0.0,0.0,0.0,0.0,0.0,0.0,0.0,0.0,0.24985806024220042,0.0,0.0,0.0,0.0,0.0,0.0,0.0,0.0,0.0,0.0,0.0,0.0,0.0,0.0,0.0,0.0,0.35556735732466666,0.0,0.0,0.0,0.0,0.0,0.0,0.0,0.0,0.0,0.0,0.0,0.0,0.0,0.0,0.0,0.0,0.0,0.0,0.0,0.0,0.0,0.0,0.0,0.0,0.0,0.0,0.0
