0.0,7.555653839396156,6.890833691800536,0.0,0.0,0.0,0.0,0.0,0.0,3.3362210413387174,3.325612358506345,0.0,2.903511161273862,0.0,0.8958619552916509,1.960829840101003,0.5085983279023544,0.0,0.0,2.0915852669353376,0.3180772202639538,1.2375668960332393,0.0,2.0431660480073313,1.5633233793503591,1.925899061302709,2.571076344957592,0.0,0.0,0.6774795071746451,1.0512753908914365,0.10733671262047056,1.4729259897560745,0.6751490972769091,0.0,0.0,0.0,0.0,0.0,2.374466002096363,0.4379378410048254,0.0,0.0,0.0,0.0,0.6061300354260973,1.6154931562923882,0.5689936256138372,0.0,0.0,0.0,0.0,0.0,0.0,0.0,0.0,0.0,0.0,0.0,0.348581695226582,0.28969941307700164,0.0,0.0,0.0,0.0,1.71042152806342,0.0,0.0,0.7718365835041765,0.6436123423810411,0.0,0.0,0.0,0.0,0.483019022341015,0.2905293437508689
0.0,0.0,3.7453343395527163,0.0,0.0,3.478002236522896,0.0,1.0915263719065829,0.0,4.584047675719452,2.31500156820407,0.0,0.0,3.2953420673689804,0.0,2.973661128015698,0.0,2.446063365449697,0.9045397788739808,0.40652455719316816,0.6814492925860158,1.6496088572852767,1.1746504960409125,2.615091825376482,0.0,1.7624222625173283,0.0,0.0,2.9772356101183775,0.0,0.0,0.0,1.5460095193218706,0.0,0.0,0.0,0.0,0.0,0.0,0.0,0.0,0.0,1.5785481018449887,0.0,0.0,0.0,1.1683435480974929,0.0,0.0,0.0,1.661253260358264,0.0,1.6695540714139487,0.0,0.0,0.0,0.0,0.0,0.0,0.0,0.0,0.0,0.0,0.0,0.7745845797367523,0.2695159931561051,0.9240654754938908,0.0,1.1004719430865118,0.9448229329735043,0.0,0.0,0.0,0.0,0.0,0.0
0.11522040158273339,0.0,0.0,0.0,4.321562264762716,5.544117800125212,1.9036079598804592,0.5205155497223131,3.393680270539356,0.0,2.034943208866696,0.0,0.0,0.0,0.42228030552273477,0.0,0.0,0.0,3.1346378713277336,2.2383505386880165,0.0,0.0,0.0,2.762347206229204,0.0,2.352011171918784,3.0065965624069833,2.728075577172319,0.0,0.0,0.0,0.0,0.0,0.0,0.0,0.0,0.0,0.15978785920680832,0.0,0.0,0.0,0.0,0.7768959295494818,0.0,0.9503162098805706,0.0,0.0,1.6231402807868411,0.0,2.2546532250573335,0.0,1.8209196641041516,0.0,1.2257612568255425,1.3019622875516312,1.6013761050637716,0.5620797314166356,0.0,0.0,1.486990254396995,0.0,0.0,0.0,1.573866346329404,0.0,0.0,0.0,1.3074947915079096,0.0,0.0,0.0,0.0,1.253888612354216,0.0,0.0,0.0
0.0,0.0,0.0,0.23787115315343946,0.0,0.0,0.0,0.0,0.0,0.0,0.0,1.733530060168369,0.0,0.0,0.0,0.0,0.0,0.0,0.0,0.0,0.0,0.0,0.0,0.0,0.0,0.0,0.0,0.8389661397985947,0.0,2.4067485632640233,1.0038476442899376,0.0,0.0,1.793979822793127,0.0,1.5520762647430126,0.0,0.0,0.0,0.0,0.0,0.7532060129085478,0.0,0.0,0.0,0.0,0.0,0.0,0.0,0.0,0.0,0.0,0.0,0.0,0.0,0.0,0.0,0.0,0.0,0.0,0.0,0.0,0.0,0.0,0.0,0.0,0.0,0.0,0.0,0.0,0.0,0.0,0.0,0.0,0.0,0.0
0.0,0.0,0.0,0.0,0.0,0.0,3.7438795306520767,0.0,0.0,2.158966561842514,2.8755976555882623,0.23122308041973702,0.0,2.204215624092754,2.5799270922436266,0.0,0.0,0.0,0.0,0.0,0.0,0.0,0.0,0.0,0.0,0.0,0.5331566055431581,1.309355524084937,0.0,1.552029133540064,0.0,0.0,0.0,0.0,0.0,0.5619191256167004,0.0,2.203491803457379,0.0,0.0,0.0,0.0,0.12998385266465756,0.0,0.0,0.0,0.0,0.0,0.0,1.9532936919885548,0.0,1.8507925536738115,0.0,0.19403012283275628,0.0,0.36334777067223,1.0884020707188262,0.0,0.0,0.0,0.0,0.0,0.0,0.0,0.0,0.0,0.0,0.0,0.0,0.0,0.0,0.0,0.0,0.0,0.0,0.0
0.1904329252853028,0.0,0.0,0.343148396150996,0.21160763836800997,0.0,2.27992942750509,5.576671740592194,0.0,2.711414117713156,0.0,4.798233945370684,0.0,0.0,2.347811842033626,0.0,2.131100182616537,0.0,0.0,0.14953788564833065,0.0,1.5087317561387572,1.4047156826461107,0.0,0.4961436178348463,1.6697558447716636,1.7624613558599251,0.0,0.0,0.0,0.0,0.0,0.9876676198591932,0.0,0.0,0.0,0.0,0.0,0.0,0.0,0.0,0.0,0.0,0.0,0.0,0.0,1.0081670838764523,0.0,0.0,0.0,1.5019984567485734,0.0,0.6653069044930676,0.0,0.0,0.0,0.34051221702426926,0.20678453773793995,0.0,0.0,0.0,0.0,0.0,0.0,0.0,0.0,0.0,1.0846303769339776,0.0,0.0,0.0,0.7971763105182664,0.0,0.0,0.0,0.0
0.0,0.0,0.0,0.0,0.0,0.0,0.0,0.0,2.176118188004441,0.0,1.0046032762972807,0.0,4.22173324328869,3.306781797770685,0.0,3.233564360218627,1.6505497585941848,2.2434878432161303,0.0,0.0,0.0,0.0,0.0,0.0,0.0,0.0,0.0,0.6189538754197408,1.5792635647722464,1.0954269448807963,1.6924947899748857,0.0,0.0,0.0,0.0,0.6576416803581758,0.0,0.7327429162339989,0.0,0.0,0.0,0.0,1.1428929898068427,0.0,0.0,0.0,0.0,0.0,1.0139522693284564,1.1267062974790982,0.0,1.1513762130829628,0.0,0.0,0.5257199327561557,0.0,0.0,0.0,0.0,0.0,0.0,0.0,0.0,1.1091163869964857,0.0,0.0,0.0,0.0,0.0,0.0,0.0,0.0,0.0,0.0,0.0,0.0
0.1847323831403951,0.0,0.0,0.3519631697203757,0.0,0.0,0.0,0.0,0.0,0.0,0.7684352286995144,3.926509127722809,4.108684498684926,0.0,0.0,0.0,0.0,0.0,0.0,1.068598392574721,0.1784595458692087,0.0,2.616520834558515,0.0,0.0,0.0,1.4411892052939945,0.0,0.0,0.0,0.0,0.0,0.0,0.0,0.0,0.20346512451178783,0.0,0.4413243212585175,0.0,0.7625666775491902,0.0,0.0,0.0,0.0,0.0,0.0,0.0,0.2557897268813564,0.0,0.0,1.0403751151675174,0.0,1.156578322783492,0.0,0.0,0.4969991385784447,1.807501820018234,0.5976892289503151,0.0,0.0,0.0,0.0,0.0,0.24940566987763269,0.0,0.0,0.0,0.4842886243557119,0.3888518676981445,0.0,0.0,0.0,0.0,0.0,0.0,0.0
0.0,0.0,0.0,0.1893790830820566,0.0,0.0,0.0,0.0,0.0,0.0,4.042412855650955,0.0,0.0,0.0,0.0,0.0,3.1208216976286143,0.0,0.0,0.0,0.0,2.3781755147432,0.0,0.0,0.0,0.0,0.6489343186296139,0.0,0.9543941870917438,1.9788625000199962,0.0,0.0,0.0,0.0,0.0,0.0,0.0,1.6716204547009412,0.0,0.0,0.0,0.0,0.0,0.0,0.5943790516803499,0.0,0.0,1.737029043296112,0.0,1.5782372668152909,0.0,0.0,0.0,1.0381706392871446,0.40163991825798007,0.3946547572584589,0.0,0.0,0.0,0.0,1.1817458448138392,0.0,0.0,1.607830228198111,1.407724878535842,0.0,1.0357481538627193,0.0,0.0,0.0,0.2214408330948832,0.6210749643928888,0.0,0.0,0.0,0.0
0.0,0.0,0.0,0.11474806997297932,0.0,0.0,0.0,0.0,0.0,0.0,3.5996335680209945,0.0,2.7984182912541957,0.0,0.0,1.502725328208853,0.0,2.7337261619048046,0.0,2.2071997312234837,0.0,0.3046587196181626,0.0,0.0,3.4849278140253053,2.1117395249583013,0.0,2.5231880330783443,0.30659611324630076,0.0,0.377929788845645,0.0,0.0,0.0,0.0,0.0,0.6052878384416096,0.7616673445734239,0.0,0.0,0.0,0.0,0.5631981471095646,1.9043068814251398,0.0,0.0,0.0,0.0,0.0,0.0,0.0,0.43345514900633214,0.0,0.0,1.3076989309325777,0.0,2.526098392930259,0.0,0.0,0.0,0.0,1.067734725430644,0.6476042210460731,0.0,0.0,1.0265940168785412,0.5134091375736403,0.0,0.0,0.0,0.0,0.0,0.0,0.0,0.0,0.0
0.0,0.0,0.0,0.16523739684437738,0.0,0.0,0.0,0.0,0.0,0.0,0.0,0.0,0.0,0.0,0.19966966818232368,0.0,0.0,0.0,3.513406350989308,0.0,1.5995087534004653,1.1289552496999296,0.0,0.0,0.0,0.0,0.9759063554822345,0.2844873478643991,0.0,0.0,0.0,0.0,0.0,0.0,0.0,0.0,0.0,0.0,0.0,0.0,0.0,0.0,0.0,0.0,0.9881509311861489,0.0,0.4282019725679831,1.2211238662363972,0.0,0.0,0.0,0.0,0.0,1.2845791036837189,0.5239522333510753,1.2438138234303207,0.0,0.0,3.0263003914576427,0.0,0.0,0.0,0.0,1.6922230483438485,0.0,0.0,0.0,0.6744625892567121,0.0,0.0,0.0,0.0,0.0,0.0,0.0,0.0
0.0,0.0,0.0,0.0,0.0,0.0,0.0,0.0,0.0,0.0,0.0,0.0,2.918408976065737,1.4751656824499442,0.0,0.0,0.0,0.0,1.8582859939547187,0.0,0.0,0.0,1.6533777494349928,1.9455404555782354,0.0,0.0,0.0,1.1843190085995736,0.0,0.0,0.0,0.0,1.2718178249886034,0.0,0.0,2.2546875859524462,0.48226879237589804,0.4779678158697787,0.0,0.0,0.0,0.0,0.0,0.0,0.0,0.0,0.0,0.8274077974529765,0.0,1.2834726394730251,0.0,0.0,1.4070224156299063,0.0,2.3721575419101972,0.0,1.681780243723506,0.0,0.7335937286276404,0.0,0.0,0.0,0.0,0.0,0.0,0.0,0.0,0.0,0.0,0.0,0.0,0.0,0.0,0.0,0.0,0.0
0.0,0.0,0.0,0.22288432824582197,0.0,0.0,0.0,0.0,0.0,0.0,0.0,0.0,0.0,0.0,0.0,0.6743994815779406,3.9978224938057925,0.0,0.5813004899984652,0.0,0.6076684037254227,0.0,0.0,0.0,0.0,0.0,0.0,0.0,1.7671205552465774,0.0,2.0764449209600753,0.0,0.0,0.0,0.0,0.6487854985908176,1.9104853524431187,2.244788195820995,0.0,0.0,0.0,0.0,1.1307210444091313,0.0,0.0,0.0,0.0,0.0,0.5736995846956456,0.0,0.0,0.0,0.0,1.3603362639956362,0.0,0.0,0.28219219001748397,0.5170634608845283,0.0,0.0,0.0,0.2174958926352523,0.0,0.0,0.0,0.0,0.0,0.0,0.0,0.0,0.0,0.0,0.29793701254979077,0.0,0.0,0.0
0.0,0.0,0.0,0.0,0.0,0.0,0.0,0.0,0.0,0.0,0.0,0.0,0.0,0.0,0.0,0.0,0.0,0.0,0.0,0.0,0.0,0.0,0.0,0.0,0.0,0.0,0.0,0.0,0.0,0.0,0.0,0.0,0.0,0.0,0.0,0.0,0.0,0.0,0.0,0.0,0.0,0.0,1.5129549138137701,0.0,0.5855285568548624,0.0,0.0,0.0,0.0,0.0,0.0,0.0,0.0,0.0,0.8920876372131982,0.0,0.0,0.0,1.0991519429350245,0.0,0.0,0.0,0.0,0.0,0.0,0.0,0.0,0.0,0.0,0.0,0.0,0.0,0.0,0.0,0.0,0.0
0.0,0.0,0.0,0.0,0.0,0.0,0.0,0.0,0.0,0.0,0.0,0.0,0.0,0.0,0.0,4.064610122378543,0.0,0.0,2.825948138458147,2.994800308740532,2.6001751999167464,0.4339192561956721,0.6723363590773073,0.0,0.20423542882817006,0.8833493030669063,3.1038425624352373,0.0,0.9494934872505912,0.0,0.0,0.0,0.0,0.0,0.0,0.0,0.0,0.0,0.0,0.0,0.0,0.0,0.0,0.0,0.7370486791195092,0.2976175623085294,0.22160068384770854,0.4762465176730969,0.0,0.0,0.18890326347205344,0.0,1.576221237150865,0.0,0.0,1.3486731089834425,0.0,0.0,0.0,1.655866225773158,0.0,0.0,0.0,0.48083770737985987,0.5712064491178045,1.7711406581338602,1.1621627202552796,0.4060620594904666,0.0,0.45224522657765653,0.0,1.046067897867518,0.0,0.6150437337653478,0.0,0.0
0.0,0.0,0.0,0.24524451761313695,0.0,0.0,0.0,0.0,0.0,0.0,0.0,0.0,0.0,0.0,0.0,0.0,1.4352578862443424,1.664129685999833,0.0,0.0,2.1538454471743838,0.0,0.0,0.0,2.055574927652411,0.0,0.0,0.0,0.3430169323211019,3.098054347434132,1.8885390902606725,0.0,1.211285297563269,2.050065248348878,0.0,0.0,0.0,0.0,0.0,0.0,0.0,0.0,0.0,0.0,0.0,0.9326931119172028,0.0,0.0,0.0,0.0,0.0,0.0,0.0,0.0,0.0,0.0,0.0,0.0,0.0,0.0,1.572075293932543,1.3933927515371902,1.3009711665445596,0.0,0.0,0.0,0.0,0.0,0.0,0.0,0.0,0.0,0.0,0.0,0.0,0.0
0.0,0.0,0.0,0.26899322207417903,0.0,0.0,0.0,0.0,0.0,0.0,0.0,0.0,0.0,0.0,0.0,0.0,0.0,0.0,0.0,2.4005999757430336,3.4965495160902993,0.0,0.0,0.6622103180651066,3.255651080743837,0.4468954298058978,0.0,0.0,2.5318396013074795,0.0,0.0,0.0,0.0,0.0,0.0,0.0,0.0,0.0,0.0,0.0,0.0,0.0,1.6098815186168187,0.0,0.0,0.0,0.0,0.0,0.0,0.0,0.0,0.0,0.0,0.3109026911662884,0.0,0.0,0.893715274367146,0.0,0.0,0.0,1.0179498085738194,1.150700361334773,0.12097175805754877,0.0,0.0,0.0,0.0,0.0,0.0,0.0,0.0,0.0,0.0,0.0,0.0,1.1882522764759615
0.0,0.0,0.0,0.20812911763708966,0.0,0.0,0.0,0.0,0.0,0.0,0.0,0.0,0.0,0.0,0.0,0.0,0.0,0.0,0.0,1.4149084564752497,0.9391565866190273,0.0,0.0,0.0,0.0,0.0,0.0,0.0,2.0543414493033163,0.0,0.0,0.0,1.7102924131167332,0.0,0.0,0.0,0.0,0.0,0.0,1.9686731490327092,0.0,0.0,0.0,1.725821188922355,0.0,0.0,1.066078644825132,0.0,0.0,0.0,1.7630704677304139,0.0,0.0,0.0,0.0,0.0,0.0,0.5251934386312034,0.0,0.0,1.1425037735553745,0.0,1.0671709832319132,0.0,0.0,1.9830376691278997,0.48177148047876345,0.0,0.0,0.0,0.0,0.0,0.9259482346343982,0.0,0.0,0.0
0.0,0.0,0.0,0.22840387000738283,0.0,0.0,0.0,0.0,0.0,0.0,0.0,0.0,0.0,0.0,0.0,0.0,0.0,0.0,0.0,0.0,0.0,1.9194530542052746,2.7638143588834234,0.0,0.0,1.584519386708411,0.9924162321835627,0.0,0.0,0.0,0.0,0.0,0.0,0.0,0.0,0.8680450742519029,0.0,0.0,0.0,0.0,0.0,0.0,0.0,0.3167363123565187,0.0,0.0,0.0,1.624030819098988,0.0,1.6295135706327506,0.0,1.1069463860853892,0.0,0.6310778098681646,0.0,0.24118470161229155,0.0,0.0,0.0,0.0,0.0,0.0,0.0,0.7154908180797603,0.0,0.0,0.0,0.9545744915533928,0.0,0.0,0.0,0.0,0.0,0.0,0.0,0.0
0.0,0.0,0.0,0.0,0.0,0.0,0.0,0.0,0.0,0.0,0.0,0.0,0.0,0.0,0.0,0.0,0.0,0.0,0.0,0.0,2.032644570126303,1.691166512618655,1.2523479845414598,0.0,0.904026723134221,0.4766153991121925,2.146586143656576,0.0,1.0250538927069068,1.1647975357817235,0.0,0.0,0.0,0.0,0.0,0.0,0.0,0.0,0.0,0.45044625322718423,0.0,0.0,0.0,0.0,1.0093362429167132,0.0,0.0,0.5336364427392506,0.0,1.7778503074870173,0.452519685137028,0.0,1.5331133537111676,1.3281717398903898,0.0,0.42134175497249116,0.0,0.0,0.0,0.9102681405776009,1.574093863991339,0.0,0.0,0.3006445239561822,1.1385604833918122,1.5309306284066084,1.1180089832896627,0.0,0.0,0.0,0.0,0.0,0.0,2.2334920319040568,0.0,0.0
0.0,0.0,0.0,0.21082335313204642,0.0,0.0,0.0,0.0,0.0,0.0,0.0,0.0,0.0,0.0,0.0,0.0,0.0,0.0,0.0,0.0,0.0,2.4608784918685185,1.1926163499247509,0.0,1.1178965796281317,2.374092743723379,0.0,0.8498591516983118,1.4706476781374425,0.0,1.4729724499214603,0.0,0.22273071142359202,0.38841168471444854,0.0,0.0,0.0,0.0,0.0,1.3520746476955983,0.0,0.0,0.0,0.0,0.0,1.7243374403771685,1.364262528338302,0.0,0.0,0.0,1.8869290846486642,0.0,1.1322565019318138,1.446379058199726,0.0,0.0,0.0,0.0,0.0,0.48710012784666823,0.7513943532311408,0.0,0.0,0.9584088273354688,1.055312878686113,0.8409264746689973,0.6234969018469508,0.0,0.0,0.0,0.0,1.2295005837100739,0.0,0.0,0.0,0.0
0.0,0.0,0.0,0.0,0.0,0.0,0.0,0.0,0.0,0.0,0.0,0.0,0.0,0.0,0.0,0.0,0.0,0.0,0.0,0.0,0.0,0.0,2.2607687898798225,0.0,3.249196309938025,0.6683844917851597,1.7326266377465294,2.3227213787301766,1.7107526585314887,0.44980467745166186,1.3065710788985767,0.0,1.48499048450409,0.0,0.0,0.0,0.0,0.0,0.0,0.0,0.0,0.0,0.10632318210532815,0.0,2.030027237719299,2.543524054995805,0.0,1.56929677231465,0.0,0.0,0.0,0.0,0.0,1.178769322967996,1.7643046562638252,0.10880479025537829,0.0,0.0,0.0,0.11672139132469106,1.1123342386183843,0.0,0.7161119157460246,1.0541483987934406,0.2190281774547031,0.0,1.4381399724932593,0.0,0.0,0.0,0.0,0.7125344265998041,0.0,0.6297991706200552,0.6125265760877461,0.0
0.10504117790877807,0.0,0.0,0.2854857338602447,0.0,0.0,0.0,0.0,0.0,0.0,0.0,0.0,0.0,0.0,0.0,0.0,0.0,0.0,0.0,0.0,0.0,0.0,0.0,0.0,0.0,1.9064612041578493,0.0,1.9129197857244336,0.0,0.0,0.0,0.0,0.0,0.0,0.0,0.0,0.0,0.0,0.0,0.0,0.0,0.0,0.0,0.0,0.6060856015837952,0.0,0.0,0.0,0.2901809058834751,0.0,0.45234548745902786,0.0,1.5470231927609435,1.2861273212345439,0.0,0.16847891633104178,1.4567700813107847,0.0,0.4125523236013053,0.0,0.0,0.0,0.0,0.7297258851010495,0.0,0.0,0.0,1.271324120940917,0.0,0.0,0.0,1.0131001783093523,0.0,0.0,0.0,0.0
0.0,0.0,0.0,0.0,0.0,0.0,0.0,0.0,0.0,0.0,0.0,0.0,0.0,0.0,0.0,0.0,0.0,0.0,0.0,0.0,0.0,0.0,0.0,0.0,0.0,1.6333508376561552,0.0,0.0,0.0,0.0,0.0,0.47717490189300477,1.9109900418942545,0.0,0.0,0.0,0.0,0.0,1.8453944625323617,2.3683578712037985,0.0,0.7045807096400671,0.0,0.0,2.1292804822888907,1.6714604475736234,0.0,0.0,0.0,0.0,0.0,0.0,0.9311701236445936,0.0,0.0,0.0,0.0,0.0,0.0,0.0,0.0,0.0,0.0,0.0,0.5105443611901838,0.0,0.0,0.0,1.5627407808656275,0.0,0.579550834970762,0.0,0.0,0.0,0.0,0.26902615847838796
0.0,0.0,0.0,0.0,0.0,0.0,0.0,0.0,0.0,0.0,0.0,0.0,0.0,0.0,0.0,0.0,0.0,0.0,0.0,0.0,0.0,0.0,0.0,0.0,0.0,2.2383659428099656,0.5536618452070283,0.0,2.409845800348858,0.0,0.0,0.0,0.718662441918591,0.0,0.0,0.0,0.0,0.0,1.247242616518041,1.1107753376578056,0.8218288236093875,0.0,0.0,0.0,1.8208492317099345,0.8006393518588572,0.5529799460581334,0.0,0.0,0.0,2.3301115774918078,0.0,0.0,0.0,0.2675034209041282,0.0,0.0,0.0,1.0452052317554243,0.5157479327140475,1.24545463382363,0.95882522641451,0.9688280966524515,0.0,0.0,0.0,0.0,0.0,0.8605280874775535,1.308574897976292,0.0,0.4831581284368779,0.0,1.4531764216210876,0.9136990889570854,0.1426874981759326
0.0,0.0,0.0,0.0,0.0,0.0,0.0,0.0,0.0,0.0,0.0,0.0,0.0,0.0,0.0,0.0,0.0,0.0,0.0,0.0,0.0,0.0,0.0,0.0,0.0,0.0,0.25333555141223785,0.0,1.2609440529707543,0.0,0.0,0.0,0.0,0.6681285691403916,0.0,0.0,0.0,1.5569870290594452,0.0,0.18496233155311412,0.0,0.0,1.173039013698906,0.0,1.024238398621608,0.0,1.883065932322598,0.7747937151033955,0.0,0.0,0.4895954211044108,0.0,0.0,0.0,1.057892792922412,0.9203552789791606,0.3076196298603518,0.8821381892895339,0.0,1.2043270252310474,1.0232007127205947,0.0,0.0,0.7262609628694173,0.1589295310231597,0.0,0.24070781941526476,0.0,0.5252512119814536,1.2836388634023579,1.0425868504544509,0.0,0.0,0.0,0.0,0.0
0.0,0.0,0.0,0.0,0.0,0.0,0.0,0.0,0.0,0.0,0.0,0.0,0.0,0.0,0.0,0.0,0.0,0.0,0.0,0.0,0.0,0.0,0.0,0.0,0.0,0.0,0.0,0.0,1.6282281507559735,0.0,1.765762556944411,0.0,1.439405484960249,0.0,0.0,0.0,0.0,0.0,0.0,0.11710179515266034,0.0,0.0,0.0,0.0,0.0,0.0,0.0,1.0474945903911586,0.0,0.0,0.5886240062340455,0.9150988224189375,0.0,0.0,0.5841939691010477,1.9571811661982181,0.0,0.0,0.0,0.0,0.0,0.0,0.0,0.0,1.2612064972395134,0.5496440570949936,0.9252267445521862,0.0,0.0,0.9855368909222585,0.0,1.069639466832799,0.0,0.9953807750105038,0.0,0.0
0.0,0.0,0.0,0.0,0.0,0.0,0.0,0.0,0.0,0.0,0.0,0.0,0.0,0.0,0.0,0.0,0.0,0.0,0.0,0.0,0.0,0.0,0.0,0.0,0.0,0.0,0.0,0.0,1.0657606656683145,2.3493470142033557,1.397688412386315,0.0,0.0,1.5692301151929957,0.0,1.5979471216928394,0.5896495927578035,0.0,0.0,0.0,0.0,0.0,1.4882231195485383,0.0,0.0,0.0,0.0,1.0536231999997514,0.0,0.5654670614301378,0.0,0.0,0.0,1.1793859363753647,0.7519960236742095,0.0,2.252703864635312,0.8415523756164839,0.0,0.0,0.0,0.0,1.372193586491751,0.0,0.0,0.0,0.0,0.0,0.0,0.0,0.0,0.0,0.0,0.0,0.0,0.0
0.0,0.0,0.0,0.2294935691492877,0.0,0.0,0.0,0.0,0.0,0.0,0.0,0.0,0.0,0.0,0.0,0.0,0.0,0.0,0.0,0.0,0.0,0.0,0.0,0.0,0.0,0.0,0.0,0.0,0.0,0.0,0.45695730975806614,0.0,0.0,1.8834104382541528,0.0,0.0,0.0,0.0,0.0,0.0,0.0,0.0,0.0,0.0,0.0,1.4968439635593012,0.0,0.0,0.0,0.0,1.2037458394931333,0.0,0.0,1.1726395531031655,0.0,0.0,0.0,0.0,0.0,0.8551595786975836,1.6254430095307946,0.0,0.0,0.0,0.0,0.5675502904068647,1.4765670563924564,0.0,0.0,1.5714782033873074,0.0,1.4162718851621106,0.0,0.0,0.0,0.0
0.0,0.0,0.0,0.0,0.0,0.0,0.0,0.0,0.0,0.0,0.0,0.0,0.0,0.0,0.0,0.0,0.0,0.0,0.0,0.0,0.0,0.0,0.0,0.0,0.0,0.0,0.0,0.0,0.0,0.0,0.0,1.0611466143875654,0.0,0.0,1.4201364641195626,0.0,1.1004160135425018,0.0,0.0,0.0,0.0,0.0,0.0,0.0,0.0,0.0,0.0,0.0,0.0,0.0,0.0,1.2011308345540757,0.0,0.0,0.0,0.0,0.0,0.0,0.0,0.0,0.362400638973483,0.0,0.0,0.0,0.0,0.0,0.0,0.0,0.0,0.0,0.0,0.0,0.0,0.0,0.9718568986441571,0.0
0.0,0.0,0.0,0.0,0.0,0.0,0.0,0.0,0.0,0.0,0.0,0.0,0.0,0.0,0.0,0.0,0.0,0.0,0.0,0.0,0.0,0.0,0.0,0.0,0.0,0.0,0.0,0.0,0.0,0.0,0.0,0.0,0.0,0.0,0.345021833790834,0.0,0.9779705808998261,0.0,0.0,0.0,1.686774943583929,0.0,1.3688644612037921,0.0,0.0,0.0,0.0,0.0,1.5312954239293348,0.0,0.0,0.0,0.0,0.0,0.47465584206790795,0.0,0.0,0.0,0.0,0.0,0.0,0.0,0.0,0.0,0.0,0.5154389502117481,0.0,0.0,0.0,0.0,0.0,0.0,0.0,1.9181802997757835,0.0,0.0
0.0,0.0,0.0,0.0,0.0,0.0,0.0,0.0,0.0,0.0,0.0,0.0,0.0,0.0,0.0,0.0,0.0,0.0,0.0,0.0,0.0,0.0,0.0,0.0,0.0,0.0,0.0,0.0,0.0,0.0,0.0,0.16105285140758951,0.0,0.0,0.0,0.0,0.0,0.0,1.8047091761676115,0.0,0.0,0.0,0.0,0.0,0.0,0.7871388022121341,0.0,0.0,0.0,0.0,0.0,0.0,0.0,0.0,0.0,0.0,0.0,0.0,0.0,0.0,0.0,0.0,0.0,0.0,0.0,0.0,0.0,0.0,0.9220365043813107,0.0,0.0,0.0,0.0,0.0,0.0,0.8291749889766742
0.0,0.0,0.0,0.0,0.0,0.0,0.0,0.0,0.0,0.0,0.0,0.0,0.0,0.0,0.0,0.0,0.0,0.0,0.0,0.0,0.0,0.0,0.0,0.0,0.0,0.0,0.0,0.0,0.0,0.0,0.0,0.10057509057596312,0.0,0.0,0.0,0.0,0.0,0.0,2.8288343511763503,0.579241861175695,0.9141792779360517,0.0,0.0,0.0,0.8271415005909516,1.0560063712289547,0.0,0.0,0.0,0.0,0.0,0.0,0.5351531440407914,0.0,0.0,0.0,0.0,0.0,0.0,0.0,0.0,0.0,0.0,0.0,0.688835169032941,0.0,0.0,0.0,1.652921594480131,0.0,1.1992835478278963,0.0,0.0,0.0,0.0,0.30403811643131484
0.0,0.0,0.0,0.0,0.0,0.0,0.0,0.0,0.0,0.0,0.0,0.0,0.0,0.0,0.0,0.0,0.0,0.0,0.0,0.0,0.0,0.0,0.0,0.0,0.0,0.0,0.0,0.0,0.0,0.0,0.0,0.2394314414698814,0.0,0.0,0.0,0.0,0.0,0.0,0.0,0.0,0.0,0.0,0.0,0.0,0.0,0.0,0.0,0.0,0.0,0.0,0.0,0.0,0.0,0.0,0.0,0.0,0.0,0.0,0.0,0.0,0.0,0.0,0.0,0.0,0.0,0.0,0.0,0.0,0.0,0.0,0.0,0.0,0.0,0.0,0.0,0.0
0.0,0.0,0.0,0.0,0.0,0.0,0.0,0.0,0.0,0.0,0.0,0.0,0.0,0.0,0.0,0.0,0.0,0.0,0.0,0.0,0.0,0.0,0.0,0.0,0.0,0.0,0.0,0.0,0.0,0.0,0.0,0.0,0.0,0.0,0.0,0.0,0.0,0.0,0.0,0.0,0.0,2.785589669169446,0.0,0.0,0.7460261418925664,0.0,0.0,0.0,0.0,0.0,0.0,0.0,0.0,0.0,0.0,0.0,0.0,0.0,0.0,0.0,0.0,0.0,0.0,0.0,0.0,0.0,0.0,0.0,0.0,0.0,0.0,0.0,0.0,0.0,0.5045656267233012,0.0
0.0,0.0,0.0,0.0,0.0,0.0,0.0,0.0,0.0,0.0,0.0,0.0,0.0,0.0,0.0,0.0,0.0,0.0,0.0,0.0,0.0,0.0,0.0,0.0,0.0,0.0,0.0,0.0,0.0,0.0,0.0,0.21300247608749595,0.0,0.0,0.0,0.12651930187016658,0.0,0.0,0.0,0.0,0.0,0.0,0.0,0.0,0.0,0.0,0.0,0.0,0.6909397001643176,0.0,0.0,0.0,0.0,0.0,0.5991636542036655,0.0,1.1469874209075526,0.0,0.0,0.0,0.0,0.0,0.0,0.0,0.0,0.0,0.0,0.0,0.0,0.0,0.0,0.0,0.0,0.0,0.0,0.0
0.0,0.0,0.0,0.0,0.0,0.0,0.0,0.0,0.0,0.0,0.0,0.0,0.0,0.0,0.0,0.0,0.0,0.0,0.0,0.0,0.0,0.0,0.0,0.0,0.0,0.0,0.0,0.0,0.0,0.0,0.0,0.0,0.0,0.0,0.0,0.0,0.0,0.0,0.0,0.0,0.0,0.0,0.0,2.9044003497937116,0.0,0.0,0.0,0.0,1.488637399825434,0.0,0.0,1.9600610108958163,0.0,0.0,1.165355861601247,0.0,0.0,0.0,0.7419660178526846,0.0,0.0,0.0,0.0,0.0,0.0,0.0,0.0,0.0,0.0,0.0,0.0,0.0,0.0,0.0,0.0,0.0
0.0,0.0,0.0,0.0,0.0,0.0,0.0,0.0,0.0,0.0,0.0,0.0,0.0,0.0,0.0,0.0,0.0,0.0,0.0,0.0,0.0,0.0,0.0,0.0,0.0,0.0,0.0,0.0,0.0,0.0,0.0,0.0,0.0,0.0,0.0,0.0,0.0,0.0,0.0,0.0,0.0,0.0,0.0,0.0,0.30033299149039583,0.0,0.0,1.6794123909167602,0.0,0.0,0.0,0.0,0.0,0.0,0.0,0.0,0.0,1.1306448901412616,0.0,0.0,0.0,0.0,0.0,0.0,0.0,0.0,0.0,1.2893538793696002,0.0,0.0,0.0,0.0,0.3003325829288176,0.0,0.0,0.0
0.0,0.0,0.0,0.0,0.0,0.0,0.0,0.0,0.0,0.0,0.0,0.0,0.0,0.0,0.0,0.0,0.0,0.0,0.0,0.0,0.0,0.0,0.0,0.0,0.0,0.0,0.0,0.0,0.0,0.0,0.0,0.0,0.0,0.0,0.0,0.11962269149093756,0.0,0.0,0.0,2.022850208076086,0.0,1.7037134878713356,0.0,0.0,1.8179568911258857,0.0,0.0,0.0,0.0,0.0,0.0,0.0,0.0,0.0,0.0,0.0,0.0,0.0,0.0,0.0,0.0,0.0,1.532619716789263,0.0,0.0,0.0,0.0,0.0,0.0,0.0,0.0,0.0,0.0,0.7007866125873924,0.9340529617227503,0.0
0.0,0.0,0.0,0.0,0.0,0.0,0.0,0.0,0.0,0.0,0.0,0.0,0.0,0.0,0.0,0.0,0.0,0.0,0.0,0.0,0.0,0.0,0.0,0.0,0.0,0.0,0.0,0.0,0.0,0.0,0.0,0.166022446061655,0.0,0.0,0.0,0.0,0.0,0.0,0.0,0.0,2.1422776869724993,0.6052110804992676,0.0,0.0,0.0,0.0,0.0,0.0,0.0,0.0,0.0,0.0,0.0,0.0,0.0,0.0,0.0,0.0,0.0,0.0,0.0,0.0,0.0,0.0,0.0,0.0,0.0,0.0,2.2386573041331967,0.0,0.44532995006459264,0.0,0.0,0.0,0.5589799460093929,1.393726187449705
0.0,0.0,0.0,0.0,0.0,0.0,0.0,0.0,0.0,0.0,0.0,0.0,0.0,0.0,0.0,0.0,0.0,0.0,0.0,0.0,0.0,0.0,0.0,0.0,0.0,0.0,0.0,0.0,0.0,0.0,0.0,0.18898329947219739,0.0,0.0,0.0,0.0,0.0,0.0,0.0,0.0,0.0,1.0928773885729255,0.0,0.0,0.7682491769432405,0.0,0.0,0.0,0.0,0.0,0.0,0.0,0.0,0.0,0.0,0.0,0.0,0.0,0.0,0.0,0.9109635565387522,0.0,0.0,0.0,0.0,0.0,0.0,0.0,1.739671226499547,0.5466188588350775,0.0,0.0,0.0,0.0,0.0,0.22672834191002467
0.0,0.0,0.0,0.0,0.0,0.0,0.0,0.0,0.0,0.0,0.0,0.0,0.0,0.0,0.0,0.0,0.0,0.0,0.0,0.0,0.0,0.0,0.0,0.0,0.0,0.0,0.0,0.0,0.0,0.0,0.0,0.0,0.0,0.0,0.0,0.0,0.0,0.0,0.0,0.0,0.0,0.0,0.0,0.0,0.0,0.0,0.0,0.0,0.0,0.0,0.0,0.0,0.0,0.0,0.0,0.0,0.0,0.0,0.0,0.0,0.0,0.0,0.0,0.0,0.0,0.0,0.0,0.0,0.0,0.0,0.0,0.0,0.0,0.0,0.0,0.0
0.0,0.0,0.0,0.0,0.0,0.0,0.0,0.0,0.0,0.0,0.0,0.0,0.0,0.0,0.0,0.0,0.0,0.0,0.0,0.0,0.0,0.0,0.0,0.0,0.0,0.0,0.0,0.0,0.0,0.0,0.0,0.14411046765512678,0.0,0.0,0.0,0.0,0.0,0.0,0.0,0.0,0.0,0.0,0.0,0.8749318309156274,0.0,0.0,0.0,0.0,1.068367855746432,0.5035799419222886,0.0,0.2622855140986916,0.0,0.0,0.9608442855642106,0.0,0.0,0.0,1.5852960124266497,0.0,0.0,0.0,0.0,0.45872714215200483,0.0,0.0,0.0,0.0,0.0,0.0,0.0,0.0,0.0,0.0,0.0,0.0
0.0,0.0,0.0,0.0,0.0,0.0,0.0,0.0,0.0,0.0,0.0,0.0,0.0,0.0,0.0,0.0,0.0,0.0,0.0,0.0,0.0,0.0,0.0,0.0,0.0,0.0,0.0,0.0,0.0,0.0,0.0,0.0,0.0,0.0,0.0,0.0,0.0,0.0,0.0,0.0,0.0,0.0,0.0,0.0,0.0,0.0,0.0,0.0,0.0,0.0,0.0,0.0,0.0,0.0,1.6019721655678845,0.0,0.0,0.0,0.0,0.0,0.0,0.0,0.141910864660975,0.0,0.0,0.0,0.0,0.0,0.0,0.0,0.0,0.0,0.3251242627400148,0.0,0.6222644913386622,0.0
0.0,0.0,0.0,0.0,0.0,0.0,0.0,0.0,0.0,0.0,0.0,0.0,0.0,0.0,0.0,0.0,0.0,0.0,0.0,0.0,0.0,0.0,0.0,0.0,0.0,0.0,0.0,0.0,0.0,0.0,0.0,0.0,0.0,0.0,0.0,0.0,0.0,0.0,0.0,0.0,0.0,0.0,0.0,0.0,0.0,0.0,0.0,0.0,0.0,0.0,0.0,0.0,0.0,0.0,0.0,0.0,0.0,0.0,0.0,0.0,0.0,0.0,0.0,0.9032779492955877,0.5877907543254187,0.0,0.6343581294308209,0.0,0.30205283307250896,0.0,0.0,0.0,1.1245211552740244,0.0,0.6247192138297466,0.0
0.0,0.0,0.0,0.0,0.0,0.0,0.0,0.0,0.0,0.0,0.0,0.0,0.0,0.0,0.0,0.0,0.0,0.0,0.0,0.0,0.0,0.0,0.0,0.0,0.0,0.0,0.0,0.0,0.0,0.0,0.0,0.22691015321631858,0.0,0.0,0.0,0.1455200737902344,0.0,0.0,0.0,0.0,0.0,0.0,0.0,0.0,0.0,0.0,0.0,0.0,0.0,0.0,0.0,0.0,0.0,0.0,0.0,0.0,0.0,0.0,0.7919056581375541,0.0,1.0493596137486725,0.0,0.0,0.0,0.0,0.0,0.0,0.0,1.6456167466522145,0.3535976535842277,0.0,0.0,0.0,0.0,0.4415745788590031,1.2327358685578835
0.0,0.0,0.0,0.0,0.0,0.0,0.0,0.0,0.0,0.0,0.0,0.0,0.0,0.0,0.0,0.0,0.0,0.0,0.0,0.0,0.0,0.0,0.0,0.0,0.0,0.0,0.0,0.0,0.0,0.0,0.0,0.10175213658396294,0.0,0.0,0.0,0.0,0.0,0.0,0.0,0.0,0.0,0.0,0.0,0.0,0.0,0.0,0.0,2.403200248476483,0.0,0.0,1.0655919821463105,1.2079658033967224,0.1801231343883857,0.0,1.2601583624362118,0.0,0.0,0.0,0.0,1.8690086500128893,1.972630900365858,0.9308438463515539,1.096088174249115,0.0,1.973900169128155,0.7333533009285924,0.0,0.0,0.0,1.6226377556483593,1.4719785584223724,0.15222459307539546,0.0,0.0,0.0,0.0
0.0,0.0,0.0,0.0,0.0,0.0,0.0,0.0,0.0,0.0,0.0,0.0,0.0,0.0,0.0,0.0,0.0,0.0,0.0,0.0,0.0,0.0,0.0,0.0,0.0,0.0,0.0,0.0,0.0,0.0,0.0,0.2418310217818944,0.0,0.0,0.0,0.1560108553461443,0.0,0.0,0.0,0.0,0.0,0.0,0.0,0.0,0.0,0.0,0.0,0.0,0.0,0.0,0.0,0.10309194179395906,0.8447555085129184,1.0958768100744853,0.13612951243963714,1.9762498223767273,0.0,0.0,0.0,0.0,0.0,0.0,0.0,0.0,0.0,0.0,0.7079978425189123,1.3219045814716455,0.6792181671158377,0.0,0.14050653592727708,0.0,0.0,0.0,1.1043979948703126,0.0
0.0,0.0,0.0,0.0,0.0,0.0,0.0,0.0,0.0,0.0,0.0,0.0,0.0,0.0,0.0,0.0,0.0,0.0,0.0,0.0,0.0,0.0,0.0,0.0,0.0,0.0,0.0,0.0,0.0,0.0,0.0,0.24521496585272068,0.0,0.0,0.0,0.1586135564256257,0.0,0.0,0.0,0.0,0.0,0.0,0.0,0.0,0.0,0.0,0.0,0.0,0.0,0.5506116691510716,0.0,0.6949506898353299,0.0,0.0,0.0,0.0,0.0,0.0,0.0,0.0,0.0,0.0,0.0,0.0,0.0,0.0,0.0,0.0,0.0,0.0,0.0,0.0,0.0,0.0,0.0,0.0
0.0,0.0,0.0,0.0,0.0,0.0,0.0,0.0,0.0,0.0,0.0,0.0,0.0,0.0,0.0,0.0,0.0,0.0,0.0,0.0,0.0,0.0,0.0,0.0,0.0,0.0,0.0,0.0,0.0,0.0,0.0,0.1345587449159112,0.0,0.0,0.0,0.0,0.0,0.0,0.0,0.0,0.0,0.0,0.0,0.0,0.0,0.0,0.0,0.0,0.0,0.0,0.0,1.996929919302322,0.0,1.3919366251093162,0.0,1.5887999692764574,0.0,0.0,1.026903365599035,0.0,0.0,0.0,0.0,1.779547348847976,0.0,0.0,0.0,0.0,0.0,0.0,0.0,0.0,0.0,0.0,0.0,0.0
0.0,0.0,0.0,0.0,0.0,0.0,0.0,0.0,0.0,0.0,0.0,0.0,0.0,0.0,0.0,0.0,0.0,0.0,0.0,0.0,0.0,0.0,0.0,0.0,0.0,0.0,0.0,0.0,0.0,0.0,0.0,0.15870261981743317,0.0,0.0,0.0,0.0,0.0,0.0,0.0,0.0,0.0,0.0,0.0,0.0,0.0,0.0,0.0,0.0,0.0,0.0,0.0,0.0,1.1278291729300458,0.0,0.0,0.0,2.0641928393381437,1.247347757990866,0.0,0.9419761107407338,0.0,0.0,1.2155630913430429,0.0,0.0,0.0,0.25174708855017586,1.3394405747368616,0.6795319335158664,0.22524901606865882,0.7236373071764514,1.837014544564056,0.0,0.5451868422481432,0.0,0.0
0.0,0.0,0.0,0.0,0.0,0.0,0.0,0.0,0.0,0.0,0.0,0.0,0.0,0.0,0.0,0.0,0.0,0.0,0.0,0.0,0.0,0.0,0.0,0.0,0.0,0.0,0.0,0.0,0.0,0.0,0.0,0.14063133466476146,0.0,0.0,0.0,0.0,0.0,0.0,0.0,0.0,0.0,0.0,0.0,0.0,0.0,0.0,0.0,0.0,0.0,0.0,0.0,0.0,0.0,0.91505374192304,1.3855529156916533,1.4366731327916282,1.0687970202953447,1.1623432464413315,0.0,0.0,0.0,1.15450089327058,0.0,0.0,0.0,0.0,0.0,0.0,0.0,0.0,0.0,0.0,0.0,0.0,0.0,0.0
0.0,0.0,0.0,0.0,0.0,0.0,0.0,0.0,0.0,0.0,0.0,0.0,0.0,0.0,0.0,0.0,0.0,0.0,0.0,0.0,0.0,0.0,0.0,0.0,0.0,0.0,0.0,0.0,0.0,0.0,0.0,0.2001468918306067,0.0,0.0,0.0,0.1048166218007065,0.0,0.0,0.0,0.0,0.0,0.0,0.0,0.0,0.0,0.0,0.0,0.0,0.0,0.0,0.0,0.0,0.0,0.0,0.0,0.15267057245219368,0.0,0.6760878670468105,0.0,0.0,0.0,0.0,0.0,1.0679721052879438,0.0,0.0,0.0,1.1742873871616832,0.0,0.0,0.0,0.0,0.0,0.0,0.0,0.0
0.0,0.0,0.0,0.0,0.0,0.0,0.0,0.0,0.0,0.0,0.0,0.0,0.0,0.0,0.0,0.0,0.0,0.0,0.0,0.0,0.0,0.0,0.0,0.0,0.0,0.0,0.0,0.0,0.0,0.0,0.0,0.17771623248746624,0.0,0.0,0.0,0.0,0.0,0.0,0.0,0.0,0.0,0.0,0.0,0.0,0.0,0.0,0.0,0.0,0.0,0.0,0.0,0.0,0.0,0.0,0.6615641227467971,1.5710724434981622,0.0,0.0,0.0,0.0,0.0,0.0,0.0,0.8864726193422698,1.7788542212184122,0.0,0.0,1.0972472381151324,0.0,0.0,0.13388811151914506,1.0311461726703715,0.0,0.0,0.0,0.0
0.0,0.0,0.0,0.25221788250228483,0.0,0.0,0.0,0.0,0.0,0.0,0.0,0.0,0.0,0.0,0.0,0.0,0.0,0.0,0.0,0.0,0.0,0.0,0.0,0.0,0.0,0.0,0.0,0.0,0.0,0.0,0.0,0.24654279494370054,0.0,0.0,0.0,0.16123878060616564,0.0,0.0,0.0,0.0,0.0,0.0,0.0,0.0,0.0,0.0,0.0,0.0,0.0,0.0,0.0,0.0,0.0,0.0,0.0,0.0,0.0,0.0,0.0,0.6873879793761821,0.0,0.0,0.5480405461596164,0.0,0.0,0.0,0.0,0.0,0.0,0.8748897397810124,0.0,0.0,0.0,0.0,0.0,0.0
0.0,0.0,0.0,0.0,0.0,0.0,0.0,0.0,0.0,0.0,0.0,0.0,0.0,0.0,0.0,0.0,0.0,0.0,0.0,0.0,0.0,0.0,0.0,0.0,0.0,0.0,0.0,0.0,0.0,0.0,0.0,0.10211460669977593,0.0,0.0,0.0,0.0,0.0,0.0,0.0,0.0,0.0,0.0,0.0,0.0,0.0,0.0,0.0,0.0,0.0,0.0,0.0,0.0,0.0,0.0,0.0,0.0,0.6154428013269415,0.0,0.0,0.0,0.0,0.0,0.0,1.995767982503113,0.0,0.0,0.0,0.0,0.0,0.0,0.0,0.0,0.0,0.0,0.0,0.0
0.0,0.0,0.0,0.0,0.0,0.0,0.0,0.0,0.0,0.0,0.0,0.0,0.0,0.0,0.0,0.0,0.0,0.0,0.0,0.0,0.0,0.0,0.0,0.0,0.0,0.0,0.0,0.0,0.0,0.0,0.0,0.1618518660779947,0.0,0.0,0.0,0.0,0.0,0.0,0.0,0.0,0.0,0.0,0.0,0.0,0.0,0.0,0.0,0.0,0.0,0.0,0.0,0.0,0.0,0.0,0.0,0.0,0.0,0.0,0.9665979868004888,0.0,0.0,0.0,0.0,0.0,0.0,0.0,0.0,0.0,0.9758689809174599,0.0,0.0,0.0,0.0,0.0,0.0,0.0
0.0,0.0,0.0,0.0,0.0,0.0,0.0,0.0,0.0,0.0,0.0,0.0,0.0,0.0,0.0,0.0,0.0,0.0,0.0,0.0,0.0,0.0,0.0,0.0,0.0,0.0,0.0,0.0,0.0,0.0,0.0,0.23997683777946988,0.0,0.0,0.0,0.14890532952092472,0.0,0.0,0.0,0.0,0.0,0.0,0.0,0.0,0.0,0.0,0.0,0.0,0.0,0.0,0.0,0.0,0.0,0.0,0.0,0.0,0.0,0.0,0.0,0.0,0.0,1.4578039025818077,0.47024976504556565,0.0,0.0,0.0,0.0,0.0,0.0,0.0,0.5100586056252658,0.0,0.1663916409525903,0.0,0.0,0.0
0.0,0.0,0.0,0.0,0.0,0.0,0.0,0.0,0.0,0.0,0.0,0.0,0.0,0.0,0.0,0.0,0.0,0.0,0.0,0.0,0.0,0.0,0.0,0.0,0.0,0.0,0.0,0.0,0.0,0.0,0.0,0.12830191788163378,0.0,0.0,0.0,0.0,0.0,0.0,0.0,0.0,0.0,0.0,0.0,0.0,0.0,0.0,0.0,0.0,0.0,0.0,0.0,0.0,0.0,0.0,0.0,0.0,0.0,0.0,0.0,0.0,0.3668773262965296,0.0,0.0,0.0,0.0,0.0,0.0,0.0,0.0,0.0,0.0,0.0,0.0,0.0,0.0,0.0
0.0,0.0,0.0,0.0,0.0,0.0,0.0,0.0,0.0,0.0,0.0,0.0,0.0,0.0,0.0,0.0,0.0,0.0,0.0,0.0,0.0,0.0,0.0,0.0,0.0,0.0,0.0,0.0,0.0,0.0,0.0,0.1522716353514847,0.0,0.0,0.0,0.0,0.0,0.0,0.0,0.0,0.0,0.0,0.0,0.0,0.0,0.0,0.0,0.0,0.0,0.0,0.0,0.0,0.0,0.0,0.0,0.0,0.0,0.0,0.0,0.0,0.0,0.0,1.1272992170179252,0.0,1.309652865647415,1.3491925117822872,1.946127088842632,0.9929323320936863,0.0,1.586274124291798,0.0,0.0,0.0,1.235407807186438,0.0,0.0
0.0,0.0,0.0,0.0,0.0,0.0,0.0,0.0,0.0,0.0,0.0,0.0,0.0,0.0,0.0,0.0,0.0,0.0,0.0,0.0,0.0,0.0,0.0,0.0,0.0,0.0,0.0,0.0,0.0,0.0,0.0,0.24562569962339542,0.0,0.0,0.0,0.13275615422388853,0.0,0.0,0.0,0.0,0.0,0.0,0.0,0.0,0.0,0.0,0.0,0.0,0.0,0.0,0.0,0.0,0.0,0.0,0.0,0.0,0.0,0.0,0.0,0.0,0.0,0.312588969631139,2.0062705005163552,0.0,1.3875480939913507,0.610264032749267,0.6574794128415908,0.0,0.6649098367305672,1.168647796999087,0.0,1.1477929263104225,0.0,0.45826061736669993,0.1572046707970031,0.8583292929531512
0.0,0.0,0.0,0.0,0.0,0.0,0.0,0.0,0.0,0.0,0.0,0.0,0.0,0.0,0.0,0.0,0.0,0.0,0.0,0.0,0.0,0.0,0.0,0.0,0.0,0.0,0.0,0.0,0.0,0.0,0.0,0.1003710157555005,0.0,0.0,0.0,0.0,0.0,0.0,0.0,0.0,0.0,0.0,0.0,0.0,0.0,0.0,0.0,0.0,0.0,0.0,0.0,0.0,0.0,0.0,0.0,0.0,0.0,0.0,0.0,0.0,0.0,0.0,1.3528176242998229,0.0,0.0,0.0,0.0,0.0,0.0,0.0,0.9984086412480772,0.0,0.0,0.0,0.0,1.2909457328868
0.0,0.0,0.0,0.0,0.0,0.0,0.0,0.0,0.0,0.0,0.0,0.0,0.0,0.0,0.0,0.0,0.0,0.0,0.0,0.0,0.0,0.0,0.0,0.0,0.0,0.0,0.0,0.0,0.0,0.0,0.0,0.21270447064635983,0.0,0.0,0.0,0.12339739894088331,0.0,0.0,0.0,0.0,0.0,0.0,0.0,0.0,0.0,0.0,0.0,0.0,0.0,0.0,0.0,0.0,0.0,0.0,0.0,0.0,0.0,0.0,0.0,0.0,0.0,0.0,0.0,0.0,0.5869980893988409,0.0,0.6989069185253021,0.0,0.0,0.0,0.4242156444652065,0.0,1.3891312348531715,2.02522619368784,0.6472141162992457,0.0
0.0,0.0,0.0,0.0,0.0,0.0,0.0,0.0,0.0,0.0,0.0,0.0,0.0,0.0,0.0,0.0,0.0,0.0,0.0,0.0,0.0,0.0,0.0,0.0,0.0,0.0,0.0,0.0,0.0,0.0,0.0,0.2171976214838466,0.0,0.0,0.0,0.11435921222556059,0.0,0.0,0.0,0.0,0.0,0.0,0.0,0.0,0.0,0.0,0.0,0.0,0.0,0.0,0.0,0.0,0.0,0.0,0.0,0.0,0.0,0.0,0.0,0.0,0.0,0.0,0.0,0.0,0.0,0.0,0.0,1.4401718418835465,0.0,0.0,0.0,0.0,0.0,0.0,0.0,0.0
0.0,0.0,0.0,0.0,0.0,0.0,0.0,0.0,0.0,0.0,0.0,0.0,0.0,0.0,0.0,0.0,0.0,0.0,0.0,0.0,0.0,0.0,0.0,0.0,0.0,0.0,0.0,0.0,0.0,0.0,0.0,0.13954572429953527,0.0,0.0,0.0,0.0,0.0,0.0,0.0,0.0,0.0,0.0,0.0,0.0,0.0,0.0,0.0,0.0,0.0,0.0,0.0,0.0,0.0,0.0,0.0,0.0,0.0,0.0,0.0,0.0,0.0,0.0,0.0,0.0,0.0,0.0,1.2757079897376464,0.0,1.3624315765146273,1.7639465130426009,0.0,0.0,0.5456438453605923,0.0,0.0,1.1041619277539714
0.0,0.0,0.0,0.0,0.0,0.0,0.0,0.0,0.0,0.0,0.0,0.0,0.0,0.0,0.0,0.0,0.0,0.0,0.0,0.0,0.0,0.0,0.0,0.0,0.0,0.0,0.0,0.0,0.0,0.0,0.0,0.16800361175183787,0.0,0.0,0.0,0.0,0.0,0.0,0.0,0.0,0.0,0.0,0.0,0.0,0.0,0.0,0.0,0.0,0.0,0.0,0.0,0.0,0.0,0.0,0.0,0.0,0.0,0.0,0.0,0.0,0.0,0.0,0.0,0.0,0.0,0.0,0.0,0.0,0.0,0.0,0.0,0.0,0.0,2.2770486577303384,0.0,0.0
0.0,0.0,0.0,0.0,0.0,0.0,0.0,0.0,0.0,0.0,0.0,0.0,0.0,0.0,0.0,0.0,0.0,0.0,0.0,0.0,0.0,0.0,0.0,0.0,0.0,0.0,0.0,0.0,0.0,0.0,0.0,0.17554007834862273,0.0,0.0,0.0,0.0,0.0,0.0,0.0,0.0,0.0,0.0,0.0,0.0,0.0,0.0,0.0,0.0,0.0,0.0,0.0,0.0,0.0,0.0,0.0,0.0,0.0,0.0,0.0,0.0,0.0,0.0,0.0,0.0,0.0,0.0,0.0,0.0,0.3256687366166053,2.266093888471531,0.8598621240457414,0.0,0.6047657817053926,0.164832870393672,0.522402979184341,0.8544891217736212
0.0,0.0,0.0,0.0,0.0,0.0,0.0,0.0,0.0,0.0,0.0,0.0,0.0,0.0,0.0,0.0,0.0,0.0,0.0,0.0,0.0,0.0,0.0,0.0,0.0,0.0,0.0,0.0,0.0,0.0,0.0,0.17610626064686474,0.0,0.0,0.0,0.0,0.0,0.0,0.0,0.0,0.0,0.0,0.0,0.0,0.0,0.0,0.0,0.0,0.0,0.0,0.0,0.0,0.0,0.0,0.0,0.0,0.0,0.0,0.0,0.0,0.0,0.0,0.0,0.0,0.0,0.0,0.0,0.0,0.0,0.0,0.0,0.8867406911056233,0.0,0.0,0.0,0.0
0.0,0.0,0.0,0.0,0.0,0.0,0.0,0.0,0.0,0.0,0.0,0.0,0.0,0.0,0.0,0.0,0.0,0.0,0.0,0.0,0.0,0.0,0.0,0.0,0.0,0.0,0.0,0.0,0.0,0.0,0.0,0.19144766954411319,0.0,0.0,0.0,0.0,0.0,0.0,0.0,0.0,0.0,0.0,0.0,0.0,0.0,0.0,0.0,0.0,0.0,0.0,0.0,0.0,0.0,0.0,0.0,0.0,0.0,0.0,0.0,0.0,0.0,0.0,0.0,0.0,0.0,0.0,0.0,0.0,0.0,0.0,0.0,0.0,0.40118695214729294,0.9530326635655118,2.277664647325529,0.0
0.0,0.0,0.0,0.0,0.0,0.0,0.0,0.0,0.0,0.0,0.0,0.0,0.0,0.0,0.0,0.0,0.0,0.0,0.0,0.0,0.0,0.0,0.0,0.0,0.0,0.0,0.0,0.0,0.0,0.0,0.0,0.25196703435996465,0.0,0.0,0.0,0.14374083633101076,0.0,0.0,0.0,0.0,0.0,0.0,0.0,0.0,0.0,0.0,0.0,0.0,0.0,0.0,0.0,0.0,0.0,0.0,0.0,0.0,0.0,0.0,0.0,0.0,0.0,0.0,0.0,0.0,0.0,0.0,0.0,0.0,0.0,0.0,2.221262612797995,0.3033320718145682,0.0,0.0,0.41168669286539555,0.0
0.0,0.0,0.0,0.0,0.0,0.0,0.0,0.0,0.0,0.0,0.0,0.0,0.0,0.0,0.0,0.0,0.0,0.0,0.0,0.0,0.0,0.0,0.0,0.0,0.0,0.0,0.0,0.0,0.0,0.0,0.0,0.13786585606851667,0.0,0.0,0.0,0.0,0.0,0.0,0.0,0.0,0.0,0.0,0.0,0.0,0.0,0.0,0.0,0.0,0.0,0.0,0.0,0.0,0.0,0.0,0.0,0.0,0.0,0.0,0.0,0.0,0.0,0.0,0.0,0.0,0.0,0.0,0.0,0.0,0.0,0.0,0.0,0.5338640622817891,0.0,2.0736750225391045,0.0,0.0
0.0,0.0,0.0,0.0,0.0,0.0,0.0,0.0,0.0,0.0,0.0,0.0,0.0,0.0,0.0,0.0,0.0,0.0,0.0,0.0,0.0,0.0,0.0,0.0,0.0,0.0,0.0,0.0,0.0,0.0,0.0,0.24596847774614386,0.0,0.0,0.0,0.13306564550979602,0.0,0.0,0.0,0.0,0.0,0.0,0.0,0.0,0.0,0.0,0.0,0.0,0.0,0.0,0.0,0.0,0.0,0.0,0.0,0.0,0.0,0.0,0.0,0.0,0.0,0.0,0.0,0.0,0.0,0.0,0.0,0.0,0.0,0.0,0.0,0.0,0.523504991108185,0.6467149566819429,0.0,0.1738142205082243
0.0,0.0,0.0,0.0,0.0,0.0,0.0,0.0,0.0,0.0,0.0,0.0,0.0,0.0,0.0,0.0,0.0,0.0,0.0,0.0,0.0,0.0,0.0,0.0,0.0,0.0,0.0,0.0,0.0,0.0,0.0,0.37407134116967,0.0,0.0,0.0,0.2402617748398352,0.0,0.0,0.0,0.0,0.0,0.0,0.0,0.0,0.0,0.0,0.0,0.0,0.0,0.0,0.0,0.0,0.0,0.0,0.0,0.0,0.0,0.0,0.0,0.0,0.0,0.0,0.0,0.0,0.0,0.0,0.0,0.0,0.0,0.0,0.0,0.0,0.0,0.0,0.0,0.463326995346069
0.0,0.0,0.0,0.0,0.0,0.0,0.0,0.0,0.0,0.0,0.0,0.0,0.0,0.0,0.0,0.0,0.0,0.0,0.0,0.0,0.0,0.0,0.0,0.0,0.0,0.0,0.0,0.0,0.0,0.0,0.0,0.12054799507575731,0.0,0.0,0.0,0.0,0.0,0.0,0.0,0.0,0.0,0.0,0.0,0.0,0.0,0.0,0.0,0.0,0.0,0.0,0.0,0.0,0.0,0.0,0.0,0.0,0.0,0.0,0.0,0.0,0.0,0.0,0.0,0.0,0.0,0.0,0.0,0.0,0.0,0.0,0.0,0.0,0.0,0.0,1.9358757333226264,1.1584904889474321
0.0,0.0,0.0,0.0,0.0,0.0,0.0,0.0,0.0,0.0,0.0,0.0,0.0,0.0,0.0,0.0,0.0,0.0,0.0,0.0,0.0,0.0,0.0,0.0,0.0,0.0,0.0,0.0,0.0,0.0,0.0,0.3488666159557695,0.0,0.0,0.0,0.2177857259713491,0.0,0.0,0.0,0.0,0.0,0.0,0.0,0.0,0.0,0.0,0.0,0.0,0.0,0.0,0.0,0.0,0.0,0.0,0.0,0.0,0.0,0.0,0.0,0.0,0.0,0.0,0.0,0.0,0.0,0.0,0.0,0.0,0.0,0.0,0.0,0.0,0.0,0.0,0.0,0.0
0.0,0.0,0.0,0.0,0.0,0.0,0.0,0.0,0.0,0.0,0.0,0.0,0.0,0.0,0.0,0.0,0.0,0.0,0.0,0.0,0.0,0.0,0.0,0.0,0.0,0.0,0.0,0.0,0.0,0.0,0.0,0.30976876999506736,0.0,0.0,0.0,0.1840008978477698,0.0,0.0,0.0,0.0,0.0,0.0,0.0,0.0,0.0,0.0,0.0,0.0,0.0,0.0,0.0,0.0,0.0,0.0,0.0,0.0,0.0,0.0,0.0,0.0,0.0,0.0,0.0,0.0,0.0,0.0,0.0,0.0,0.0,0.0,0.0,0.0,0.0,0.0,0.0,0.0
