0.0,0.0,3.1725704559066115,0.0,0.0,0.0,0.0,1.0457267178413026,1.7747277176655725,2.9922541613095417,0.7693147440567678,0.0,0.0,0.0,3.6429128844965843,2.4118186119648413,0.24406561845193459,0.0,0.0,1.194077368490058,0.8982244497635634,2.352254427751155,0.0,2.334992474551848,0.0,0.4108606888349694,1.848575259830161,0.0,0.0,0.9672796497498644,1.7952072457082189,2.9568172140584865,1.1626705875070664,1.119783776201626,1.514935791149848,0.0,0.0,1.9960520970500706,2.2506281392050003,0.9140636162606832,1.1722318192538066,1.6247946247014373,0.0,1.0384364303249067,1.5540980848439676,1.977295399781354,0.2954728274741425,1.152406290684194,0.0,0.7679296029892222,0.0,0.0,0.0,1.1780009403302998,1.414031549806594,1.4018477451444378,0.0,0.6838618325709523,0.0,0.9093482304493083,0.0,0.0,0.0,0.0,0.0,1.1516685303655623,0.2043730678768501,0.0,0.513502097528041,0.7650272296134777,0.5224172880928911,0.0,0.0,0.0,0.9922702487021466,0.3275700615360207
0.0,0.0,0.0,0.0,0.0,4.682080648217825,0.0,0.4952903117838044,0.0,2.4949650473722613,0.0,3.7429713529448647,0.0,0.0,0.5571308802476787,2.308640826351239,2.702506845933763,3.2231799023164616,0.0,2.8414335585088324,2.14911349555586,1.416477018592233,0.0,1.46363302660447,2.639311610733586,2.6888520277982146,0.0,0.0,2.465688168577368,0.0,0.0,0.0,1.769635147743503,0.0,0.0,0.0,0.0,0.0,0.0,1.912339166407154,0.8298536136758581,0.0,0.0,0.0,0.0,0.8821821238105729,2.4395062891252532,0.0,0.0,0.0,2.623730767132623,0.0,1.296496237607378,0.0,0.0,0.0,0.0,0.0,0.0,0.6890633342861487,1.598056745755641,0.11174939998596672,0.0,0.0,1.6262409479941045,0.0,0.8526673115201489,0.0,1.3462344933151371,1.3405333464922324,1.285139892252865,0.7092934760337745,0.0,1.8425919887923417,0.0,0.0
0.42003008885606785,0.5325591824093698,0.0,0.0,1.6597366766148922,0.0,3.9834820992874165,1.1267100360860893,4.207935241911616,0.0,4.136314613882116,0.0,0.0,2.190830041269084,4.831114212990109,0.0,0.0,0.0,3.472932411087612,1.779052841878185,0.0,1.9389045950971053,3.426816931535475,0.0,0.0,0.0,1.6135787295336765,0.797639264611917,0.0,2.657620720713312,0.0,0.0,0.0,0.0,0.0,0.0,0.0,1.1491992024647755,0.0,0.0,0.0,0.0,2.0273258915534473,0.0,1.2866265991275,0.0,0.0,2.397579595266605,0.0,1.6037843007640142,0.0,1.2249122418690033,0.7352997902696876,1.8054708541812783,0.0,1.906537112603944,0.745262845544794,0.823112729219142,0.0,1.3578173682007821,0.0,0.0,0.0,1.4107871130649208,0.0,0.0,0.24928683147252761,2.122806283100195,0.0,0.0,0.0,0.0,0.0,0.0,0.0,0.0
1.2134919918485496,0.0,1.293487558016905,1.398360540260989,3.119649750544441,0.0,1.5205324305422965,0.0,0.0,0.0,0.0,0.0,2.9897272424367567,0.0,0.0,0.0,0.0,0.0,0.0,0.0,0.0,0.0,0.0,0.0,0.0,0.0,0.0,1.9576807360598403,0.0,0.32235188315144736,0.0,0.0,0.0,0.0,0.0,2.012255511204061,0.0,0.0,0.0,0.0,0.0,0.0,0.0,0.0,0.0,0.0,0.0,0.0,5.588651578592035,0.0,0.0,0.0,0.0,0.0,0.0,0.0,0.0,0.0,1.7130014348732854,0.0,0.0,0.0,0.0,0.0,0.0,0.0,0.0,0.0,0.0,0.0,0.0,0.0,0.0,0.0,0.0,0.0
0.9234293462814265,0.0,0.0,0.0,0.0,0.0,2.3253063406706587,0.0,2.1142307338747663,0.0,1.0396477356424074,0.0,3.6460552047942567,4.129756915429772,1.217987737987924,0.0,0.0,0.0,0.5810878043160277,0.0,0.0,0.12058413695915926,1.5906135593447646,0.0,0.0,0.0,1.7680043002933243,3.533974988076354,0.0,1.3254232671251769,0.0,0.0,0.0,0.0,0.0,2.2397883468183295,0.0,0.6771003493913235,0.0,0.0,0.0,0.0,1.847673138927681,0.3206044927263819,0.9157909660941062,0.0,0.0,0.8338733790939556,0.0,2.428120574167936,0.0,2.1229454986768928,0.0,1.2772789798997843,0.6670191084744516,0.7672461797500095,0.0,0.5209821420527315,2.6036167997257955,0.0,0.5484273780335119,0.0,0.0,0.25097826678826596,0.0,0.0,0.0,0.0,0.0,0.0,0.0,0.0,0.0,0.0,0.0,0.0
1.1227849088945236,1.2208900676441519,1.1827480288537942,1.2613587758738714,0.0,1.20713222595995,0.0,2.5410041615801338,0.0,1.6415420144992467,0.0,3.7063963603315004,0.0,0.0,0.0,0.8804529401631329,2.7740662820916335,3.3403478223033782,0.0,1.7707738378782,1.6260194478736232,0.7387521912098834,0.0,0.47130666273501814,3.091958206322145,2.4756262280073846,0.0,0.0,2.6135180002328138,0.0,1.089350406647322,0.0,1.1870362784842967,0.0,0.0,0.0,0.6022826032158142,0.0,0.0,1.547546289455317,0.0,0.0,0.0,0.6837250788713162,0.0,0.0,2.096536691721206,0.0,0.0,0.0,2.725200481818898,0.0,1.4981070873563853,0.0,0.0,0.0,0.4841988916860243,0.12089174883211101,1.2681909897895305,0.17815432453663516,0.0,0.21210162814800165,0.0,0.0,1.3756557384067976,0.3970884613136477,0.501148510545257,0.0,0.0,1.1988033625173031,0.0,0.6683261453685464,0.0,0.0,0.0,0.0
0.0,0.0,0.0,0.0,0.0,0.0,0.0,0.0,1.9817723235479745,1.8413391472959029,1.8817955337239949,0.0,1.2473796437143256,1.6416153186981852,0.0,0.8537050950167813,0.6817029945913744,0.0,2.0563965590975797,0.0,0.0,0.0,0.0,0.0,0.0,0.0,0.4072398778488542,0.31362348793495054,0.0,0.8222798229069157,0.0,0.0,0.0,0.6621217810209865,1.8031941142068983,0.5681577459350604,0.0,3.218199538527872,0.0,0.0,0.0,1.2938368774480469,2.2052403590812037,0.494887168564631,2.664480169421214,0.0,0.0,0.0,1.6634248159662814,1.1142670650487814,0.0,1.4582138227319457,0.0,0.0,0.8915906468318897,0.0,1.6850998149482908,0.0,0.0,0.0,0.0,0.0,0.0,0.0,0.0,0.0,0.0,0.0,0.0,0.0,0.0,0.0,0.0,0.0,0.0,0.0
0.8590714454965448,0.9988947345810483,0.9445332169602761,1.056572312007138,0.0,0.9792865233564138,0.9248723202355382,0.0,0.0,0.0,0.0,1.8226160520685966,0.0,0.0,0.0,0.0,0.0,0.0,2.010526712402107,1.280828099073692,2.5032672056108933,0.0,0.7964427580237814,0.0,0.0,0.0,0.0,0.0,0.0,0.0,0.0,0.0,0.0,0.0,0.0,1.0359513835518581,1.8596717369254194,0.28486559001175893,0.0,0.0,0.0,0.0,1.711739316901821,0.0,0.31517827186393144,0.0,0.17534277651328414,0.6825507497758799,0.0,0.0,0.6835179425267298,0.0,2.8848248782625965,0.0,0.0,0.0,1.2701868129181024,0.0,1.8930271956678015,0.0,0.0,0.0,0.0,0.6453664918733433,0.0,0.0,0.0,1.0001068599616254,0.0,0.0,0.0,0.0,0.0,0.0,0.0,0.0
0.0,0.0,0.0,0.36039042436773,0.0,0.0,0.0,0.0,0.0,0.0,2.9490988779349934,0.0,2.6032771274959954,0.0,4.002009690521717,0.0,0.0,0.0,2.1493618406953874,0.46547704029844517,0.0,2.021664948924439,2.6226044584266393,0.0,0.0,0.0,2.5424514325484138,1.4203324257061252,0.0,0.8532606242300447,0.0,0.0,0.0,0.0,0.0,0.0,0.0,0.789550460323275,0.0,0.0,0.0,0.0,0.0,0.0,1.0336655078537014,0.0,0.0,1.6422377494847695,0.0,2.0873561141288492,0.0,1.960070052384411,0.0,1.745414430547314,1.5350785796901194,1.282711792079569,0.49709170175742023,1.7629108635968427,0.0,0.4902216447367959,0.4456796178989893,0.0,0.0,0.746392608748486,0.11792833680018278,0.0,0.9143238278561973,1.2569898830349362,0.0,0.0,0.22227755824660317,0.2622248498658194,0.32889766875908044,0.0,0.0,0.0
0.0,0.0,0.11328619913776145,0.20412991597194965,0.13574979860990538,0.14146493017786854,0.0,0.0,0.11699150550961934,0.0,0.0,2.545755462422196,0.0,0.0,0.0,3.9082079956243665,3.2838095924966932,1.903619351696269,0.9828720821924105,0.0,0.1469363369614236,1.4322599654180008,0.0,0.0,0.9345592382070832,1.6279332721084945,0.0,0.0,0.21873656620327905,0.0,1.4506217954230243,0.0,0.0,1.6960600142697473,0.0,0.0,0.0,1.3641429009832349,0.0,2.237877523510083,0.0,0.0,0.0,2.004774778943809,1.262245811432138,1.0867086703041096,0.8860182567966594,0.0,0.0,0.0,0.0,0.0,0.871953510142862,0.0,0.5347248019227787,0.0,0.0,0.6201913438443315,0.0,0.2757108812337349,0.0,0.0,0.756166595239115,0.9176933673426884,0.0,0.431066054719105,0.25384286862941663,0.0,0.0,1.2877907538258977,0.0,0.0,0.0,0.0,0.0,0.0
0.0,0.0,0.0,0.0,0.0,0.0,0.0,0.0,0.0,0.0,0.0,0.0,1.8824267018458194,1.5972204597375743,1.1647551763931216,0.0,0.0,0.0,3.4566747066691863,0.0,0.0,0.0,2.8380282238849746,0.0,0.0,0.0,1.2209523496453911,0.4315073456678981,0.0,2.57184898140035,0.0,0.0,0.0,0.0,0.0,0.0,0.0,0.0,0.0,0.0,0.0,0.0,1.1903407524727945,0.0,0.6164008845935531,0.0,0.0,1.9294519128864454,0.0,1.1393066902318576,0.0,0.8665653902358433,0.0,1.4387628854188286,0.9448882152977442,1.1500170156223093,0.0,0.20734974204779266,0.0,0.0,0.0,0.0,0.0,1.4380701244297929,0.0,0.0,0.0,1.4849045109413406,0.0,0.0,0.0,0.0,0.0,0.0,0.0,0.0
0.0,0.0,0.0,0.0,0.0,0.0,0.0,0.0,0.0,0.0,0.0,0.0,0.0,0.0,0.0,0.0,3.0793041505567,0.0,0.0,2.4302899313631907,0.0,0.0,0.0,1.1650542909242219,0.0,1.7897472983415248,0.0,0.0,0.0,0.0,0.0,0.0,1.5985476189194523,1.6855216186059023,0.0,0.0,0.7051925186762693,0.0,0.0,0.0,0.0,0.0,0.0,0.944498864564117,0.0,0.0,1.4782547806888289,0.0,0.20631916230262562,0.0,0.0,0.0,1.862443449352088,0.0,0.0,0.0,0.17329832636469608,0.0,0.0,0.0,0.0,0.0,0.0,0.0,0.0,0.0,0.0,0.0,0.5783711588980988,0.0,0.26424948288245853,0.0,0.0,0.0,0.0,0.0
0.8110567398870099,0.0,0.0,0.9359243901641381,0.0,0.0,0.0,0.0,0.0,0.0,0.0,0.0,0.0,3.287438850841557,0.0,0.0,0.0,0.0,0.41820912992211495,0.0,0.0,0.0,0.9944388819508885,0.0,0.0,0.0,1.6462733599732702,2.69445795050714,0.0,0.37211255184765274,0.0,0.0,0.0,0.0,0.9975594724115888,1.572089068312157,0.0,0.5470469410071379,0.0,0.0,0.0,0.0,0.5831498295303457,0.0,0.6573463951835148,0.0,0.0,0.0,1.9493336613530965,2.228285401428845,0.15846223618820596,1.734985216040016,0.0,1.6607455964369895,0.4329969601941047,0.9643440000619674,0.15290836781075234,0.7941846228173991,0.0,0.0,0.0,1.1145640808299695,0.6157114624861459,0.0,0.0,0.0,0.0,0.0,0.0,0.0,0.0,0.0,0.0,0.0,0.0,0.0
0.0,0.0,0.0,0.0,0.0,0.0,0.0,0.0,0.0,0.0,0.0,0.0,0.0,0.0,3.0795910239703583,0.3201150407410295,0.0,0.0,0.0,0.0,0.0,0.0,0.0,0.0,0.0,0.0,0.0,0.0,0.0,0.0,0.0,0.0,0.0,0.0,0.0,0.0,0.0,0.0,0.0,0.0,0.0,0.0,0.6935831974308195,0.38163428664044696,0.0,0.0,0.0,0.0,0.0,0.0,0.0,0.0,0.0,0.0,0.9247845544108628,0.0,0.0,0.0,0.1304938985952075,0.0,0.0,0.0,0.0,0.0,0.0,0.0,0.0,0.0,0.0,0.0,0.0,0.0,0.0,0.0,0.0,0.0
0.0,0.0,0.0,0.0,0.0,0.0,0.0,0.0,0.0,0.0,0.0,0.0,0.0,0.0,0.0,0.0,0.0,0.0,1.3367592367495549,4.695211053143896,0.0,4.168116247776044,2.425726407158362,0.0,0.0,0.7825179331173264,2.504588657722725,1.0419637314106298,0.8265625376002673,0.0,0.5455497198393593,0.0,0.0,0.0,0.0,0.0,0.0,0.0,0.0,0.0,0.0,0.0,0.0,0.0,0.10090908250145117,0.6117324086450332,0.0,1.3882415644870478,0.0,0.0,0.2932291542704185,0.9855299064320978,0.5847241364577218,1.4459591067801536,0.5628047602586005,1.1611820618207014,0.0,1.3012530933216864,0.0,1.401367936822958,0.0,0.0,0.4119949640772045,0.1521304566038912,1.1274573709423565,0.6923036055451299,0.9719685037769228,1.0562440888382754,0.31695744397573244,0.0,0.9089511626007002,1.2948996530310775,0.43003448137483063,0.2979901958220547,0.0,0.40618356429911306
0.0,0.0,0.0,0.0,0.0,0.0,0.0,0.0,0.0,0.0,0.0,0.0,0.0,0.0,0.0,0.0,2.730128583332549,1.021987266073512,0.0,0.16460893343441535,0.1904633981804913,1.1281015758761832,0.0,0.0,0.36951687758408724,1.6266587287430017,0.0,0.0,0.0,0.0,1.8421855579765785,0.0,2.320008235909878,2.0908112325394757,0.0,0.0,0.0,1.9051505715351087,1.9039153427914213,1.7346872662199528,2.1593638063184932,2.165061749142319,0.0,0.0,0.0,0.9721796341901434,0.0,0.0,0.0,0.0,0.0,0.22401658018258097,0.0,0.0,0.805735185892398,0.0,0.0,0.0,0.0,0.0,0.5807678546406789,0.18021614557266669,0.3941419179134729,0.0,0.0,0.0,0.2643079924405287,0.0,0.0,1.1811933800380323,0.0,0.0,0.0,0.0,0.45839218722560127,0.7350228422109357
0.0,0.0,0.0,0.0,0.0,0.0,0.0,0.0,0.0,0.0,0.0,0.0,0.0,0.0,0.0,0.0,0.0,2.65525441792811,0.0,1.230563332018637,0.0,1.4778128308149003,0.0,2.0496594789449287,1.4679361992106728,1.9328960522484366,0.0,0.0,1.0956743428735196,0.0,1.3316335949240663,0.6465585762996169,2.3266229848375675,1.7028508700565812,0.0,0.0,0.0,0.7607494149269567,0.0,1.9794582240474865,1.727274054859947,0.0,0.0,1.9078098255818132,0.48118839627945453,0.2713527977016235,1.5218588832941056,0.0,0.0,0.0,0.8445019616694562,0.16445439266512113,0.0,0.0,0.21250082386485344,0.0,0.3741775879488596,0.6990773042042804,0.0,0.0,1.5369898379441544,0.0,0.7749438943859017,0.0,0.0,0.0,0.25839888199761313,0.0,0.0,1.2521654696087907,0.4537375802440634,0.0,0.0,0.0,0.0,0.43049746158782476
0.0,0.0,0.0,0.0,0.0,0.0,0.0,0.0,0.0,0.0,0.0,0.0,0.0,0.0,0.0,0.0,0.0,0.0,0.0,2.342749974166846,1.101695658874402,1.392488294665598,0.0,1.5425921540458845,1.9611591629496459,2.3366829348504017,0.0,0.0,2.3978206590892444,0.0,1.2848544997994678,0.0,1.6349591642344592,0.0,0.0,0.0,0.0,0.0,0.0,1.7442563645383944,0.4279674949840986,0.0,0.0,0.9879920966466227,0.0,0.0,1.9552006006902019,0.0,0.0,0.0,1.516605338191573,0.0,0.0,0.0,0.0,0.0,0.0,0.10280349012543308,0.0,0.0,1.5199796977565967,0.0,0.5765628853074365,0.0,1.2261713108628658,0.558290831735623,0.5538948292175222,0.0,0.0,0.9635485141825504,0.0,0.6676615651626123,0.6469777509775263,1.2792065399695136,0.0,0.20789319719877347
0.12377490052749679,0.2492299240725428,0.0,0.30098054359657767,0.2253123995957567,0.0,0.0,0.0,0.0,0.0,0.0,0.0,0.0,0.0,0.0,0.0,0.0,0.0,0.0,1.0965377321350611,0.0,1.2285940690436434,2.9133332635048537,0.0,0.0,0.0,0.7700868811217236,0.0,0.0,2.3458044664020967,0.0,0.0,0.0,0.0,0.0,0.4769603089535873,0.0,0.0,0.0,0.0,0.0,0.0,1.2778190451231803,0.19990894604456821,0.6142773036053124,0.0,0.0,2.1844071966284724,0.0,1.0234186996311254,0.0,0.6649442413052006,0.6713230413755007,1.1935673438019614,0.0,1.575850376861998,0.0,0.12357411392504658,0.0,0.4908890075048167,0.0,1.0668203233160205,0.0,2.0290313232048613,0.0,0.0,0.0,1.5558261852211346,0.0,0.0,0.0,0.0,0.0,0.0,0.4143325422470991,0.0
0.0,0.0,0.0,0.0,0.0,0.0,0.0,0.0,0.0,0.0,0.0,0.0,0.0,0.0,0.0,0.0,0.0,0.0,0.0,0.0,0.6847802355991031,4.2279079546093055,1.2436870268415596,0.0,0.22155335651865757,1.8820648614655837,0.8628239150084731,0.3531823494721,2.8322290909208006,0.0,1.4717859317279736,0.0,0.0,0.0,0.0,0.0,0.0,0.0,0.0,0.3411213077189746,0.0,0.0,0.0,0.4158591629626236,0.0,0.0,1.155394226778308,0.0,0.0,0.7130412478681682,1.399609110804998,0.0,1.7896823655794092,0.0,0.19247889901309637,0.0,0.0,0.0,0.7513062955854227,1.8663936255196851,1.065973161852579,0.0,0.99999722168248,0.0,2.064539414094469,1.4819067660616885,1.210845892232943,0.567618952820253,0.0,0.4324352244640427,0.9682791905190506,0.9831227452462228,0.6457933092321708,0.9592760175388284,0.0,0.0
0.36159858941289075,0.49560521595733814,0.0,0.5508834005053731,0.47005736079889143,0.0,0.0,0.0,0.0,0.0,0.0,0.0,0.0,0.30371304483961703,0.18673279980180701,0.0,0.0,0.0,0.0,0.0,0.0,0.6872329084050328,0.0,0.0,1.7035244123922446,1.6759066625341545,0.0,0.0,0.0,0.0,1.8753062074061317,0.0,1.2834160242971895,1.6038080847522937,0.0,0.0,0.0,0.0,0.0,1.0931159597079905,0.14883992999810045,0.0,0.0,0.0,0.0,1.4507787924256588,0.8862420575695866,0.0,0.0,0.0,1.252508059862591,0.0,1.544449592168266,0.0,0.0,0.0,0.0,0.0,0.0,0.2565364936086108,0.0,0.0,0.0,0.0,0.7224745787476838,1.1388602253603897,0.0,0.0,0.0,0.0,0.0,0.0,0.0,0.6688971827208641,0.0,0.4922861880118353
0.0,0.0,0.0,0.0,0.0,0.0,0.0,0.0,0.0,0.0,0.0,0.0,0.0,0.0,0.0,0.0,0.0,0.0,0.0,0.0,0.0,0.0,1.444206932752704,0.0,0.0,1.6404536107919807,2.1572936282997532,0.24369219803128628,2.024076514369184,0.0,1.2862686053311574,0.0,0.6753870220861619,0.0,0.0,0.0,0.0,0.27436706795146476,0.0,0.0,0.0,0.0,0.0,0.0,0.15059119602042387,0.9351388492551178,0.8402526098574479,0.44359219597803745,0.0,0.9960469154636664,0.4725462170251205,1.0806692506178384,0.0,0.7207078750197415,0.8664048554046722,0.5919723950457312,0.0,0.0,0.0,1.9847507778842992,0.9716001887381771,0.0,1.106918618550995,0.17235997357913166,1.4250778437706704,1.4459186059794353,1.3635314443194333,0.49158217061393006,0.0,0.8714685523738299,1.1296558691689718,0.9634060244241143,0.9067424942474855,0.4809323418465745,0.0,0.7179450657891575
0.0,0.0,0.0,0.0,0.0,0.0,0.0,0.0,0.0,0.0,0.0,0.0,0.0,0.0,0.0,0.0,0.0,0.0,0.0,0.0,0.0,0.0,0.0,0.0,0.0,0.0,2.4826016091435688,0.0,0.0,0.0,0.0,1.6782980339666573,0.0,0.0,1.3545257087127986,0.36955006491299014,0.0,0.4825887406305893,0.0,0.0,0.0,0.0,0.0,0.0,0.663170618778714,0.0,0.0,2.3211890764080847,0.0,0.0,0.0,1.4306419165268258,0.1441585798379324,1.8551848246962852,0.0,1.924731859295379,0.31045364848849666,0.48562719666542575,0.0,1.0496976123017612,0.0,0.0,0.0,1.5953907738015565,0.0,0.10118231030786971,0.0,1.6429642870893246,0.0,0.0,0.0,0.4734217404786971,0.0,0.0,0.0,0.0
0.0,0.0,0.0,0.0,0.0,0.0,0.0,0.0,0.0,0.0,0.0,0.0,0.0,0.0,0.0,0.0,0.0,0.0,0.0,0.0,0.0,0.0,0.0,0.0,0.0,1.3468897351154887,0.0,0.0,0.0,0.0,0.0,0.2721656204845023,2.091948119829432,0.0,0.0,0.0,0.0,1.2458103748680602,0.9967093374252838,1.190694549334855,1.7596611931563457,0.9878902799107853,0.0,1.1404498768052735,0.34545513291624397,2.2976829782789543,0.0,0.0,0.0,0.0,0.5554813309078617,0.0,0.49393312686198554,0.0,0.0,0.0,0.3456188345274563,1.0663347658518831,0.0,0.0,0.0,0.0,0.0,0.0,1.218510063667023,0.0,0.0,0.0,0.988460590585282,0.0,0.8663750822172053,0.0,1.0680610230276635,0.0,0.663225492288314,1.3972782574083087
0.0,0.0,0.0,0.0,0.0,0.0,0.0,0.0,0.0,0.0,0.0,0.0,0.0,0.0,0.0,0.0,0.0,0.0,0.0,0.0,0.0,0.0,0.0,0.0,0.0,2.2002624694195223,0.0,0.0,1.8708040506570172,0.0,1.6377826012901802,0.0,1.616416272163532,1.4404144435899344,0.0,0.0,0.0,0.0,0.0,1.803077624201827,0.10923113122924105,0.0,0.0,0.0,0.0,0.0,1.8956437669700337,0.0,0.0,0.0,1.8211906052883071,0.0,0.0,0.0,0.0,0.0,0.0,0.0,0.9860274794754101,0.0,0.9091427179154606,0.0,0.0,0.0,0.5807325999767723,0.0,0.0,0.0,0.0,0.3053526067225706,0.3486759904556382,0.0,0.0,1.0375372560512832,0.0,0.0
0.0,0.0,0.0,0.0,0.0,0.0,0.0,0.0,0.0,0.0,0.0,0.0,0.0,0.0,0.0,0.0,0.0,0.0,0.0,0.0,0.0,0.0,0.0,0.0,0.0,0.0,0.4413723667921681,0.0,2.60441416240921,0.0,0.0,0.0,1.8018889223308143,0.0,0.0,0.0,0.0,0.0,0.0,1.7138228741190997,0.5786208805342697,0.0,0.0,0.0,0.0,1.0986722042140769,1.9603876570988819,0.0,0.0,0.0,1.6520370589252495,0.0,0.6327898503229386,0.0,0.0,0.0,0.0,0.40588651861945174,0.0,1.076791391203268,0.0,0.0,0.0,0.0,1.3740858269589613,0.0,0.90473662810972,0.0,1.102498159668503,1.336079341351358,1.0354745761159418,0.0,0.0,0.0,0.0,0.0
0.0,0.0,0.0,0.0,0.0,0.0,0.0,0.0,0.0,0.0,0.0,0.0,0.0,0.0,0.0,0.0,0.0,0.0,0.0,0.0,0.0,0.0,0.0,0.0,0.0,0.0,0.0,1.4033794912900646,1.7411142172165268,0.0,0.0,0.0,0.0,0.0,0.0,0.0,0.0,0.0,0.0,0.0,0.0,0.0,0.0,0.0,0.6252977435613898,0.0,0.0,1.0818515419352108,0.0,2.1913650386680485,0.0,2.1179120836788456,0.0,1.698166009634957,1.4718093019465686,1.460611122518942,0.0,0.0,0.0,1.026346076878438,0.963622813116406,0.0,1.1618612737099863,0.5020371232271945,0.29889295221306145,0.20087294234283654,1.0803816600748364,1.068287902581342,0.0,0.46813170327522924,0.7848410839729021,2.219240501910255,0.0,0.37489740306823816,0.0,0.10075201710253831
0.33330818985782096,0.0,0.4125351988464376,0.5164006142049437,0.4382187702692139,0.0,0.0,0.0,0.0,0.0,0.0,0.0,0.0,0.0,0.0,0.0,0.0,0.0,0.0,0.0,0.0,0.0,0.0,0.0,0.0,0.0,0.0,0.0,0.0,0.0,0.0,0.0,0.0,0.0,0.0,0.8228893262166918,0.0,0.0,0.0,0.0,0.0,0.0,0.35017303312207926,0.0,0.0,0.0,0.0,0.4546038038906926,0.389357671481222,2.7005304510386234,0.0,1.8961063461499705,0.0,1.1454074665734781,0.0,0.3239994087023069,0.0,0.6023479294175731,2.523555300008756,0.0,0.0,0.5124550206657473,0.428968791901056,0.0,1.1915946100903327,0.0,0.7902669781207836,0.0,0.0,0.0,0.0,0.0,0.2563117487377573,0.0,0.0,0.0
0.0,0.0,0.1852000227597619,0.29188688778466765,0.0,0.0,0.0,0.0,0.0,0.0,0.0,0.0,0.0,0.0,0.0,0.0,0.0,0.0,0.0,0.0,0.0,0.0,0.0,0.0,0.0,0.0,0.0,0.0,0.0,0.0,1.3508537642375227,0.0,0.0,0.0,0.0,0.0,0.0,0.0,0.0,0.0,0.0,0.0,0.0,0.0,0.0,0.0,1.5899813769577413,0.0,0.0,0.6837612028754768,0.0,0.5989359393871178,0.0,0.0,0.1438762820743153,0.0,0.0,0.0,0.0,0.7426372737532239,2.0065173691173155,0.0,1.068600217686098,0.0,1.1562065384161362,0.6980928099996703,0.5246463013854769,0.0,0.0,0.9415744157976111,0.0,1.9657185547925446,0.0,1.1838069806922977,0.0,0.0
0.26535806765720965,0.0,0.0,0.3992804374185084,0.0,0.0,0.0,0.0,0.0,0.0,0.0,0.0,0.0,0.0,0.0,0.0,0.0,0.0,0.0,0.0,0.0,0.0,0.0,0.0,0.0,0.0,0.0,0.0,0.0,0.0,0.0,1.5512356563748435,0.0,0.0,2.363571965633627,1.6201845445182599,0.9486746146086611,0.0,0.0,0.0,0.0,0.0,1.7993945382807464,0.0,0.0,0.0,0.0,0.0,0.0,0.0,0.0,0.0,0.0,0.48078535992238663,0.25303001522064583,0.0,0.0,0.0,0.0,0.0,0.0,0.0,0.0,0.0,0.0,0.0,0.0,0.0,0.0,0.0,0.0,0.0,0.0,0.0,0.0,0.0
0.0,0.0,0.0,0.0,0.0,0.0,0.0,0.0,0.0,0.0,0.0,0.0,0.0,0.0,0.0,0.0,0.0,0.0,0.0,0.0,0.0,0.0,0.0,0.0,0.0,0.0,0.0,0.0,0.0,0.0,0.0,0.0,0.0,0.8854895463224328,0.11022424479176135,0.0,2.2632740155522377,0.8631569714522528,0.0,0.0,0.6682567253131192,0.0,0.8571618888916979,0.0,0.0,1.2252889993053897,0.0,0.0,0.0,0.0,0.0,0.0,0.0,0.0,0.0,0.0,0.0,0.0,0.0,0.6612472242156431,0.0,0.0,0.0,0.0,0.0,1.157031804002201,0.0,0.0,0.0,0.0,0.0,0.0,0.0,0.0,0.0,0.0
0.0,0.0,0.0,0.0,0.0,0.0,0.0,0.0,0.0,0.0,0.0,0.0,0.0,0.0,0.0,0.0,0.0,0.0,0.0,0.0,0.0,0.0,0.0,0.0,0.0,0.0,0.0,0.0,0.0,0.0,0.0,0.0,0.28311151244453336,0.0,1.7889368087821091,0.0,0.0,0.0,1.9037631137812117,0.0,1.2164430580948058,1.2729926850914732,0.0,0.0,2.1916186970573146,0.6204843210443232,0.0,0.0,0.0,0.0,0.0,0.0,0.0,0.0,0.0,0.0,0.0,0.0,0.0,0.0,0.0,0.0,0.0,0.0,0.0,0.0,0.0,0.0,0.0,0.0,0.0,0.0,0.0,0.0,0.23815979310275448,0.0
0.0,0.0,0.0,0.0,0.0,0.0,0.0,0.0,0.0,0.0,0.0,0.0,0.0,0.0,0.0,0.0,0.0,0.0,0.0,0.0,0.0,0.0,0.0,0.0,0.0,0.0,0.0,0.0,0.0,0.0,0.0,0.0,0.0,1.6595914274096066,0.0,0.0,0.0,0.0,0.8934642004412056,1.7024426845520255,1.5286227209642298,0.0,0.0,0.0,0.0,1.857691207678307,0.0,0.0,0.0,0.0,0.0,0.0,0.0,0.0,0.0,0.0,0.0,0.24090511322200814,0.0,0.0,0.0,0.0,0.0,0.0,0.6929663275709044,0.0,0.0,0.0,1.470571119480829,0.8773196890911514,0.0,0.0,0.0,0.0,0.0,0.9761184979138205
0.0,0.0,0.0,0.0,0.0,0.0,0.0,0.0,0.0,0.0,0.0,0.0,0.0,0.0,0.0,0.0,0.0,0.0,0.0,0.0,0.0,0.0,0.0,0.0,0.0,0.0,0.0,0.0,0.0,0.0,0.0,0.0,0.0,0.0,0.0,0.0,1.2483432433050647,2.6369723055912995,0.0,0.0,2.1737600264996177,0.0,0.0,0.0,0.0,1.1062441676059516,0.0,0.0,0.0,0.0,0.0,0.0,0.0,0.0,0.0,0.0,0.0,0.0,0.0,0.0,0.0,0.0,0.0,0.0,0.0,0.0,0.0,0.0,0.0,0.0,0.0,0.0,0.0,0.0,0.0,0.0
0.0,0.0,0.0,0.0,0.0,0.0,0.0,0.0,0.0,0.0,0.0,0.0,0.0,0.0,0.0,0.0,0.0,0.0,0.0,0.0,0.0,0.0,0.0,0.0,0.0,0.0,0.0,0.0,0.0,0.0,0.0,0.0,0.0,0.0,0.0,0.0,0.0,1.1690403989713989,0.6906137257134938,0.0,0.0,0.3528798605237303,0.0,0.0,0.0,0.0,0.0,0.0,0.0,0.0,0.0,0.0,0.0,0.0,0.0,0.0,0.0,0.0,0.0,0.0,0.0,0.0,0.0,0.0,0.0,0.0,0.0,0.0,0.0,0.0,0.0,0.0,0.0,0.0,0.0,0.0
0.0,0.0,0.0,0.0,0.0,0.0,0.0,0.0,0.0,0.0,0.0,0.0,0.0,0.0,0.0,0.0,0.0,0.0,0.0,0.0,0.0,0.0,0.0,0.0,0.0,0.0,0.0,0.0,0.0,0.0,0.0,0.0,0.0,0.0,0.0,0.0,0.22278528452456747,0.0,0.0,0.0,0.0,0.0,0.8497488344978572,0.0,0.0,0.0,0.0,0.0,0.26039816803205756,0.0,0.0,0.0,0.0,0.0,0.0,0.0,0.0,0.0,0.8807163188868115,0.0,0.0,0.0,0.0,0.0,0.0,0.0,0.0,0.0,0.0,0.0,0.0,0.0,0.0,0.0,0.0,0.0
0.0,0.0,0.0,0.0,0.0,0.0,0.0,0.0,0.0,0.0,0.0,0.0,0.0,0.0,0.0,0.0,0.0,0.0,0.0,0.0,0.0,0.0,0.0,0.0,0.0,0.0,0.0,0.0,0.0,0.0,0.0,0.0,0.0,0.0,0.0,0.0,0.0,0.0,0.0,0.0,0.0,1.3607164747671359,0.0,0.0,0.0,0.0,0.0,0.0,0.0,0.0,0.0,0.0,0.0,0.0,0.0,0.0,0.0,0.0,0.0,0.0,0.0,0.0,0.0,0.0,0.0,0.0,0.0,0.0,0.0,0.0,0.0,0.0,0.0,0.0,0.0,0.0
0.0,0.0,0.0,0.0,0.0,0.0,0.0,0.0,0.0,0.0,0.0,0.0,0.0,0.0,0.0,0.0,0.0,0.0,0.0,0.0,0.0,0.0,0.0,0.0,0.0,0.0,0.0,0.0,0.0,0.0,0.0,0.0,0.0,0.0,0.0,0.0,0.0,0.0,0.0,0.0,1.92975719876823,0.0,1.0047806322326793,0.0,1.7030617027709702,0.43534722545905835,0.0,0.41527703824183393,0.0,0.0,0.0,0.0,0.10715856839643087,0.2813920305213774,0.4428335470954724,0.5163036612862265,0.0,0.6502196281429017,0.0,0.0,0.0,0.0,0.0,0.0,0.0,0.0,0.0,0.11063268293161652,0.0,0.0,0.0,0.0,0.0,0.0,0.0,0.0
0.0,0.0,0.0,0.0,0.0,0.0,0.0,0.0,0.0,0.0,0.0,0.0,0.0,0.0,0.0,0.0,0.0,0.0,0.0,0.0,0.0,0.0,0.0,0.0,0.0,0.0,0.0,0.0,0.0,0.0,0.0,0.0,0.0,0.0,0.0,0.0,0.0,0.0,0.0,0.12376988671704633,2.212908075510773,1.9187649813324468,0.0,0.0,2.688448665077819,0.9815146464340597,0.0,0.0,0.0,0.0,0.0,0.0,0.0,0.0,0.0,0.0,0.0,0.0,0.0,0.0,0.0,0.0,0.0,0.0,0.0,0.0,0.0,0.0,0.0,0.0,0.0,0.0,0.0,0.0,0.9215230920354384,0.0
0.0,0.0,0.0,0.0,0.0,0.0,0.0,0.0,0.0,0.0,0.0,0.0,0.0,0.0,0.0,0.0,0.0,0.0,0.0,0.0,0.0,0.0,0.0,0.0,0.0,0.0,0.0,0.0,0.0,0.0,0.0,0.0,0.0,0.0,0.0,0.0,0.0,0.0,0.0,0.0,1.112328934902312,0.5687628306648447,0.0,1.4178853538240155,0.0,1.7866202081567202,0.0,0.0,0.0,0.0,0.0,0.0,0.0,0.0,0.0,0.0,0.0,0.0,0.0,0.0,0.0,0.0,0.0,0.0,0.6729315782003762,0.5144453668192601,0.0,0.0,1.4803072281751737,0.0,1.0197093389949106,0.0,0.0,0.0,0.0,0.37170962615259756
0.0,0.0,0.0,0.0,0.0,0.0,0.0,0.0,0.0,0.0,0.0,0.0,0.0,0.0,0.0,0.0,0.0,0.0,0.0,0.0,0.0,0.0,0.0,0.0,0.0,0.0,0.0,0.0,0.0,0.0,0.0,0.0,0.0,0.0,0.0,0.0,0.0,0.0,0.0,0.0,0.0,1.7320942361450369,0.0,0.0,2.2445915671015513,1.5127406544770368,0.0,0.0,0.0,0.0,0.0,0.0,0.0,0.0,0.0,0.0,0.0,0.0,0.0,0.0,0.0,0.0,0.0,0.0,0.0,0.0,0.0,0.0,0.9071106509102631,0.0,0.0,0.0,0.0,0.0,0.9745004682656364,0.289119355257512
0.0,0.0,0.0,0.0,0.0,0.0,0.0,0.0,0.0,0.0,0.0,0.0,0.0,0.0,0.0,0.0,0.0,0.0,0.0,0.0,0.0,0.0,0.0,0.0,0.0,0.0,0.0,0.0,0.0,0.0,0.0,0.0,0.0,0.0,0.0,0.0,0.0,0.0,0.0,0.0,0.0,0.0,0.0,0.0,0.0,1.2402403943150777,0.0,0.0,0.0,0.0,0.0,0.0,0.0,0.0,0.0,0.0,0.0,0.0,0.0,0.0,0.0,0.0,0.0,0.0,0.0,0.0,0.0,0.0,0.0,0.0,0.0,0.0,0.0,0.0,0.0,0.0
0.0,0.0,0.0,0.0,0.0,0.0,0.0,0.0,0.0,0.0,0.0,0.0,0.0,0.0,0.0,0.0,0.0,0.0,0.0,0.0,0.0,0.0,0.0,0.0,0.0,0.0,0.0,0.0,0.0,0.0,0.0,0.0,0.0,0.0,0.0,0.0,0.0,0.0,0.0,0.0,0.0,0.0,0.0,0.0,0.0,0.0,0.0,0.0,0.0,0.9001611519446047,0.0,0.7851175990062299,0.38482417425260984,0.0,0.7331462786389795,0.0,0.8206636344972015,0.0,1.4837531768920107,0.0,0.0,0.0,0.0,0.0,0.0,0.0,0.0,0.0,0.0,0.0,0.0,0.0,0.0,0.0,1.0802520961299684,0.0
0.0,0.0,0.0,0.0,0.0,0.0,0.0,0.0,0.0,0.0,0.0,0.0,0.0,0.0,0.0,0.0,0.0,0.0,0.0,0.0,0.0,0.0,0.0,0.0,0.0,0.0,0.0,0.0,0.0,0.0,0.0,0.0,0.0,0.0,0.0,0.0,0.0,0.0,0.0,0.0,0.0,0.0,0.0,0.0,0.0,0.0,0.0,0.0,0.0,0.0,0.0,0.0,0.0,0.0,1.2855074695905446,0.0,0.456321309528176,0.670003056777688,0.607037979280262,0.0,0.0,0.0,1.1530687598783445,0.0,0.0,0.0,0.0,0.0,0.0,0.0,0.0,0.0,0.6404469205020804,0.0,0.0,0.0
0.0,0.0,0.0,0.0,0.0,0.0,0.0,0.0,0.0,0.0,0.0,0.0,0.0,0.0,0.0,0.0,0.0,0.0,0.0,0.0,0.0,0.0,0.0,0.0,0.0,0.0,0.0,0.0,0.0,0.0,0.0,0.0,0.0,0.0,0.0,0.0,0.0,0.0,0.0,0.0,0.0,0.0,0.0,0.0,0.0,0.6111044628731761,0.0,0.9636999548902073,0.0,0.0,0.0,0.0,0.0,0.0,0.0,0.0,0.0,0.8127253960704098,0.0,0.22108595695253289,0.0,0.1264700567899121,0.0,0.0,0.0,0.0,0.0,0.0,0.0,0.0,0.0,0.0,0.213371884556443,0.0,1.0137387337716066,0.0
0.0,0.0,0.0,0.0,0.0,0.0,0.0,0.0,0.0,0.0,0.0,0.0,0.0,0.0,0.0,0.0,0.0,0.0,0.0,0.0,0.0,0.0,0.0,0.0,0.0,0.0,0.0,0.0,0.0,0.0,0.0,0.0,0.0,0.0,0.0,0.0,0.0,0.0,0.0,0.0,0.0,0.0,0.0,0.0,0.0,0.0,0.0,0.0,0.0,0.0,0.0,0.0,0.0,0.0,0.6248642387127293,0.0,0.0,0.0,0.0,0.5530685275587182,0.4199030301552329,0.0,0.0,0.0,0.20382514862339635,1.3649031055648997,0.0,0.0,1.6126951196499246,0.17046607451506277,0.8495802886986009,0.0,0.0,0.3678821985450567,0.6237325478989856,1.0166840043620682
0.0,0.0,0.0,0.13653793781592072,0.0,0.0,0.0,0.0,0.0,0.0,0.0,0.0,0.0,0.0,0.0,0.0,0.0,0.0,0.0,0.0,0.0,0.0,0.0,0.0,0.0,0.0,0.0,0.0,0.0,0.0,0.0,0.0,0.0,0.0,0.0,0.46518579816461425,0.0,0.0,0.0,0.0,0.0,0.0,0.0,0.0,0.0,0.0,0.0,0.0,0.0,0.0,1.8765173466746234,0.0,0.5945818849315523,0.0,0.0,0.0,0.0,0.0,0.0,1.066777567413236,1.6020468991303385,0.0,0.7366691434034058,0.0,1.651593534356273,0.45704718441023207,0.7188265870877564,0.0,0.0,1.1314025600211854,0.9982508878917332,1.4092898814629113,0.0,1.9775716390768128,0.0,0.0
0.0,0.0,0.0,0.11516680470573216,0.0,0.0,0.0,0.0,0.0,0.0,0.0,0.0,0.0,0.0,0.0,0.0,0.0,0.0,0.0,0.0,0.0,0.0,0.0,0.0,0.0,0.0,0.0,0.0,0.0,0.0,0.0,0.0,0.0,0.0,0.0,0.0,0.0,0.0,0.0,0.0,0.0,0.0,0.0,0.0,0.0,0.0,0.0,0.0,0.0,1.300510439507701,0.0,0.9380619697417861,0.0,1.7143797002577321,1.5079992815250811,1.7467020979489059,0.45984805960107167,0.6966205283556743,0.0,0.0,0.0,0.0,0.0,1.6637189820694214,0.0,0.0,0.0,1.6271226418569624,0.0,0.0,0.0,0.0,0.0,0.0,0.8951355755461609,0.0
0.0,0.0,0.0,0.0,0.0,0.0,0.0,0.0,0.0,0.0,0.0,0.0,0.0,0.0,0.0,0.0,0.0,0.0,0.0,0.0,0.0,0.0,0.0,0.0,0.0,0.0,0.0,0.0,0.0,0.0,0.0,0.0,0.0,0.0,0.37789474549281227,0.0,0.0,0.0,0.0,0.0,0.0,0.0,0.0,0.0,0.0,0.0,0.0,0.0,0.0,0.0,0.0,0.0,0.0,0.0,0.0,0.0,0.0,0.0,0.2196348028936832,0.0,0.0,0.0,0.0,0.0,0.0,0.0,0.0,0.0,0.0,0.0,0.0,0.0,0.0,0.0,0.0,0.0
0.0,0.0,0.0,0.0,0.0,0.0,0.0,0.0,0.0,0.0,0.0,0.0,0.0,0.0,0.0,0.0,0.0,0.0,0.0,0.0,0.0,0.0,0.0,0.0,0.0,0.0,0.0,0.0,0.0,0.0,0.0,0.0,0.0,0.0,0.0,0.0,0.0,0.0,0.0,0.0,0.0,0.0,0.0,0.0,0.0,0.0,0.0,0.0,0.3934203692128141,0.0,0.0,2.3782713667378865,0.0,1.8729734484776184,0.0,1.0598037983634825,0.0,1.1744588844338502,0.7191251502045736,0.0,0.0,0.0,0.0,0.6049827443586141,0.0,0.0,0.0,0.0,0.0,0.0,0.0,0.0,0.0,0.0,0.0,0.0
0.0,0.0,0.0,0.3227320890095951,0.0,0.0,0.0,0.0,0.0,0.0,0.0,0.0,0.0,0.0,0.0,0.0,0.0,0.0,0.0,0.0,0.0,0.0,0.0,0.0,0.0,0.0,0.0,0.0,0.0,0.0,0.0,0.0,0.0,0.0,0.0,0.0,0.0,0.0,0.0,0.0,0.0,0.0,0.0,0.0,0.0,0.0,0.0,0.0,0.0,0.0,0.0,0.0,0.28253206998361435,0.0,0.0,0.0,0.0,0.0,0.0,0.0,0.5870558953861104,0.12947990752493843,0.8563980454380808,0.0,0.0,0.0,0.49496558223539866,0.0,0.5833518114258575,0.0,0.6614772800690175,0.6183140410453934,0.0,1.4625679351684513,0.0,0.0
0.0,0.0,0.0,0.0,0.0,0.0,0.0,0.0,0.0,0.0,0.0,0.0,0.0,0.0,0.0,0.0,0.0,0.0,0.0,0.0,0.0,0.0,0.0,0.0,0.0,0.0,0.0,0.0,0.0,0.0,0.0,0.0,0.0,0.0,0.0,0.0,0.0,0.0,0.0,0.0,0.0,0.0,0.0,0.0,0.0,0.0,0.0,0.0,0.3957806637542342,0.0,0.0,0.0,0.0,1.519760619887466,1.6068580286712282,1.1168913816381405,0.5504112358323484,1.403785022118125,0.2429111303374436,0.0,0.9842522905924544,1.143890145034088,1.3090329105128446,0.0,0.0,0.0,0.0,0.0,0.0,0.8460175255494196,0.22734383873986208,0.6470127135624889,0.0,0.0,0.0,0.0
0.0,0.0,0.0,0.0,0.0,0.0,0.0,0.0,0.0,0.0,0.0,0.0,0.0,0.0,0.0,0.0,0.0,0.0,0.0,0.0,0.0,0.0,0.0,0.0,0.0,0.0,0.0,0.0,0.0,0.0,0.0,0.0,0.0,0.0,0.0,0.0,0.0,0.0,0.0,0.0,0.0,0.0,0.0,0.0,0.0,0.0,0.0,0.0,0.0,0.0,0.0,0.0,0.0,0.0,0.0,0.0,3.040745002303532,0.14678454971472343,0.2637174686801967,0.0,0.0,0.0,0.0,0.1906151488102537,0.0,1.3660071302539105,0.0,0.28336290714899404,0.0,0.0,0.0,0.0,0.0,0.0,0.0,0.0
0.0,0.0,0.0,0.0,0.0,0.0,0.0,0.0,0.0,0.0,0.0,0.0,0.0,0.0,0.0,0.0,0.0,0.0,0.0,0.0,0.0,0.0,0.0,0.0,0.0,0.0,0.0,0.0,0.0,0.0,0.0,0.0,0.0,0.0,0.0,0.0,0.0,0.0,0.0,0.0,0.0,0.0,0.0,0.0,0.0,0.0,0.0,0.0,0.0,0.0,0.0,0.0,0.0,0.0,1.5513816994680305,1.5616248067552498,0.34798443307700794,1.3731080089030174,0.0,0.7977745696083789,0.0,0.0,0.0,0.8079506384448434,0.0,0.0,0.8014823504385425,1.1276972612122933,0.0,0.0,0.37489954654987434,0.1330689641061807,0.0,0.0,0.0,0.0
0.0,0.0,0.0,0.0,0.0,0.0,0.0,0.0,0.0,0.0,0.0,0.0,0.0,0.0,0.0,0.0,0.0,0.0,0.0,0.0,0.0,0.0,0.0,0.0,0.0,0.0,0.0,0.0,0.0,0.0,0.0,0.0,0.0,0.0,0.0,0.20321801864380565,0.0,0.0,0.0,0.0,0.0,0.0,0.0,0.0,0.0,0.0,0.0,0.0,0.3065152908811769,0.0,0.0,0.0,0.0,0.0,0.0,0.0,0.10449173873686671,0.0,0.0,1.2199169731399904,0.728572460631245,1.1771841578827966,1.3551420662745957,0.0,0.0,0.0,0.0,0.0,0.0,0.9940015298646007,0.5932448193966849,0.0,0.16220151080703282,0.0,0.0,0.0
0.0,0.0,0.0,0.0,0.0,0.0,0.0,0.0,0.0,0.0,0.0,0.0,0.0,0.0,0.0,0.0,0.0,0.0,0.0,0.0,0.0,0.0,0.0,0.0,0.0,0.0,0.0,0.0,0.0,0.0,0.0,0.0,0.0,0.0,0.0,0.0,0.0,0.0,0.0,0.0,0.0,0.0,0.0,0.0,0.0,0.0,0.0,0.0,0.0,0.0,0.0,0.0,0.0,0.0,0.0,0.0,0.7377530545176558,0.986053614099409,0.0,0.0,0.0,1.556739458408954,0.0,1.5879767625530805,0.0,0.0,0.5101683618802404,1.603525340629222,0.0,0.0,0.0,0.18271093642856484,0.0,0.0,0.0,0.0
0.0,0.0,0.0,0.0,0.0,0.0,0.0,0.0,0.0,0.0,0.0,0.0,0.0,0.0,0.0,0.0,0.0,0.0,0.0,0.0,0.0,0.0,0.0,0.0,0.0,0.0,0.0,0.0,0.0,0.0,0.0,0.0,0.0,0.0,0.0,0.0,0.0,0.0,0.0,0.0,0.0,0.0,0.0,0.0,0.0,0.0,0.0,0.0,0.0,0.0,0.0,0.0,0.0,0.0,0.0,0.0,0.0,1.1931385070894123,0.0,0.0,0.0,0.0,0.0,0.0,0.0,0.0,0.0,0.839541839888219,0.0,0.0,0.0,0.0,0.0,0.0,0.0,0.0
0.0,0.0,0.0,0.0,0.0,0.0,0.0,0.0,0.0,0.0,0.0,0.0,0.0,0.0,0.0,0.0,0.0,0.0,0.0,0.0,0.0,0.0,0.0,0.0,0.0,0.0,0.0,0.0,0.0,0.0,0.0,0.0,0.0,0.0,0.0,0.0,0.0,0.0,0.0,0.0,0.0,0.0,0.0,0.0,0.0,0.0,0.0,0.0,0.0,0.0,0.0,0.0,0.0,0.0,0.0,0.0,0.0,0.0,0.0,0.0,0.5847831045144622,1.139082673458728,1.0876088776126416,0.4275415543290596,1.1170696533300586,0.0,0.0,0.0,0.44003239772282876,0.8073595339354664,0.7358431376537466,0.0,1.087117698440497,0.0,0.464099869298624,0.83966953804562
0.0,0.0,0.0,0.0,0.0,0.0,0.0,0.0,0.0,0.0,0.0,0.0,0.0,0.0,0.0,0.0,0.0,0.0,0.0,0.0,0.0,0.0,0.0,0.0,0.0,0.0,0.0,0.0,0.0,0.0,0.0,0.0,0.0,0.0,0.0,0.0,0.0,0.0,0.0,0.0,0.0,0.0,0.0,0.0,0.0,0.0,0.0,0.0,0.0,0.0,0.0,0.0,0.0,0.0,0.0,0.0,0.0,0.0,0.0,0.0,0.0,0.0,0.0,0.0,0.0,0.0,0.0,0.0,0.0,0.0,0.0,0.0,0.0,0.0,0.0,0.0
0.0,0.0,0.0,0.0,0.0,0.0,0.0,0.0,0.0,0.0,0.0,0.0,0.0,0.0,0.0,0.0,0.0,0.0,0.0,0.0,0.0,0.0,0.0,0.0,0.0,0.0,0.0,0.0,0.0,0.0,0.0,0.0,0.0,0.0,0.0,0.0,0.0,0.0,0.0,0.0,0.0,0.0,0.0,0.0,0.0,0.0,0.0,0.0,0.0,0.0,0.0,0.0,0.0,0.0,0.0,0.0,0.0,0.0,0.0,0.0,0.6003544667999242,0.0,0.620004111215538,0.4559023721438179,1.1289145583092153,1.5549371988766774,1.071282745237207,0.8234397952926409,0.0,0.7212123106108767,1.070401822696585,0.8182651472756116,0.0,0.29841006294085737,0.0,0.8386572044697702
0.0,0.0,0.0,0.0,0.0,0.0,0.0,0.0,0.0,0.0,0.0,0.0,0.0,0.0,0.0,0.0,0.0,0.0,0.0,0.0,0.0,0.0,0.0,0.0,0.0,0.0,0.0,0.0,0.0,0.0,0.0,0.0,0.0,0.0,0.0,0.0,0.0,0.0,0.0,0.0,0.0,0.0,0.0,0.0,0.0,0.0,0.0,0.0,0.0,0.0,0.0,0.0,0.0,0.0,0.0,0.0,0.0,0.0,0.0,0.0,0.0,0.25882629201008767,1.6112927777363308,0.0,1.1928693650130047,0.8094424098414406,0.8056220553387365,0.0,1.0517137546710706,0.8441843189339796,0.8829571705252508,1.4829640789088778,0.0,1.2161910989657292,0.0,0.0
0.0,0.0,0.0,0.0,0.0,0.0,0.0,0.0,0.0,0.0,0.0,0.0,0.0,0.0,0.0,0.0,0.0,0.0,0.0,0.0,0.0,0.0,0.0,0.0,0.0,0.0,0.0,0.0,0.0,0.0,0.0,0.0,0.0,0.0,0.0,0.0,0.0,0.0,0.0,0.0,0.0,0.0,0.0,0.0,0.0,0.0,0.0,0.0,0.0,0.0,0.0,0.0,0.0,0.0,0.0,0.0,0.0,0.0,0.0,0.0,0.0,0.0,1.4024786868319716,0.0,0.0,0.0,0.0,0.0,0.0,0.5512143898532882,1.0477845595249624,0.0,0.0,0.0,0.0,0.0
0.0,0.0,0.0,0.0,0.0,0.0,0.0,0.0,0.0,0.0,0.0,0.0,0.0,0.0,0.0,0.0,0.0,0.0,0.0,0.0,0.0,0.0,0.0,0.0,0.0,0.0,0.0,0.0,0.0,0.0,0.0,0.0,0.0,0.0,0.0,0.0,0.0,0.0,0.0,0.0,0.0,0.0,0.0,0.0,0.0,0.0,0.0,0.0,0.0,0.0,0.0,0.0,0.0,0.0,0.0,0.0,0.0,0.0,0.0,0.0,0.0,0.0,0.0,0.0,1.3345016938203562,0.0,1.4075579736697241,0.0,0.7183975050658035,0.9350970348321751,1.1251610288648313,1.0937716123652033,0.43729509597990657,0.7514687201141421,0.0,0.47227278076907464
0.0,0.0,0.0,0.0,0.0,0.0,0.0,0.0,0.0,0.0,0.0,0.0,0.0,0.0,0.0,0.0,0.0,0.0,0.0,0.0,0.0,0.0,0.0,0.0,0.0,0.0,0.0,0.0,0.0,0.0,0.0,0.0,0.0,0.0,0.0,0.0,0.0,0.0,0.0,0.0,0.0,0.0,0.0,0.0,0.0,0.0,0.0,0.0,0.0,0.0,0.0,0.0,0.0,0.0,0.0,0.0,0.0,0.0,0.0,0.0,0.0,0.0,0.0,0.0,0.0,0.0,0.0,1.3762405500129429,0.0,0.0,0.0,0.0,0.0,0.0,0.0,0.0
0.0,0.0,0.0,0.0,0.0,0.0,0.0,0.0,0.0,0.0,0.0,0.0,0.0,0.0,0.0,0.0,0.0,0.0,0.0,0.0,0.0,0.0,0.0,0.0,0.0,0.0,0.0,0.0,0.0,0.0,0.0,0.0,0.0,0.0,0.0,0.0,0.0,0.0,0.0,0.0,0.0,0.0,0.0,0.0,0.0,0.0,0.0,0.0,0.0,0.0,0.0,0.0,0.0,0.0,0.0,0.0,0.0,0.0,0.0,0.0,0.0,0.0,0.0,0.0,0.0,0.6497962165032214,1.0316485881795625,0.0,1.1747840693804739,0.0,0.0,1.0873431151930908,1.296477925629023,1.5586416973861272,0.0,0.8101325454518561
0.0,0.0,0.0,0.0,0.0,0.0,0.0,0.0,0.0,0.0,0.0,0.0,0.0,0.0,0.0,0.0,0.0,0.0,0.0,0.0,0.0,0.0,0.0,0.0,0.0,0.0,0.0,0.0,0.0,0.0,0.0,0.0,0.0,0.0,0.0,0.0,0.0,0.0,0.0,0.0,0.0,0.0,0.0,0.0,0.0,0.0,0.0,0.0,0.0,0.0,0.0,0.0,0.0,0.0,0.0,0.0,0.0,0.0,0.0,0.0,0.0,0.0,0.0,0.0,0.0,0.0,0.7497075021004777,0.6513409812289511,0.0,0.0,0.0,0.31855456588491704,0.0,0.0,0.0,0.9224501422614603
0.0,0.0,0.0,0.0,0.0,0.0,0.0,0.0,0.0,0.0,0.0,0.0,0.0,0.0,0.0,0.0,0.0,0.0,0.0,0.0,0.0,0.0,0.0,0.0,0.0,0.0,0.0,0.0,0.0,0.0,0.0,0.0,0.0,0.0,0.0,0.0,0.0,0.0,0.0,0.0,0.0,0.0,0.0,0.0,0.0,0.0,0.0,0.0,0.0,0.0,0.0,0.0,0.0,0.0,0.0,0.0,0.0,0.0,0.0,0.0,0.0,0.0,0.0,0.0,0.0,0.0,0.0,0.0,1.2565057425821216,0.7619281299958216,1.3848341631494876,1.1992626277923275,1.1446214517098132,0.9751396853757001,0.19100738586051066,0.9911279019910245
0.0,0.0,0.0,0.0,0.0,0.0,0.0,0.0,0.0,0.0,0.0,0.0,0.0,0.0,0.0,0.0,0.0,0.0,0.0,0.0,0.0,0.0,0.0,0.0,0.0,0.0,0.0,0.0,0.0,0.0,0.0,0.0,0.0,0.0,0.0,0.0,0.0,0.0,0.0,0.0,0.0,0.0,0.0,0.0,0.0,0.0,0.0,0.0,0.0,0.0,0.0,0.0,0.0,0.0,0.0,0.0,0.0,0.0,0.0,0.0,0.0,0.0,0.0,0.0,0.0,0.0,0.0,0.0,0.0,0.0,0.0,0.4937666458569319,0.0,0.0,0.0,0.0
0.0,0.0,0.0,0.0,0.0,0.0,0.0,0.0,0.0,0.0,0.0,0.0,0.0,0.0,0.0,0.0,0.0,0.0,0.0,0.0,0.0,0.0,0.0,0.0,0.0,0.0,0.0,0.0,0.0,0.0,0.0,0.0,0.0,0.0,0.0,0.0,0.0,0.0,0.0,0.0,0.0,0.0,0.0,0.0,0.0,0.0,0.0,0.0,0.0,0.0,0.0,0.0,0.0,0.0,0.0,0.0,0.0,0.0,0.0,0.0,0.0,0.0,0.0,0.0,0.0,0.0,0.0,0.0,0.0,0.0,0.9280053611439666,0.0,0.848296069808567,0.0,0.1298559410672337,1.211409051710329
0.0,0.0,0.0,0.0,0.0,0.0,0.0,0.0,0.0,0.0,0.0,0.0,0.0,0.0,0.0,0.0,0.0,0.0,0.0,0.0,0.0,0.0,0.0,0.0,0.0,0.0,0.0,0.0,0.0,0.0,0.0,0.0,0.0,0.0,0.0,0.0,0.0,0.0,0.0,0.0,0.0,0.0,0.0,0.0,0.0,0.0,0.0,0.0,0.0,0.0,0.0,0.0,0.0,0.0,0.0,0.0,0.0,0.0,0.0,0.0,0.0,0.0,0.0,0.0,0.0,0.0,0.0,0.0,0.0,0.0,1.4369875705090032,0.4407207163452083,0.0,0.4840245085308102,0.0,0.33079506526225394
0.0,0.0,0.0,0.0,0.0,0.0,0.0,0.0,0.0,0.0,0.0,0.0,0.0,0.0,0.0,0.0,0.0,0.0,0.0,0.0,0.0,0.0,0.0,0.0,0.0,0.0,0.0,0.0,0.0,0.0,0.0,0.0,0.0,0.0,0.0,0.0,0.0,0.0,0.0,0.0,0.0,0.0,0.0,0.0,0.0,0.0,0.0,0.0,0.0,0.0,0.0,0.0,0.0,0.0,0.0,0.0,0.0,0.0,0.0,0.0,0.0,0.0,0.0,0.0,0.0,0.0,0.0,0.0,0.0,0.0,0.0,1.1942372551625602,0.0,1.2069318673194185,0.0,0.8811197686398815
0.0,0.0,0.0,0.0,0.0,0.0,0.0,0.0,0.0,0.0,0.0,0.0,0.0,0.0,0.0,0.0,0.0,0.0,0.0,0.0,0.0,0.0,0.0,0.0,0.0,0.0,0.0,0.0,0.0,0.0,0.0,0.0,0.0,0.0,0.0,0.0,0.0,0.0,0.0,0.0,0.0,0.0,0.0,0.0,0.0,0.0,0.0,0.0,0.0,0.0,0.0,0.0,0.0,0.0,0.0,0.0,0.0,0.0,0.0,0.0,0.0,0.0,0.0,0.0,0.0,0.0,0.0,0.0,0.0,0.0,0.0,0.0,0.0,1.4082909644817336,0.0,0.0
0.0,0.0,0.0,0.0,0.0,0.0,0.0,0.0,0.0,0.0,0.0,0.0,0.0,0.0,0.0,0.0,0.0,0.0,0.0,0.0,0.0,0.0,0.0,0.0,0.0,0.0,0.0,0.0,0.0,0.0,0.0,0.0,0.0,0.0,0.0,0.0,0.0,0.0,0.0,0.0,0.0,0.0,0.0,0.0,0.0,0.0,0.0,0.0,0.0,0.0,0.0,0.0,0.0,0.0,0.0,0.0,0.0,0.0,0.0,0.0,0.0,0.0,0.0,0.0,0.0,0.0,0.0,0.0,0.0,0.0,0.0,0.0,0.0,0.7492837366231526,0.45259271128931083,1.0434517932492955
0.0,0.0,0.0,0.0,0.0,0.0,0.0,0.0,0.0,0.0,0.0,0.0,0.0,0.0,0.0,0.0,0.0,0.0,0.0,0.0,0.0,0.0,0.0,0.0,0.0,0.0,0.0,0.0,0.0,0.0,0.0,0.0,0.0,0.0,0.0,0.0,0.0,0.0,0.0,0.0,0.0,0.0,0.0,0.0,0.0,0.0,0.0,0.0,0.0,0.0,0.0,0.0,0.0,0.0,0.0,0.0,0.0,0.0,0.0,0.0,0.0,0.0,0.0,0.0,0.0,0.0,0.0,0.0,0.0,0.0,0.0,0.0,0.0,0.0,0.0,0.404894803371783
0.0,0.0,0.0,0.0,0.0,0.0,0.0,0.0,0.0,0.0,0.0,0.0,0.0,0.0,0.0,0.0,0.0,0.0,0.0,0.0,0.0,0.0,0.0,0.0,0.0,0.0,0.0,0.0,0.0,0.0,0.0,0.0,0.0,0.0,0.0,0.0,0.0,0.0,0.0,0.0,0.0,0.0,0.0,0.0,0.0,0.0,0.0,0.0,0.0,0.0,0.0,0.0,0.0,0.0,0.0,0.0,0.0,0.0,0.0,0.0,0.0,0.0,0.0,0.0,0.0,0.0,0.0,0.0,0.0,0.0,0.0,0.0,0.0,0.0,0.0,0.6662432315726603
0.0,0.0,0.0,0.0,0.0,0.0,0.0,0.0,0.0,0.0,0.0,0.0,0.0,0.0,0.0,0.0,0.0,0.0,0.0,0.0,0.0,0.0,0.0,0.0,0.0,0.0,0.0,0.0,0.0,0.0,0.0,0.0,0.0,0.0,0.0,0.0,0.0,0.0,0.0,0.0,0.0,0.0,0.0,0.0,0.0,0.0,0.0,0.0,0.0,0.0,0.0,0.0,0.0,0.0,0.0,0.0,0.0,0.0,0.0,0.0,0.0,0.0,0.0,0.0,0.0,0.0,0.0,0.0,0.0,0.0,0.0,0.0,0.0,0.0,0.0,0.0
