0.0,7.984211582217421,4.7002406485032,3.770855534843142,3.6990715569197086,2.716597637642037,1.8737321111888774,1.2938639594088661,1.3074899708877612,0.9517861337981566,0.8887236397024756,0.7372223216576781,0.7247680245610864,0.5452333551824681,0.5635229498940424,0.49872587446312433,0.5280751365145793,0.5123263430883687,0.47192243765602054,0.4047103545896993,0.3616890368018717,0.3289198273136549,0.2016446392837688,0.1377845174235537,0.13189056043620498,0.0,0.0,0.0,0.0,0.0,0.0,0.0,0.0,0.0,0.0,0.0,0.0,0.0,0.0,0.0,0.0,0.0,0.0,0.0,0.0,0.0,0.0,0.0,0.0,0.0,0.0,0.0,0.0,0.0,0.0,0.0,0.0,0.0,0.0,0.0,0.0,0.0,0.0,0.0,0.0,0.0,0.0,0.0,0.0,0.0,0.0,0.0,0.0,0.0,0.0,0.0
0.0,0.0,7.305563113450332,5.857080031295839,5.478325782813132,4.352550335957764,3.06955017185408,2.365407230698337,2.312016862789571,1.7294180783866229,1.680292444990022,1.470462468069353,1.4419699449414525,1.2153056021955613,1.2165788604959555,1.1193692415434402,1.1117485371566898,1.1555790085533688,1.1267527362147458,1.0893074567558279,0.9842774293354679,0.9688972985089674,0.7710297839178532,0.6538742884613089,0.6557949698431266,0.5822366707044937,0.46651158208317034,0.4170305560509366,0.35298929524528666,0.31993346207598305,0.3000306986101065,0.2681476338680637,0.26714863746335177,0.24948402342466514,0.2466197647429763,0.224866995184747,0.23019260178059497,0.224171362505322,0.21521006585769448,0.18689614481210914,0.20750146240120526,0.20012406761498358,0.17659676030824634,0.15290714661280902,0.19081674675986282,0.2115883236436354,0.17719918638921084,0.15746632578607223,0.134193258913184,0.12003191027099847,0.14771801042066446,0.0,0.10350378680514005,0.0,0.0,0.0,0.0,0.0,0.0,0.0,0.0,0.0,0.0,0.0,0.0,0.0,0.0,0.0,0.0,0.0,0.0,0.0,0.0,0.0,0.0,0.0
0.0,0.0,0.0,4.571202232179067,4.329142768537626,3.271467906204391,2.3165840669864597,1.6159000575465927,1.6293025368966356,1.2451924611311702,1.174273392508001,1.0375934917560798,0.9914339768774845,0.7971469266038403,0.8042123108132154,0.7711993557781132,0.7072133695799354,0.7423952715126596,0.7066475822300156,0.6810835382760811,0.5670046441123706,0.5624058693198932,0.431252082815436,0.3359558969284288,0.34088516719421885,0.28598509633513236,0.20454857384913572,0.1554168329060035,0.0,0.0,0.0,0.0,0.0,0.0,0.0,0.0,0.0,0.0,0.0,0.0,0.0,0.0,0.0,0.0,0.0,0.0,0.0,0.0,0.0,0.0,0.0,0.0,0.0,0.0,0.0,0.0,0.0,0.0,0.0,0.0,0.0,0.0,0.0,0.0,0.0,0.0,0.0,0.0,0.0,0.0,0.0,0.0,0.0,0.0,0.0,0.0
0.0,0.0,0.0,0.0,2.2577722294633236,1.731610729778432,1.1764831057604808,0.777227718475825,0.7828550386931203,0.558463386533467,0.4923887000455923,0.43907931674063194,0.3965119585958279,0.2638372241542989,0.26889915903433736,0.2447707390007063,0.2231150112227768,0.21683908974058438,0.1936793458966308,0.16044047194429226,0.11571986408624776,0.0,0.0,0.0,0.0,0.0,0.0,0.0,0.0,0.0,0.0,0.0,0.0,0.0,0.0,0.0,0.0,0.0,0.0,0.0,0.0,0.0,0.0,0.0,0.0,0.0,0.0,0.0,0.0,0.0,0.0,0.0,0.0,0.0,0.0,0.0,0.0,0.0,0.0,0.0,0.0,0.0,0.0,0.0,0.0,0.0,0.0,0.0,0.0,0.0,0.0,0.0,0.0,0.0,0.0,0.0
0.0,0.0,0.0,0.0,0.0,5.976388625954477,4.369114454243668,3.343474181107398,3.2640906772698917,2.606249391191655,2.4756385812959714,2.3181763201184395,2.1744111932295143,1.8246543954750714,1.8269139192015955,1.7391128868981043,1.767489507372019,1.761679561385014,1.7513010713008073,1.754882614961946,1.586157167863833,1.5568657243576844,1.3030754252817593,1.1970848124729767,1.1670264104389194,1.0220277290630482,0.8859166654397022,0.8447508329530846,0.7410153187814916,0.6694395805499975,0.6856201227952974,0.7125687874052284,0.7057417855205763,0.6472128616628117,0.6082563423575166,0.6584089528324777,0.6104589832131131,0.7092588681040481,0.717149069253871,0.6195779000264392,0.6424271918882518,0.6394019105728124,0.6528763656385713,0.6403755438680585,0.6260463776432512,0.6447647913354035,0.5662967412928204,0.5359205250104282,0.5484159525451533,0.5000656952813471,0.5646473453422738,0.5275947429569607,0.48207928795971955,0.493979040477161,0.42352264252524985,0.39948511690651556,0.4145397111178786,0.32699122830194793,0.292256850465049,0.1981655624448998,0.32610035068918086,0.2641247899015562,0.25414056247358296,0.2744847081698909,0.2345407420590675,0.2695678589953526,0.22526015744343286,0.1723207659904482,0.14948597591716406,0.11728992409057315,0.0,0.0,0.0,0.0,0.0,0.0
0.0,0.0,0.0,0.0,0.0,0.0,6.077984510542576,4.6162798537108465,4.496730299522567,3.565721801398008,3.3856656703603214,3.1324608274093526,3.0545560563403527,2.5589018312280567,2.51599700149224,2.481869848971953,2.465171686759903,2.472170224857585,2.4403555745397347,2.399670075942546,2.2253155036501395,2.187257166479013,1.8611315780038589,1.7135107529054219,1.6797325125368552,1.549678997245032,1.3289959861938085,1.2798072115273307,1.145116014679165,1.1081103665644738,1.1023896099739443,1.1203512730144825,1.0967758862224342,1.0598594730033242,1.042879404828301,1.0387390601847977,1.065843651205539,1.0415692204755973,1.0895046610492736,1.028742504548751,1.0286744238534609,1.0353398708762738,1.0281210368510214,1.0286256030710592,1.0502057524258301,1.0059577832783932,0.9844039794662156,0.9646753962524007,0.994314995128022,0.970908221124277,0.97641427077794,0.9487451300604961,0.9309118452999623,0.9071432685998544,0.8394944136518966,0.823689634104813,0.8083152628251496,0.7707426499757478,0.7281458898849467,0.6945382097205274,0.7200796973055212,0.7340202546384558,0.7118031914635395,0.7068939526656729,0.6808325289940212,0.7166630328509017,0.6606632728326276,0.6257659916382649,0.5560208459547159,0.5404641834830749,0.5055413149396113,0.40865681140696575,0.37535036701861657,0.33089570863241,0.2708767212797698,0.276166654516814
0.0,0.0,0.0,0.0,0.0,0.0,0.0,5.276489465403077,5.266095815640477,4.227266733193678,3.988440840871394,3.749053483606321,3.5947964081473214,3.0239707690413677,2.9521255448880863,2.9880803218490266,2.9530262837174104,2.945257297266479,2.8890125882428817,2.8162604977014207,2.6243187392340044,2.557618719229263,2.187596360300397,2.0424700085711267,1.9816185235555275,1.8502396474699598,1.6020094830271283,1.541381557321472,1.4018536073499197,1.3987167252900228,1.3514623220006532,1.3415641192526953,1.3139123275066398,1.298308022388408,1.3144272091267626,1.3148027003748493,1.2964640478576595,1.3183641645369915,1.2995940378062039,1.2585416544394334,1.259464651740624,1.262400855883888,1.2741626140436961,1.2687082079647634,1.2641257374676962,1.2431349948195647,1.2428237676673715,1.2329929991790851,1.2436886424763647,1.2661420430831014,1.214264248670878,1.2207420835745648,1.1573138624888193,1.1159735146054244,1.1264896259443558,1.0722346983890474,1.0834816343408171,1.045703888127973,1.0163897388878405,0.9778424670651262,1.013955615985172,1.033081883241414,1.0131027649489996,0.9683602189230407,0.962784747118593,0.9600356592038155,0.951289202516223,0.8837561872664331,0.8321154366052809,0.8375260824707612,0.8080963979426223,0.646347664538946,0.6238413566682184,0.5429684369918902,0.5107244089232905,0.5414830256409404
0.0,0.0,0.0,0.0,0.0,0.0,0.0,0.0,0.8907302995287276,0.6093008473508235,0.5685854671721186,0.44293990903686264,0.44386161468981256,0.3353432985463486,0.2995777907194421,0.2700764422876607,0.2708036921382301,0.265020938880247,0.2421917037175093,0.196029623982659,0.13992559735332222,0.12989415566063117,0.0,0.0,0.0,0.0,0.0,0.0,0.0,0.0,0.0,0.0,0.0,0.0,0.0,0.0,0.0,0.0,0.0,0.0,0.0,0.0,0.0,0.0,0.0,0.0,0.0,0.0,0.0,0.0,0.0,0.0,0.0,0.0,0.0,0.0,0.0,0.0,0.0,0.0,0.0,0.0,0.0,0.0,0.0,0.0,0.0,0.0,0.0,0.0,0.0,0.0,0.0,0.0,0.0,0.0
0.0,0.0,0.0,0.0,0.0,0.0,0.0,0.0,0.0,4.886858241104888,4.624656652392355,4.294505685245014,4.138694464890667,3.496730885449062,3.5087876222855092,3.4684492133880176,3.4720539363223235,3.4344077521024676,3.377950548197572,3.3478820384101464,3.0602132864997547,3.063156083397042,2.584377094010237,2.399097543502517,2.3550423874456516,2.2196559452374967,1.9095815297968683,1.8236606975900616,1.6731357971799081,1.6701287493333385,1.5996218438525909,1.5913058261403208,1.5553780531404613,1.5760557867562721,1.5587978311182134,1.5776668724694591,1.584746417144563,1.5732262324244888,1.5723353333341452,1.565419808141195,1.5255906343570977,1.5420011708024346,1.567739497200435,1.5478080820795153,1.5599366908764067,1.5085165732452537,1.552269589946079,1.519436016283572,1.5250709581943607,1.5553512743103097,1.528606896302891,1.5035470196089484,1.4044545944036761,1.456970955921404,1.3886081529650844,1.3515968212611167,1.325638837820489,1.3172053741371545,1.2884767818266574,1.2806047729272207,1.290693609066486,1.3048653227083764,1.2977759161893654,1.2667413986434002,1.2672883610302792,1.231616993463272,1.2406347087210152,1.1673609372435734,1.0921463582929953,1.1341802300542323,1.1006014075961288,0.9313269297969762,0.8865573682158322,0.8288412078242691,0.7904382518537322,0.7714639824795559
0.0,0.0,0.0,0.0,0.0,0.0,0.0,0.0,0.0,0.0,2.4728112678284484,2.264779411816427,2.216395514760891,1.8451531433756756,1.7526372590634083,1.7641144364387238,1.7168763168261538,1.7188433016703555,1.6897155750064523,1.6543490620693,1.495162881414802,1.4683545473132236,1.2328149709850824,1.1156373456045805,1.0814474463631814,0.9894019005831811,0.8237412514495472,0.7893382775231298,0.6892914369829477,0.6688777571664171,0.649373375629718,0.6321757003668941,0.6112714148342118,0.6167653892896491,0.6005976273872702,0.6109058310046765,0.5923398712290564,0.5985572349719779,0.5927209057530283,0.5866530447475274,0.5669991333621305,0.5530365197637455,0.5772685949565187,0.5615576352605937,0.5154541941036956,0.5083280341622183,0.49889184340686576,0.5027853902170434,0.507325566592741,0.528052344238331,0.47456098093218047,0.49489327996477955,0.3694647979618824,0.4086973746245976,0.3880863445441838,0.3590721808607153,0.33228424679900703,0.32325974265449786,0.3053808830102952,0.20176446019026817,0.27331168975229764,0.24783063088835827,0.2771897409179401,0.23539403553465355,0.2129554289590495,0.1808683923960463,0.1746348808248248,0.12542197762221324,0.0,0.0,0.0,0.0,0.0,0.0,0.0,0.0
0.0,0.0,0.0,0.0,0.0,0.0,0.0,0.0,0.0,0.0,0.0,2.8544862719323976,2.761751445364756,2.369853257755595,2.3169364370454506,2.2803593170049696,2.245296587951578,2.2691329357707986,2.2230845555275867,2.185935842046583,1.9809138985025063,1.9703519097430275,1.639999800649877,1.4816921425296719,1.474230500048849,1.3584347100956866,1.1687624422406049,1.109409318388133,0.9859441638245339,1.0050965336490822,0.9350156565145695,0.9143517178973858,0.9080626152725889,0.8944855099182426,0.9006475484504142,0.9150554211996179,0.8716350704758363,0.8729548427908098,0.8548798661999468,0.8720889073965851,0.8637853151569569,0.8492095235314964,0.8607189727074614,0.8440698695441188,0.8493806877926258,0.8364891173981414,0.8388803178430584,0.8340875461804034,0.8266007618219661,0.8326281668305633,0.8184292313754987,0.778548007163939,0.7021604675222188,0.7312303707343224,0.6885556611916466,0.6679201294756171,0.6215081830556921,0.6299872598588403,0.6089189780244337,0.5372339744978838,0.5892741108731838,0.5678902619259201,0.5983334063360516,0.5636545551058711,0.5709275712784598,0.496969438935193,0.531537868389943,0.4557032619358693,0.39177802767176056,0.42018265552609396,0.37015329705940797,0.29223357302013997,0.25972839081556875,0.1878507966425732,0.19924470291947438,0.17856673185437166
0.0,0.0,0.0,0.0,0.0,0.0,0.0,0.0,0.0,0.0,0.0,0.0,1.7686429822958027,1.3908765267825736,1.4053016544103953,1.4135086378502484,1.374431196406856,1.3420830316293935,1.310471618208393,1.2821710740158467,1.1460819348854132,1.1049854822399539,0.9124315163047515,0.8247815146089997,0.779714685198991,0.7330051387875645,0.5973192343640223,0.5390041829553367,0.46731951679907086,0.4200061179238611,0.44103452600777016,0.4093712326466402,0.384480777688264,0.4176837199845453,0.3943585248375488,0.3863541647176285,0.3904184684541961,0.37763122105724845,0.3715806321820598,0.3879265443015274,0.35529177755339525,0.33387653585265487,0.34118729997868585,0.35772553451410205,0.28362329019869403,0.25888960341932477,0.2772706664267673,0.28818483930741445,0.29502878022210177,0.30263399016121745,0.23711939941823312,0.26301222046698425,0.15349936915995463,0.16856819434362602,0.18148278535797108,0.1183629737623621,0.11572174444431885,0.11311633375159882,0.0,0.0,0.0,0.0,0.0,0.0,0.0,0.0,0.0,0.0,0.0,0.0,0.0,0.0,0.0,0.0,0.0,0.0
0.0,0.0,0.0,0.0,0.0,0.0,0.0,0.0,0.0,0.0,0.0,0.0,0.0,4.422022723287656,4.393645029920763,4.372797363459117,4.372336870936635,4.331123624292126,4.2829267640382005,4.224896796520888,3.9605489594663617,3.8574978909407047,3.3301925813180784,3.1244389469664915,3.0645566801458326,2.848170787198927,2.489994781264069,2.40757280085326,2.217756527303086,2.1691819564776433,2.1354494988240087,2.218992325775068,2.130428899122379,2.1126329908886943,2.1086698722155934,2.144670909723462,2.1497269758617334,2.161216826873969,2.189585385478415,2.1105691234359307,2.092560549073651,2.1191572026586423,2.1505994590232045,2.173305050512439,2.117864454726974,2.0607247702627163,2.093554871012916,2.0601105001941304,2.0845519713702605,2.101987568311001,2.0752248040305967,2.077376654976737,1.9672645932498378,1.9864126279376404,1.9539671313324443,1.889857038950489,1.9248044605916037,1.859113996296183,1.822876930265893,1.7356099471642963,1.8364645773321728,1.8554726129732608,1.8312135292174778,1.825589235988345,1.7935938647165883,1.823486042706138,1.815079246591359,1.7360305797249866,1.6764026429429217,1.6807380182000942,1.629187221807463,1.4011839270881874,1.3665816764337793,1.2785453412372951,1.23616416778644,1.2540558728339888
0.0,0.0,0.0,0.0,0.0,0.0,0.0,0.0,0.0,0.0,0.0,0.0,0.0,0.0,0.9187812946520123,0.8641721247803253,0.8817770120000645,0.8798622577953639,0.8619753761092721,0.8084979226147485,0.7068614968159268,0.6990490638288218,0.5477399006512004,0.4609705822647755,0.4562085590974431,0.3643788893926642,0.280102521673981,0.25670039703810704,0.18596401338983398,0.17072750794903013,0.14455666150333296,0.13690241760381583,0.11741342899334148,0.0,0.0,0.0,0.0,0.0,0.0,0.0,0.0,0.0,0.0,0.0,0.0,0.0,0.0,0.0,0.0,0.0,0.0,0.0,0.0,0.0,0.0,0.0,0.0,0.0,0.0,0.0,0.0,0.0,0.0,0.0,0.0,0.0,0.0,0.0,0.0,0.0,0.0,0.0,0.0,0.0,0.0,0.0
0.0,0.0,0.0,0.0,0.0,0.0,0.0,0.0,0.0,0.0,0.0,0.0,0.0,0.0,0.0,0.851984412330208,0.8353042370405126,0.8647892930873855,0.8510860289405173,0.818850800368504,0.7280521556912715,0.7072439218457918,0.5359307894777383,0.46397457323789526,0.42472330042991946,0.39112760104942856,0.2841877648367106,0.23434431362756464,0.18485114549974163,0.1319787221828017,0.13680818155425511,0.0,0.11184835221322727,0.10076001507103667,0.0,0.0,0.0,0.0,0.0,0.0,0.0,0.0,0.0,0.0,0.0,0.0,0.0,0.0,0.0,0.0,0.0,0.0,0.0,0.0,0.0,0.0,0.0,0.0,0.0,0.0,0.0,0.0,0.0,0.0,0.0,0.0,0.0,0.0,0.0,0.0,0.0,0.0,0.0,0.0,0.0,0.0
0.0,0.0,0.0,0.0,0.0,0.0,0.0,0.0,0.0,0.0,0.0,0.0,0.0,0.0,0.0,0.0,0.6531106533986006,0.6181049881900602,0.6132157063706873,0.5950713371950476,0.5049483903000435,0.48205246453087436,0.37903401325606334,0.31079826646401254,0.2899257292754396,0.2212056975442272,0.15524097832031408,0.11457266360934407,0.0,0.0,0.0,0.0,0.0,0.0,0.0,0.0,0.0,0.0,0.0,0.0,0.0,0.0,0.0,0.0,0.0,0.0,0.0,0.0,0.0,0.0,0.0,0.0,0.0,0.0,0.0,0.0,0.0,0.0,0.0,0.0,0.0,0.0,0.0,0.0,0.0,0.0,0.0,0.0,0.0,0.0,0.0,0.0,0.0,0.0,0.0,0.0
0.0,0.0,0.0,0.0,0.0,0.0,0.0,0.0,0.0,0.0,0.0,0.0,0.0,0.0,0.0,0.0,0.0,0.3400058501156653,0.3178572894017293,0.2977846209523599,0.23474254826968022,0.21834206186423089,0.1320870870833838,0.0,0.0,0.0,0.0,0.0,0.0,0.0,0.0,0.0,0.0,0.0,0.0,0.0,0.0,0.0,0.0,0.0,0.0,0.0,0.0,0.0,0.0,0.0,0.0,0.0,0.0,0.0,0.0,0.0,0.0,0.0,0.0,0.0,0.0,0.0,0.0,0.0,0.0,0.0,0.0,0.0,0.0,0.0,0.0,0.0,0.0,0.0,0.0,0.0,0.0,0.0,0.0,0.0
0.0,0.0,0.0,0.0,0.0,0.0,0.0,0.0,0.0,0.0,0.0,0.0,0.0,0.0,0.0,0.0,0.0,0.0,1.234808902261037,1.1861976195781332,1.0720041957511597,1.0417474283334256,0.8539563471914549,0.7508332843876795,0.7216961124889261,0.6438227502747957,0.5280052500578256,0.4813783983347851,0.3997582817796813,0.37843959504147134,0.35579959025941454,0.3108446603915067,0.3267963892883258,0.3127279458423463,0.3048313454064002,0.3133601000410964,0.2830318112512306,0.28747315347432545,0.27243465186706806,0.2706918576781895,0.27343869629977824,0.25714513892885116,0.254108912685563,0.2290998484875275,0.2477936248840743,0.2561772469587601,0.23562630728752793,0.21499506021737097,0.19023581432990466,0.19395938441182342,0.18582976871490225,0.15170817539688095,0.12138730801572582,0.11739438349619237,0.0,0.0,0.0,0.0,0.0,0.0,0.0,0.0,0.0,0.0,0.0,0.0,0.0,0.0,0.0,0.0,0.0,0.0,0.0,0.0,0.0,0.0
0.0,0.0,0.0,0.0,0.0,0.0,0.0,0.0,0.0,0.0,0.0,0.0,0.0,0.0,0.0,0.0,0.0,0.0,0.0,1.1498550454103509,1.0181551373627153,1.0059730754669443,0.8085112660391013,0.6906662040109615,0.6812888802339032,0.6171574336632295,0.5019912810635531,0.4489329350429222,0.3728813445804702,0.3448150169697083,0.3370065710786685,0.2962919999058141,0.306068439606345,0.3020621761175245,0.3044302518769638,0.2932843638823096,0.2663026801029172,0.25065202430934713,0.24786381434037913,0.2636653797547388,0.2577631404899174,0.23645490368865943,0.22828420569166136,0.22800174522748767,0.21671754171108384,0.21021300960917458,0.21709073290444997,0.20193459481341225,0.20140024656375072,0.19620658478649228,0.17658773148918383,0.1366852023660604,0.0,0.10425042093048895,0.0,0.0,0.0,0.0,0.0,0.0,0.0,0.0,0.0,0.0,0.0,0.0,0.0,0.0,0.0,0.0,0.0,0.0,0.0,0.0,0.0,0.0
0.0,0.0,0.0,0.0,0.0,0.0,0.0,0.0,0.0,0.0,0.0,0.0,0.0,0.0,0.0,0.0,0.0,0.0,0.0,0.0,2.3016638589815104,2.2916211496952887,1.9573135962380332,1.7602951794607193,1.7683142849615225,1.7036006624045277,1.456384678490891,1.3610491988793614,1.260444631723514,1.2342338080199826,1.2181763037565534,1.128707646136471,1.1057358243281892,1.2031236805410916,1.224694218969229,1.1775248068526403,1.1887080945082915,1.091740024496596,1.0691669767649148,1.1629446951781945,1.1241463144859423,1.0973124678824753,1.1196324495342154,1.1124471574543489,1.0927613963957972,1.0269332674322253,1.1643869678470575,1.1731126382253154,1.1518194321153379,1.16794265823403,1.0986944035379884,1.0721190557407176,0.9905410902675327,1.0296326040020463,1.0103218929203623,0.9852500286013622,0.9130638892578755,0.9775457939136311,0.9378867377766109,0.9927899627904575,0.9039664283487354,0.9116109521909266,0.9226407629517286,0.9224930298719483,0.9528569941142488,0.802906207155543,0.879151834783176,0.8204051856068972,0.7199611300339386,0.7769997638074897,0.7833371501507067,0.6562218480320348,0.6106597021509447,0.5389419715179979,0.5533295635025026,0.5638720049606406
0.0,0.0,0.0,0.0,0.0,0.0,0.0,0.0,0.0,0.0,0.0,0.0,0.0,0.0,0.0,0.0,0.0,0.0,0.0,0.0,0.0,0.928168648352475,0.7289607800035488,0.657193931380633,0.6206877078131485,0.5823808784662452,0.44673358233160143,0.41471057690851393,0.3485845274788662,0.34792732504596047,0.29906028817061686,0.2735196071873582,0.27163541340410224,0.2552706943525993,0.2566538165409789,0.2529316729282693,0.2626769117304448,0.22566149360455967,0.20084567329876352,0.20903065126738374,0.19282429313851124,0.18201435243474617,0.18276586322371674,0.1736414216659114,0.16257206675757035,0.20506677033041282,0.16840339949205718,0.17230104161263948,0.1678403700553071,0.16551547701071545,0.13040961788884758,0.0,0.12421343941918021,0.0,0.0,0.0,0.0,0.0,0.0,0.0,0.0,0.0,0.0,0.0,0.0,0.0,0.0,0.0,0.0,0.0,0.0,0.0,0.0,0.0,0.0,0.0
0.0,0.0,0.0,0.0,0.0,0.0,0.0,0.0,0.0,0.0,0.0,0.0,0.0,0.0,0.0,0.0,0.0,0.0,0.0,0.0,0.0,0.0,3.559219549334195,3.260098178272078,3.266905272632316,3.1426238407211473,2.7469937471723984,2.6283582778982484,2.4542046132757145,2.474038662160916,2.3792058478311136,2.256503827045499,2.2471438378053628,2.31452995831103,2.354883949020093,2.340347422205591,2.3735662005008957,2.2302054910384226,2.191079110153309,2.2978099234312293,2.265917169395,2.254867574665968,2.285133883659967,2.241926954703871,2.280182135056271,2.290586099419796,2.3746848861735,2.374206731468833,2.362735103443094,2.396897781232055,2.3210551121038097,2.2472652564410844,2.2594674767953657,2.23303139349252,2.1679644343704894,2.1776075065374556,2.077437361882686,2.1498920007172755,2.1040914722446216,2.219995294967149,2.1025622044582524,2.139980689597878,2.1594555749115365,2.1050398057492488,2.1594377342889413,2.0421642794403425,2.1155462122097592,2.0114123845673495,1.9000941661893198,1.963949680505523,1.9774702306745828,1.7542313215020473,1.7180274759147565,1.6128082209189587,1.6342874198841362,1.643035807169855
0.0,0.0,0.0,0.0,0.0,0.0,0.0,0.0,0.0,0.0,0.0,0.0,0.0,0.0,0.0,0.0,0.0,0.0,0.0,0.0,0.0,0.0,0.0,2.63986539236398,2.6310735679826376,2.5144317071550155,2.200144515416862,2.0926767587030115,1.936378330857738,1.908536608907762,1.9051297230314568,1.816106947605896,1.815007533451908,1.8665151180574844,1.9061312550644194,1.8365904499137145,1.848273456275334,1.7775122140450035,1.7641087232325927,1.8253033264479226,1.8078789912398392,1.793036465144259,1.7732615948435975,1.7493015943402248,1.7718334068140695,1.735285318883137,1.8255491871095018,1.8377515097980783,1.7924750644164422,1.8286040217395376,1.7838787442227524,1.739384893303772,1.6941797168348591,1.692091097273089,1.6229231706412839,1.6282354428058268,1.5637442646248907,1.6085857571534763,1.5736209926437108,1.6267457007820922,1.5174679082719507,1.5585072215712217,1.555418954731285,1.5642888072667473,1.5813690385113162,1.4942171797592632,1.5371719752766233,1.4653423243516737,1.3761649229526056,1.399630268051233,1.3973577384318392,1.2178477137018602,1.1686817362698916,1.0967797441153837,1.0990495024840317,1.1280785641660374
0.0,0.0,0.0,0.0,0.0,0.0,0.0,0.0,0.0,0.0,0.0,0.0,0.0,0.0,0.0,0.0,0.0,0.0,0.0,0.0,0.0,0.0,0.0,0.0,0.7089772431133358,0.6595548528765923,0.527720274102501,0.475016118206265,0.41545513887674224,0.3804514994702645,0.37076784520638284,0.3668449081223935,0.3400393529538502,0.3311507589387412,0.34209909324624704,0.3235286174484293,0.3340464378375201,0.28382229893188826,0.30742074000578773,0.31511507563263236,0.27452929372796614,0.2706845468082057,0.2631179256777989,0.2654746823638078,0.24435537294773635,0.24659499446020866,0.2403200829094831,0.23021829348114703,0.23378176290999358,0.2287395432249778,0.1895933486816312,0.17715271986048675,0.17719189355370651,0.12517698611458833,0.10338612583822299,0.0,0.0,0.0,0.0,0.0,0.0,0.0,0.0,0.0,0.0,0.0,0.0,0.0,0.0,0.0,0.0,0.0,0.0,0.0,0.0,0.0
0.0,0.0,0.0,0.0,0.0,0.0,0.0,0.0,0.0,0.0,0.0,0.0,0.0,0.0,0.0,0.0,0.0,0.0,0.0,0.0,0.0,0.0,0.0,0.0,0.0,2.218022402420835,1.9412905447187858,1.8612186392752967,1.7036686594365706,1.6996698062683,1.671727952641628,1.5929355582576563,1.5725236136407639,1.6079857722474924,1.646795357819539,1.5889791982005037,1.6012511299505134,1.5462283594496973,1.5373724469342802,1.5657925637678354,1.5657453632632405,1.5441559003542138,1.5508147710483269,1.5070527505275573,1.5561044748136634,1.5443645495325335,1.5914877226927255,1.5895724883923756,1.5399876501482768,1.5735375713211825,1.543314043855717,1.5055623886179483,1.4316474388508438,1.4596965438965648,1.3869757725793113,1.401769090626384,1.337106433700707,1.370197240401445,1.3374757460197184,1.3420925512593764,1.3099216359412091,1.306567541330666,1.3279690978261596,1.324626324586688,1.3373543197464404,1.258632956964723,1.2988801182568714,1.2173857303038593,1.125059772833081,1.1529177977856735,1.142457037931052,0.995876163253554,0.9518217465065792,0.8727609937466442,0.9139592449197738,0.9007885682414151
0.0,0.0,0.0,0.0,0.0,0.0,0.0,0.0,0.0,0.0,0.0,0.0,0.0,0.0,0.0,0.0,0.0,0.0,0.0,0.0,0.0,0.0,0.0,0.0,0.0,0.0,4.431475652298932,4.23836035188654,3.928743510327603,3.71596856086772,3.840608437494165,3.8543864199393125,3.9366410340521663,3.821914634360762,3.722869871350153,3.812447843136755,3.8130118360640113,3.9686851682796798,3.9871548811250612,3.8712482360466627,3.9045065008561317,3.9207999226330372,3.897846576083713,3.9470015393134332,3.9429329228182706,4.016313182184836,3.8544510137280645,3.857649956269026,3.866027307122963,3.773642473526398,3.963800019629181,3.872440009971373,3.866821017414672,3.863340903119796,3.584934562047547,3.626872655055271,3.7012363388499168,3.553855898920938,3.454108837168777,3.538879141732954,3.549587457641836,3.4999495969734293,3.486423664097596,3.60159297027237,3.555220778557114,3.7931873328267374,3.6295530469232054,3.5993218295037077,3.5157191349144803,3.4186197458142367,3.390478429314811,3.066114261419936,2.9649024785279554,2.9594696357644628,2.8131517191140505,2.7582705215055388
0.0,0.0,0.0,0.0,0.0,0.0,0.0,0.0,0.0,0.0,0.0,0.0,0.0,0.0,0.0,0.0,0.0,0.0,0.0,0.0,0.0,0.0,0.0,0.0,0.0,0.0,0.0,2.22654600848513,2.029011896390241,1.8574368884216108,2.017543893860921,1.9637589245235811,2.0144170406370945,2.045496229325149,2.0030950070258546,1.9456848127381021,1.920055223847842,1.998360085524346,1.9961203698100445,2.013132529503486,2.053675102051441,2.0156257448382644,1.9309661895472803,1.9808039627333938,2.0141569155681576,1.9717421656207104,1.9464104997767606,1.9780361363567975,1.9511703891972298,1.8987149577266424,1.9503314310440945,1.8979306062953114,1.8257327025542782,1.8893492966944838,1.726086294349264,1.7477716139741823,1.7341023157164925,1.6749686422442263,1.6183037085003278,1.6386199265808088,1.6121072087593094,1.5772611146677509,1.5733473570946732,1.6942656497180053,1.656709164229059,1.6801026737914067,1.6334659385292007,1.6075422346363635,1.5123942869407672,1.4833184485723159,1.4448424421993136,1.307019410673012,1.2177676174209573,1.191226342080401,1.123010884143473,1.1302285289195129
0.0,0.0,0.0,0.0,0.0,0.0,0.0,0.0,0.0,0.0,0.0,0.0,0.0,0.0,0.0,0.0,0.0,0.0,0.0,0.0,0.0,0.0,0.0,0.0,0.0,0.0,0.0,0.0,3.020679137326879,2.9696193518559046,2.984769565149433,3.0182892453166064,2.9910022002132504,2.9508079926457365,2.926038690976323,2.9801460582650448,2.915205624959088,2.993263957896944,2.996389521085751,2.9323822939724753,2.9702666211293485,2.978929137844829,2.9741613741353268,2.9629395159538343,2.9660428061886046,3.0614589868290407,2.972701378077007,2.9454122201395974,2.9505169690172606,2.9804816145074904,2.9660921965516884,2.9346061131504575,2.9035785957360547,2.8770006179046512,2.7720265519486142,2.8005814494869252,2.784711324428754,2.722726652316445,2.683000986556018,2.5299091418466935,2.7083305508476787,2.717974911269553,2.7088198740088005,2.7323601852106405,2.6913821449863873,2.7719107439193627,2.7376172744803036,2.6362455784249232,2.5811318134037293,2.560710625703707,2.4874378145167078,2.242903815291447,2.213605027491322,2.0986029433206417,2.0633943995387725,2.09364322578328
0.0,0.0,0.0,0.0,0.0,0.0,0.0,0.0,0.0,0.0,0.0,0.0,0.0,0.0,0.0,0.0,0.0,0.0,0.0,0.0,0.0,0.0,0.0,0.0,0.0,0.0,0.0,0.0,0.0,1.7391975214026083,1.8626078252933156,1.9211601728005507,1.9474032249669952,1.8661766656408307,1.821079176649469,1.8402206504117244,1.848674036945499,1.8945647303820268,1.9500148609857884,1.8506765196685042,1.8895167077865196,1.8968928822623594,1.8710270957439796,1.8866362209690484,1.885646069382232,1.9418515950482318,1.7878890816053734,1.7890758295242397,1.8145053105848632,1.7366755221902568,1.8288518580070918,1.7681891168214254,1.7922599490429223,1.758086046964236,1.5811671285906415,1.6204355469470293,1.6420547552913414,1.510863192887332,1.4770011461859776,1.4227306322012299,1.5010771534016207,1.4325322562991252,1.4260374582709283,1.5202208718518047,1.4562742569178067,1.5946007453548146,1.4720875364505386,1.4388118405376167,1.3990626794825736,1.3061112023183412,1.2612099937580836,1.1058904368210876,1.0479093709154215,1.0192082166944632,0.8951848706267264,0.89868874774168
0.1308198769372491,0.0,0.0,0.0,0.0,0.0,0.0,0.0,0.0,0.0,0.0,0.0,0.0,0.0,0.0,0.0,0.0,0.0,0.0,0.0,0.0,0.0,0.0,0.0,0.0,0.0,0.0,0.0,0.0,0.0,0.0,0.0,0.0,0.0,0.0,0.0,0.0,0.0,0.0,0.0,0.0,0.0,0.0,0.0,0.0,0.0,0.0,0.0,0.0,0.0,0.0,0.0,0.0,0.0,0.0,0.0,0.0,0.0,0.0,0.0,0.0,0.0,0.0,0.0,0.0,0.0,0.0,0.0,0.0,0.0,0.0,0.0,0.0,0.0,0.0,0.0
0.0,0.0,0.0,0.0,0.0,0.0,0.0,0.0,0.0,0.0,0.0,0.0,0.0,0.0,0.0,0.0,0.0,0.0,0.0,0.0,0.0,0.0,0.0,0.0,0.0,0.0,0.0,0.0,0.0,0.0,0.0,1.1709282646359522,1.1884124587556357,1.1424730917742751,1.1583001418726053,1.136769151178711,1.1038144203511546,1.161922288641997,1.1750648210001615,1.1228106259493118,1.1946386966799278,1.1515058997964003,1.1115158449581135,1.1170179139099512,1.0897035665568415,1.1289730719521414,1.0755006228557653,1.0848204167399418,1.0633640904020787,1.0288480507944353,1.0468318021278689,1.0233558946140353,0.9861783296625983,0.9885117816880886,0.8802480803991559,0.8935943965055894,0.8879385917544556,0.7963498006962342,0.7634814900162114,0.6889157626796827,0.7588622577018099,0.7197447854459773,0.7069034954225846,0.7902779405037926,0.7218520726465947,0.7711491508802737,0.7139213091075062,0.6853661810550504,0.616942497583242,0.5594544262696913,0.4952234432545599,0.4429751359281964,0.37466504711359194,0.3331113348934568,0.2711038920427631,0.26628912277635447
0.0,0.0,0.0,0.0,0.0,0.0,0.0,0.0,0.0,0.0,0.0,0.0,0.0,0.0,0.0,0.0,0.0,0.0,0.0,0.0,0.0,0.0,0.0,0.0,0.0,0.0,0.0,0.0,0.0,0.0,0.0,0.0,0.13647386987719584,0.0,0.0,0.0,0.0,0.0,0.11529899058556925,0.0,0.0,0.0,0.0,0.0,0.0,0.0,0.0,0.0,0.0,0.0,0.0,0.0,0.0,0.0,0.0,0.0,0.0,0.0,0.0,0.0,0.0,0.0,0.0,0.0,0.0,0.0,0.0,0.0,0.0,0.0,0.0,0.0,0.0,0.0,0.0,0.0
0.0,0.0,0.0,0.0,0.0,0.0,0.0,0.0,0.0,0.0,0.0,0.0,0.0,0.0,0.0,0.0,0.0,0.0,0.0,0.0,0.0,0.0,0.0,0.0,0.0,0.0,0.0,0.0,0.0,0.0,0.0,0.0,0.0,0.0,0.0,0.0,0.0,0.0,0.0,0.0,0.0,0.0,0.0,0.0,0.0,0.0,0.0,0.0,0.0,0.0,0.0,0.0,0.0,0.0,0.0,0.0,0.0,0.0,0.0,0.0,0.0,0.0,0.0,0.0,0.0,0.0,0.0,0.0,0.0,0.0,0.0,0.0,0.0,0.0,0.0,0.0
0.0,0.0,0.0,0.0,0.0,0.0,0.0,0.0,0.0,0.0,0.0,0.0,0.0,0.0,0.0,0.0,0.0,0.0,0.0,0.0,0.0,0.0,0.0,0.0,0.0,0.0,0.0,0.0,0.0,0.0,0.0,0.0,0.0,0.0,0.16992215029903796,0.16019532190439023,0.14534250529195275,0.17854671685674856,0.1741438664994761,0.14131375750738995,0.16942886672124063,0.13915253691692797,0.1214151867227074,0.1307532219815578,0.0,0.0,0.0,0.0,0.0,0.0,0.0,0.0,0.0,0.0,0.0,0.0,0.0,0.0,0.0,0.0,0.0,0.0,0.0,0.0,0.0,0.0,0.0,0.0,0.0,0.0,0.0,0.0,0.0,0.0,0.0,0.0
0.0,0.0,0.0,0.0,0.0,0.0,0.0,0.0,0.0,0.0,0.0,0.0,0.0,0.0,0.0,0.0,0.0,0.0,0.0,0.0,0.0,0.0,0.0,0.0,0.0,0.0,0.0,0.0,0.0,0.0,0.0,0.0,0.0,0.0,0.0,0.0,0.0,0.0,0.0,0.0,0.0,0.0,0.0,0.0,0.0,0.0,0.0,0.0,0.0,0.0,0.0,0.0,0.0,0.0,0.0,0.0,0.0,0.0,0.0,0.0,0.0,0.0,0.0,0.0,0.0,0.0,0.0,0.0,0.0,0.0,0.0,0.0,0.0,0.0,0.0,0.0
0.0,0.0,0.0,0.0,0.0,0.0,0.0,0.0,0.0,0.0,0.0,0.0,0.0,0.0,0.0,0.0,0.0,0.0,0.0,0.0,0.0,0.0,0.0,0.0,0.0,0.0,0.0,0.0,0.0,0.0,0.0,0.0,0.0,0.0,0.0,0.0,0.15283354451584763,0.1795535429735135,0.1765121058749003,0.13752126858869756,0.1291420755698785,0.14451563065974632,0.1411215610277241,0.12125471109147273,0.0,0.12114305611549342,0.0,0.0,0.0,0.0,0.0,0.0,0.0,0.0,0.0,0.0,0.0,0.0,0.0,0.0,0.0,0.0,0.0,0.0,0.0,0.0,0.0,0.0,0.0,0.0,0.0,0.0,0.0,0.0,0.0,0.0
0.0,0.0,0.0,0.0,0.0,0.0,0.0,0.0,0.0,0.0,0.0,0.0,0.0,0.0,0.0,0.0,0.0,0.0,0.0,0.0,0.0,0.0,0.0,0.0,0.0,0.0,0.0,0.0,0.0,0.0,0.0,0.0,0.0,0.0,0.0,0.0,0.0,0.0,0.0,0.0,0.0,0.0,0.0,0.0,0.0,0.0,0.0,0.0,0.0,0.0,0.0,0.0,0.0,0.0,0.0,0.0,0.0,0.0,0.0,0.0,0.0,0.0,0.0,0.0,0.0,0.0,0.0,0.0,0.0,0.0,0.0,0.0,0.0,0.0,0.0,0.0
0.0,0.0,0.0,0.0,0.0,0.0,0.0,0.0,0.0,0.0,0.0,0.0,0.0,0.0,0.0,0.0,0.0,0.0,0.0,0.0,0.0,0.0,0.0,0.0,0.0,0.0,0.0,0.0,0.0,0.0,0.0,0.0,0.0,0.0,0.0,0.0,0.0,0.0,0.0,0.0,0.0,0.0,0.0,0.0,0.0,0.0,0.0,0.0,0.0,0.0,0.0,0.0,0.0,0.0,0.0,0.0,0.0,0.0,0.0,0.0,0.0,0.0,0.0,0.0,0.0,0.0,0.0,0.0,0.0,0.0,0.0,0.0,0.0,0.0,0.0,0.0
0.0,0.0,0.0,0.0,0.0,0.0,0.0,0.0,0.0,0.0,0.0,0.0,0.0,0.0,0.0,0.0,0.0,0.0,0.0,0.0,0.0,0.0,0.0,0.0,0.0,0.0,0.0,0.0,0.0,0.0,0.0,0.0,0.0,0.0,0.0,0.0,0.0,0.0,0.0,0.15221725461032648,0.0,0.0,0.0,0.0,0.10458560029863506,0.0,0.0,0.0,0.0,0.10216191618502973,0.0,0.0,0.0,0.0,0.0,0.0,0.0,0.0,0.0,0.0,0.0,0.0,0.0,0.0,0.0,0.0,0.0,0.0,0.0,0.0,0.0,0.0,0.0,0.0,0.0,0.0
0.0,0.0,0.0,0.0,0.0,0.0,0.0,0.0,0.0,0.0,0.0,0.0,0.0,0.0,0.0,0.0,0.0,0.0,0.0,0.0,0.0,0.0,0.0,0.0,0.0,0.0,0.0,0.0,0.0,0.0,0.0,0.0,0.0,0.0,0.0,0.0,0.0,0.0,0.0,0.0,0.0,0.0,0.0,0.0,0.0,0.0,0.0,0.0,0.0,0.0,0.0,0.0,0.0,0.0,0.0,0.0,0.0,0.0,0.0,0.0,0.0,0.0,0.0,0.0,0.0,0.0,0.0,0.0,0.0,0.0,0.0,0.0,0.0,0.0,0.0,0.0
0.0,0.0,0.0,0.0,0.0,0.0,0.0,0.0,0.0,0.0,0.0,0.0,0.0,0.0,0.0,0.0,0.0,0.0,0.0,0.0,0.0,0.0,0.0,0.0,0.0,0.0,0.0,0.0,0.0,0.0,0.0,0.0,0.0,0.0,0.0,0.0,0.0,0.0,0.0,0.0,0.0,0.0,0.0,0.0,0.0,0.0,0.0,0.0,0.0,0.0,0.0,0.0,0.0,0.0,0.0,0.0,0.0,0.0,0.0,0.0,0.0,0.0,0.0,0.0,0.0,0.0,0.0,0.0,0.0,0.0,0.0,0.0,0.0,0.0,0.0,0.0
0.0,0.0,0.0,0.0,0.0,0.0,0.0,0.0,0.0,0.0,0.0,0.0,0.0,0.0,0.0,0.0,0.0,0.0,0.0,0.0,0.0,0.0,0.0,0.0,0.0,0.0,0.0,0.0,0.0,0.0,0.0,0.0,0.0,0.0,0.0,0.0,0.0,0.0,0.0,0.0,0.0,0.0,0.0,0.0,0.0,0.0,0.0,0.0,0.0,0.0,0.0,0.0,0.0,0.0,0.0,0.0,0.0,0.0,0.0,0.0,0.0,0.0,0.0,0.0,0.0,0.0,0.0,0.0,0.0,0.0,0.0,0.0,0.0,0.0,0.0,0.0
0.0,0.0,0.0,0.0,0.0,0.0,0.0,0.0,0.0,0.0,0.0,0.0,0.0,0.0,0.0,0.0,0.0,0.0,0.0,0.0,0.0,0.0,0.0,0.0,0.0,0.0,0.0,0.0,0.0,0.0,0.0,0.0,0.0,0.0,0.0,0.0,0.0,0.0,0.0,0.0,0.0,0.0,0.0,0.0,0.0,0.0,0.0,0.0,0.0,0.0,0.0,0.0,0.0,0.0,0.0,0.0,0.0,0.0,0.0,0.0,0.0,0.0,0.0,0.0,0.0,0.0,0.0,0.0,0.0,0.0,0.0,0.0,0.0,0.0,0.0,0.0
0.0,0.0,0.0,0.0,0.0,0.0,0.0,0.0,0.0,0.0,0.0,0.0,0.0,0.0,0.0,0.0,0.0,0.0,0.0,0.0,0.0,0.0,0.0,0.0,0.0,0.0,0.0,0.0,0.0,0.0,0.0,0.0,0.0,0.0,0.0,0.0,0.0,0.0,0.0,0.0,0.0,0.0,0.0,0.0,0.0,0.0,0.0,0.0,0.0,0.0,0.0,0.0,0.0,0.0,0.0,0.0,0.0,0.0,0.0,0.0,0.0,0.0,0.0,0.0,0.0,0.0,0.0,0.0,0.0,0.0,0.0,0.0,0.0,0.0,0.0,0.0
0.0,0.0,0.0,0.0,0.0,0.0,0.0,0.0,0.0,0.0,0.0,0.0,0.0,0.0,0.0,0.0,0.0,0.0,0.0,0.0,0.0,0.0,0.0,0.0,0.0,0.0,0.0,0.0,0.0,0.0,0.0,0.0,0.0,0.0,0.0,0.0,0.0,0.0,0.0,0.0,0.0,0.0,0.0,0.0,0.0,0.0,0.0,0.0,0.0,0.0,0.0,0.0,0.0,0.0,0.0,0.0,0.0,0.0,0.0,0.0,0.0,0.0,0.0,0.0,0.0,0.0,0.0,0.0,0.0,0.0,0.0,0.0,0.0,0.0,0.0,0.0
0.0,0.0,0.0,0.0,0.0,0.0,0.0,0.0,0.0,0.0,0.0,0.0,0.0,0.0,0.0,0.0,0.0,0.0,0.0,0.0,0.0,0.0,0.0,0.0,0.0,0.0,0.0,0.0,0.0,0.0,0.0,0.0,0.0,0.0,0.0,0.0,0.0,0.0,0.0,0.0,0.0,0.0,0.0,0.0,0.0,0.0,0.0,0.0,0.0,0.0,0.0,0.0,0.0,0.0,0.0,0.0,0.0,0.0,0.0,0.0,0.0,0.0,0.0,0.0,0.0,0.0,0.0,0.0,0.0,0.0,0.0,0.0,0.0,0.0,0.0,0.0
0.0,0.0,0.0,0.0,0.0,0.0,0.0,0.0,0.0,0.0,0.0,0.0,0.0,0.0,0.0,0.0,0.0,0.0,0.0,0.0,0.0,0.0,0.0,0.0,0.0,0.0,0.0,0.0,0.0,0.0,0.0,0.0,0.0,0.0,0.0,0.0,0.0,0.0,0.0,0.0,0.0,0.0,0.0,0.0,0.0,0.0,0.0,0.16292164596619846,0.1508143922893888,0.1173931075078738,0.136985266385649,0.0,0.0,0.0,0.0,0.0,0.0,0.0,0.0,0.0,0.0,0.0,0.0,0.0,0.0,0.0,0.0,0.0,0.0,0.0,0.0,0.0,0.0,0.0,0.0,0.0
0.0,0.0,0.0,0.0,0.0,0.0,0.0,0.0,0.0,0.0,0.0,0.0,0.0,0.0,0.0,0.0,0.0,0.0,0.0,0.0,0.0,0.0,0.0,0.0,0.0,0.0,0.0,0.0,0.0,0.0,0.0,0.0,0.0,0.0,0.0,0.0,0.0,0.0,0.0,0.0,0.0,0.0,0.0,0.0,0.0,0.0,0.0,0.0,0.29499283494736583,0.27654456921734616,0.3205481663638994,0.2799016994004022,0.2222708412518961,0.25670345132121575,0.13824165960977564,0.15662492935601857,0.13106581886084578,0.0,0.0,0.0,0.0,0.0,0.0,0.0,0.0,0.0,0.0,0.0,0.0,0.0,0.0,0.0,0.0,0.0,0.0,0.0
0.0,0.0,0.0,0.0,0.0,0.0,0.0,0.0,0.0,0.0,0.0,0.0,0.0,0.0,0.0,0.0,0.0,0.0,0.0,0.0,0.0,0.0,0.0,0.0,0.0,0.0,0.0,0.0,0.0,0.0,0.0,0.0,0.0,0.0,0.0,0.0,0.0,0.0,0.0,0.0,0.0,0.0,0.0,0.0,0.0,0.0,0.0,0.0,0.0,0.0,0.0,0.0,0.0,0.0,0.0,0.0,0.0,0.0,0.0,0.0,0.0,0.0,0.0,0.0,0.0,0.0,0.0,0.0,0.0,0.0,0.0,0.0,0.0,0.0,0.0,0.0
0.0,0.0,0.0,0.0,0.0,0.0,0.0,0.0,0.0,0.0,0.0,0.0,0.0,0.0,0.0,0.0,0.0,0.0,0.0,0.0,0.0,0.0,0.0,0.0,0.0,0.0,0.0,0.0,0.0,0.0,0.0,0.0,0.0,0.0,0.0,0.0,0.0,0.0,0.0,0.0,0.0,0.0,0.0,0.0,0.0,0.0,0.0,0.0,0.0,0.0,0.463732716056652,0.41770981642946436,0.3968641065236258,0.3884459100756774,0.32708571028186995,0.2988718105868342,0.3204555992197149,0.20925060897323114,0.17026330201807968,0.0,0.21637980935037135,0.1384149150952987,0.14848619250496412,0.1517114134043667,0.10286009077910993,0.1598170816034266,0.10083309200957838,0.0,0.0,0.0,0.0,0.0,0.0,0.0,0.0,0.0
0.0,0.0,0.0,0.0,0.0,0.0,0.0,0.0,0.0,0.0,0.0,0.0,0.0,0.0,0.0,0.0,0.0,0.0,0.0,0.0,0.0,0.0,0.0,0.0,0.0,0.0,0.0,0.0,0.0,0.0,0.0,0.0,0.0,0.0,0.0,0.0,0.0,0.0,0.0,0.0,0.0,0.0,0.0,0.0,0.0,0.0,0.0,0.0,0.0,0.0,0.0,1.0266255781788856,1.0219569797331258,0.9975667653235274,0.9427841024148014,0.9497994821388405,0.8809114249999827,0.9106932219324548,0.8561474446793114,0.9319635907710566,0.8651365402903897,0.8856358693239824,0.8844070287523136,0.856848611851155,0.8775717758695699,0.8066603434825874,0.826322518293019,0.7669283378160507,0.6914783509971492,0.709888065242303,0.7134058935972581,0.5834498016859494,0.5538870472169748,0.49993447268291613,0.5093914945791173,0.4819356132650796
0.0,0.0,0.0,0.0,0.0,0.0,0.0,0.0,0.0,0.0,0.0,0.0,0.0,0.0,0.0,0.0,0.0,0.0,0.0,0.0,0.0,0.0,0.0,0.0,0.0,0.0,0.0,0.0,0.0,0.0,0.0,0.0,0.0,0.0,0.0,0.0,0.0,0.0,0.0,0.0,0.0,0.0,0.0,0.0,0.0,0.0,0.0,0.0,0.0,0.0,0.0,0.0,1.1619840511454056,1.1925363909564095,1.2054495464059727,1.143402777385154,1.151000307127716,1.1218372901850475,1.090622167927357,1.0497828391875814,1.0796923385188253,1.090467586697066,1.0975017489519086,1.062822872839249,1.0620733132725682,1.0114981829154341,1.036517190302963,0.9729980628190468,0.9157547912540148,0.9503572055826267,0.915961983159687,0.7563823512055857,0.7148253604386827,0.6516823280159388,0.6229476096031024,0.6523440230226804
0.0,0.0,0.0,0.0,0.0,0.0,0.0,0.0,0.0,0.0,0.0,0.0,0.0,0.0,0.0,0.0,0.0,0.0,0.0,0.0,0.0,0.0,0.0,0.0,0.0,0.0,0.0,0.0,0.0,0.0,0.0,0.0,0.0,0.0,0.0,0.0,0.0,0.0,0.0,0.0,0.0,0.0,0.0,0.0,0.0,0.0,0.0,0.0,0.0,0.0,0.0,0.0,0.0,0.0,0.0,0.0,0.0,0.0,0.0,0.0,0.0,0.0,0.0,0.0,0.0,0.0,0.0,0.0,0.0,0.0,0.0,0.0,0.0,0.0,0.0,0.0
0.0,0.0,0.0,0.0,0.0,0.0,0.0,0.0,0.0,0.0,0.0,0.0,0.0,0.0,0.0,0.0,0.0,0.0,0.0,0.0,0.0,0.0,0.0,0.0,0.0,0.0,0.0,0.0,0.0,0.0,0.0,0.0,0.0,0.0,0.0,0.0,0.0,0.0,0.0,0.0,0.0,0.0,0.0,0.0,0.0,0.0,0.0,0.0,0.0,0.0,0.0,0.0,0.0,0.0,1.5430317649865233,1.5363110614766502,1.450054832327867,1.5252891937434612,1.4957721877425822,1.5844967403414933,1.4993926825704653,1.5131335150697423,1.5284168197375552,1.4887258827856176,1.549148770079313,1.3923584577896164,1.4758362682971324,1.3980361056482296,1.2828574852925774,1.350205474336704,1.3669230409486555,1.1911632900826197,1.1421586052739496,1.0676582344702557,1.1120401103183457,1.1162378295470612
0.0,0.0,0.0,0.0,0.0,0.0,0.0,0.0,0.0,0.0,0.0,0.0,0.0,0.0,0.0,0.0,0.0,0.0,0.0,0.0,0.0,0.0,0.0,0.0,0.0,0.0,0.0,0.0,0.0,0.0,0.0,0.0,0.0,0.0,0.0,0.0,0.0,0.0,0.0,0.0,0.0,0.0,0.0,0.0,0.0,0.0,0.0,0.0,0.0,0.0,0.0,0.0,0.0,0.0,0.0,0.39698765567677247,0.40005098122412036,0.35098221545105296,0.3377707331914728,0.2246012077996125,0.3191334454500698,0.2586517989398566,0.30004618079178963,0.2464944666674797,0.22319634060941457,0.24562196652571971,0.2121756661049043,0.15072172811583578,0.11268011590243404,0.10997561806468298,0.0,0.0,0.0,0.0,0.0,0.0
0.0,0.0,0.0,0.0,0.0,0.0,0.0,0.0,0.0,0.0,0.0,0.0,0.0,0.0,0.0,0.0,0.0,0.0,0.0,0.0,0.0,0.0,0.0,0.0,0.0,0.0,0.0,0.0,0.0,0.0,0.0,0.0,0.0,0.0,0.0,0.0,0.0,0.0,0.0,0.0,0.0,0.0,0.0,0.0,0.0,0.0,0.0,0.0,0.0,0.0,0.0,0.0,0.0,0.0,0.0,0.0,0.9584937082618279,0.943828125767034,0.9157622105738485,0.8602872251124032,0.9200328729336245,0.9047554424697859,0.9215312070100945,0.8990642409009018,0.906225072300558,0.880165047801188,0.8764730544475186,0.8114710013590971,0.7366386986960534,0.7382109535388955,0.6913259319367003,0.6034913921357861,0.5705550767856753,0.502437812556786,0.4925102061372366,0.49237113991428183
0.0,0.0,0.0,0.0,0.0,0.0,0.0,0.0,0.0,0.0,0.0,0.0,0.0,0.0,0.0,0.0,0.0,0.0,0.0,0.0,0.0,0.0,0.0,0.0,0.0,0.0,0.0,0.0,0.0,0.0,0.0,0.0,0.0,0.0,0.0,0.0,0.0,0.0,0.0,0.0,0.0,0.0,0.0,0.0,0.0,0.0,0.0,0.0,0.0,0.0,0.0,0.0,0.0,0.0,0.0,0.0,0.0,0.49839871548965486,0.457713043928636,0.4914853822748413,0.4097038230026302,0.4615540140363209,0.45733750802312456,0.3790479750139145,0.388840881735373,0.4021873996107146,0.35789194771822663,0.32933158683611086,0.26581566506539234,0.26925014660589686,0.267328642441089,0.13590164307521713,0.0,0.0,0.0,0.0
0.0,0.0,0.0,0.0,0.0,0.0,0.0,0.0,0.0,0.0,0.0,0.0,0.0,0.0,0.0,0.0,0.0,0.0,0.0,0.0,0.0,0.0,0.0,0.0,0.0,0.0,0.0,0.0,0.0,0.0,0.0,0.0,0.0,0.0,0.0,0.0,0.0,0.0,0.0,0.0,0.0,0.0,0.0,0.0,0.0,0.0,0.0,0.0,0.0,0.0,0.0,0.0,0.0,0.0,0.0,0.0,0.0,0.0,1.6190717733950657,1.533118339998382,1.6631145292853466,1.6029718937586894,1.6046695743632942,1.6623314499578195,1.6087679680151998,1.7140344114091786,1.6494859428780444,1.579587158541648,1.544944329811982,1.4895203586056938,1.4249473794159955,1.2528545482597062,1.1936152667823743,1.1448422758203918,1.0831255691169406,1.0565461336162436
0.0,0.0,0.0,0.0,0.0,0.0,0.0,0.0,0.0,0.0,0.0,0.0,0.0,0.0,0.0,0.0,0.0,0.0,0.0,0.0,0.0,0.0,0.0,0.0,0.0,0.0,0.0,0.0,0.0,0.0,0.0,0.0,0.0,0.0,0.0,0.0,0.0,0.0,0.0,0.0,0.0,0.0,0.0,0.0,0.0,0.0,0.0,0.0,0.0,0.0,0.0,0.0,0.0,0.0,0.0,0.0,0.0,0.0,0.0,0.0,0.0,0.0,0.0,0.0,0.0,0.0,0.0,0.0,0.0,0.0,0.0,0.0,0.0,0.0,0.0,0.0
0.14007658391817757,0.0,0.0,0.0,0.0,0.0,0.0,0.0,0.0,0.0,0.0,0.0,0.0,0.0,0.0,0.0,0.0,0.0,0.0,0.0,0.0,0.0,0.0,0.0,0.0,0.0,0.0,0.0,0.0,0.0,0.0,0.0,0.0,0.0,0.0,0.0,0.0,0.0,0.0,0.0,0.0,0.0,0.0,0.0,0.0,0.0,0.0,0.0,0.0,0.0,0.0,0.0,0.0,0.0,0.0,0.0,0.0,0.0,0.0,0.0,0.0,0.0,0.0,0.0,0.0,0.0,0.0,0.0,0.0,0.0,0.0,0.0,0.0,0.0,0.0,0.0
0.0,0.0,0.0,0.0,0.0,0.0,0.0,0.0,0.0,0.0,0.0,0.0,0.0,0.0,0.0,0.0,0.0,0.0,0.0,0.0,0.0,0.0,0.0,0.0,0.0,0.0,0.0,0.0,0.0,0.0,0.0,0.0,0.0,0.0,0.0,0.0,0.0,0.0,0.0,0.0,0.0,0.0,0.0,0.0,0.0,0.0,0.0,0.0,0.0,0.0,0.0,0.0,0.0,0.0,0.0,0.0,0.0,0.0,0.0,0.0,0.0,0.0,0.0,0.0,0.0,0.0,0.0,0.0,0.0,0.0,0.0,0.0,0.0,0.0,0.0,0.0
0.0,0.0,0.0,0.0,0.0,0.0,0.0,0.0,0.0,0.0,0.0,0.0,0.0,0.0,0.0,0.0,0.0,0.0,0.0,0.0,0.0,0.0,0.0,0.0,0.0,0.0,0.0,0.0,0.0,0.0,0.0,0.0,0.0,0.0,0.0,0.0,0.0,0.0,0.0,0.0,0.0,0.0,0.0,0.0,0.0,0.0,0.0,0.0,0.0,0.0,0.0,0.0,0.0,0.0,0.0,0.0,0.0,0.0,0.0,0.0,0.0,0.0,0.0,0.0,0.0,0.0,0.0,0.0,0.0,0.0,0.0,0.0,0.0,0.0,0.0,0.0
0.0,0.0,0.0,0.0,0.0,0.0,0.0,0.0,0.0,0.0,0.0,0.0,0.0,0.0,0.0,0.0,0.0,0.0,0.0,0.0,0.0,0.0,0.0,0.0,0.0,0.0,0.0,0.0,0.0,0.0,0.0,0.0,0.0,0.0,0.0,0.0,0.0,0.0,0.0,0.0,0.0,0.0,0.0,0.0,0.0,0.0,0.0,0.0,0.0,0.0,0.0,0.0,0.0,0.0,0.0,0.0,0.0,0.0,0.0,0.0,0.0,0.0,0.0,0.0,0.0,0.0,0.0,0.0,0.0,0.0,0.0,0.0,0.0,0.0,0.0,0.0
0.0,0.0,0.0,0.0,0.0,0.0,0.0,0.0,0.0,0.0,0.0,0.0,0.0,0.0,0.0,0.0,0.0,0.0,0.0,0.0,0.0,0.0,0.0,0.0,0.0,0.0,0.0,0.0,0.0,0.0,0.0,0.0,0.0,0.0,0.0,0.0,0.0,0.0,0.0,0.0,0.0,0.0,0.0,0.0,0.0,0.0,0.0,0.0,0.0,0.0,0.0,0.0,0.0,0.0,0.0,0.0,0.0,0.0,0.0,0.0,0.0,0.0,0.0,0.0,0.0,0.0,0.0,0.0,0.0,0.0,0.0,0.0,0.0,0.0,0.0,0.0
0.0,0.0,0.0,0.0,0.0,0.0,0.0,0.0,0.0,0.0,0.0,0.0,0.0,0.0,0.0,0.0,0.0,0.0,0.0,0.0,0.0,0.0,0.0,0.0,0.0,0.0,0.0,0.0,0.0,0.0,0.0,0.0,0.0,0.0,0.0,0.0,0.0,0.0,0.0,0.0,0.0,0.0,0.0,0.0,0.0,0.0,0.0,0.0,0.0,0.0,0.0,0.0,0.0,0.0,0.0,0.0,0.0,0.0,0.0,0.0,0.0,0.0,0.0,0.0,0.0,0.5446280821235421,0.5210776100392205,0.47661796552536995,0.4109962306208852,0.38612620771605555,0.34087698848946457,0.30319501190897147,0.2397722977648662,0.192176673884925,0.18040128703276215,0.13032864264797384
0.0,0.0,0.0,0.0,0.0,0.0,0.0,0.0,0.0,0.0,0.0,0.0,0.0,0.0,0.0,0.0,0.0,0.0,0.0,0.0,0.0,0.0,0.0,0.0,0.0,0.0,0.0,0.0,0.0,0.0,0.0,0.0,0.0,0.0,0.0,0.0,0.0,0.0,0.0,0.0,0.0,0.0,0.0,0.0,0.0,0.0,0.0,0.0,0.0,0.0,0.0,0.0,0.0,0.0,0.0,0.0,0.0,0.0,0.0,0.0,0.0,0.0,0.0,0.0,0.0,0.0,0.0,0.0,0.0,0.0,0.0,0.0,0.0,0.0,0.0,0.0
0.0,0.0,0.0,0.0,0.0,0.0,0.0,0.0,0.0,0.0,0.0,0.0,0.0,0.0,0.0,0.0,0.0,0.0,0.0,0.0,0.0,0.0,0.0,0.0,0.0,0.0,0.0,0.0,0.0,0.0,0.0,0.0,0.0,0.0,0.0,0.0,0.0,0.0,0.0,0.0,0.0,0.0,0.0,0.0,0.0,0.0,0.0,0.0,0.0,0.0,0.0,0.0,0.0,0.0,0.0,0.0,0.0,0.0,0.0,0.0,0.0,0.0,0.0,0.0,0.0,0.0,0.0,1.790798810714401,1.713363854027122,1.7287022263124294,1.707204073917429,1.5338109670992948,1.5168177835298229,1.402708273529219,1.44408454595624,1.425992839366323
0.0,0.0,0.0,0.0,0.0,0.0,0.0,0.0,0.0,0.0,0.0,0.0,0.0,0.0,0.0,0.0,0.0,0.0,0.0,0.0,0.0,0.0,0.0,0.0,0.0,0.0,0.0,0.0,0.0,0.0,0.0,0.0,0.0,0.0,0.0,0.0,0.0,0.0,0.0,0.0,0.0,0.0,0.0,0.0,0.0,0.0,0.0,0.0,0.0,0.0,0.0,0.0,0.0,0.0,0.0,0.0,0.0,0.0,0.0,0.0,0.0,0.0,0.0,0.0,0.0,0.0,0.0,0.0,1.8166907391295868,1.771742680454047,1.8133107604744243,1.583360629513014,1.540209921172119,1.4774336716657608,1.4295173744542113,1.5198686689990417
0.0,0.0,0.0,0.0,0.0,0.0,0.0,0.0,0.0,0.0,0.0,0.0,0.0,0.0,0.0,0.0,0.0,0.0,0.0,0.0,0.0,0.0,0.0,0.0,0.0,0.0,0.0,0.0,0.0,0.0,0.0,0.0,0.0,0.0,0.0,0.0,0.0,0.0,0.0,0.0,0.0,0.0,0.0,0.0,0.0,0.0,0.0,0.0,0.0,0.0,0.0,0.0,0.0,0.0,0.0,0.0,0.0,0.0,0.0,0.0,0.0,0.0,0.0,0.0,0.0,0.0,0.0,0.0,0.0,0.0,0.0,0.0,0.0,0.0,0.0,0.0
0.0,0.0,0.0,0.0,0.0,0.0,0.0,0.0,0.0,0.0,0.0,0.0,0.0,0.0,0.0,0.0,0.0,0.0,0.0,0.0,0.0,0.0,0.0,0.0,0.0,0.0,0.0,0.0,0.0,0.0,0.0,0.0,0.0,0.0,0.0,0.0,0.0,0.0,0.0,0.0,0.0,0.0,0.0,0.0,0.0,0.0,0.0,0.0,0.0,0.0,0.0,0.0,0.0,0.0,0.0,0.0,0.0,0.0,0.0,0.0,0.0,0.0,0.0,0.0,0.0,0.0,0.0,0.0,0.0,0.0,0.8996828761229448,0.7529962407204539,0.7265787387213626,0.6524070283786864,0.6335388465301973,0.6292309120690652
0.0,0.0,0.0,0.0,0.0,0.0,0.0,0.0,0.0,0.0,0.0,0.0,0.0,0.0,0.0,0.0,0.0,0.0,0.0,0.0,0.0,0.0,0.0,0.0,0.0,0.0,0.0,0.0,0.0,0.0,0.0,0.0,0.0,0.0,0.0,0.0,0.0,0.0,0.0,0.0,0.0,0.0,0.0,0.0,0.0,0.0,0.0,0.0,0.0,0.0,0.0,0.0,0.0,0.0,0.0,0.0,0.0,0.0,0.0,0.0,0.0,0.0,0.0,0.0,0.0,0.0,0.0,0.0,0.0,0.0,0.0,3.9097938346031866,3.8734299998725246,3.829553806559542,3.6520857296543037,3.631893665838581
0.0,0.0,0.0,0.0,0.0,0.0,0.0,0.0,0.0,0.0,0.0,0.0,0.0,0.0,0.0,0.0,0.0,0.0,0.0,0.0,0.0,0.0,0.0,0.0,0.0,0.0,0.0,0.0,0.0,0.0,0.0,0.0,0.0,0.0,0.0,0.0,0.0,0.0,0.0,0.0,0.0,0.0,0.0,0.0,0.0,0.0,0.0,0.0,0.0,0.0,0.0,0.0,0.0,0.0,0.0,0.0,0.0,0.0,0.0,0.0,0.0,0.0,0.0,0.0,0.0,0.0,0.0,0.0,0.0,0.0,0.0,0.0,1.3948698947157234,1.321128807791832,1.3562886041895343,1.316212737279137
0.0,0.0,0.0,0.0,0.0,0.0,0.0,0.0,0.0,0.0,0.0,0.0,0.0,0.0,0.0,0.0,0.0,0.0,0.0,0.0,0.0,0.0,0.0,0.0,0.0,0.0,0.0,0.0,0.0,0.0,0.0,0.0,0.0,0.0,0.0,0.0,0.0,0.0,0.0,0.0,0.0,0.0,0.0,0.0,0.0,0.0,0.0,0.0,0.0,0.0,0.0,0.0,0.0,0.0,0.0,0.0,0.0,0.0,0.0,0.0,0.0,0.0,0.0,0.0,0.0,0.0,0.0,0.0,0.0,0.0,0.0,0.0,0.0,2.0102583484911296,1.9881640352819725,1.9721770084807735
0.0,0.0,0.0,0.0,0.0,0.0,0.0,0.0,0.0,0.0,0.0,0.0,0.0,0.0,0.0,0.0,0.0,0.0,0.0,0.0,0.0,0.0,0.0,0.0,0.0,0.0,0.0,0.0,0.0,0.0,0.0,0.0,0.0,0.0,0.0,0.0,0.0,0.0,0.0,0.0,0.0,0.0,0.0,0.0,0.0,0.0,0.0,0.0,0.0,0.0,0.0,0.0,0.0,0.0,0.0,0.0,0.0,0.0,0.0,0.0,0.0,0.0,0.0,0.0,0.0,0.0,0.0,0.0,0.0,0.0,0.0,0.0,0.0,0.0,1.1525296302489911,1.1506719919834993
0.0,0.0,0.0,0.0,0.0,0.0,0.0,0.0,0.0,0.0,0.0,0.0,0.0,0.0,0.0,0.0,0.0,0.0,0.0,0.0,0.0,0.0,0.0,0.0,0.0,0.0,0.0,0.0,0.0,0.0,0.0,0.0,0.0,0.0,0.0,0.0,0.0,0.0,0.0,0.0,0.0,0.0,0.0,0.0,0.0,0.0,0.0,0.0,0.0,0.0,0.0,0.0,0.0,0.0,0.0,0.0,0.0,0.0,0.0,0.0,0.0,0.0,0.0,0.0,0.0,0.0,0.0,0.0,0.0,0.0,0.0,0.0,0.0,0.0,0.0,0.0
0.0,0.0,0.0,0.0,0.0,0.0,0.0,0.0,0.0,0.0,0.0,0.0,0.0,0.0,0.0,0.0,0.0,0.0,0.0,0.0,0.0,0.0,0.0,0.0,0.0,0.0,0.0,0.0,0.0,0.0,0.0,0.0,0.0,0.0,0.0,0.0,0.0,0.0,0.0,0.0,0.0,0.0,0.0,0.0,0.0,0.0,0.0,0.0,0.0,0.0,0.0,0.0,0.0,0.0,0.0,0.0,0.0,0.0,0.0,0.0,0.0,0.0,0.0,0.0,0.0,0.0,0.0,0.0,0.0,0.0,0.0,0.0,0.0,0.0,0.0,0.0
