0.0,7.336262800964416,4.2345506173868435,4.420264332967669,3.761498882835057,2.7063323630715796,2.2777638176460093,1.9488072160294598,1.7938971919451365,1.422358932675342,1.331188174553331,1.2642416526820177,1.0607768270676294,0.704316456928112,0.6962115169111662,0.5987460928498857,0.7299045083292555,0.7524944357727703,0.5973663799259761,0.7111542705995719,0.4664299609605448,0.4480440983380495,0.33140936306624325,0.17876276064210234,0.21901419516901682,0.13921658158700223,0.0,0.0,0.0,0.0,0.0,0.0,0.0,0.0,0.0,0.0,0.0,0.0,0.0,0.0,0.0,0.0,0.0,0.0,0.0,0.0,0.0,0.0,0.0,0.0,0.0,0.0,0.0,0.0,0.0,0.0,0.0,0.0,0.0,0.0,0.0,0.0,0.0,0.0,0.0,0.0,0.0,0.0,0.0,0.0,0.0,0.0,0.0,0.0,0.0,0.0
0.0,0.0,6.838273481286157,5.33946231095585,5.672274807310412,4.091294268266695,3.421383208225748,3.0115260087897155,2.871064111876167,2.356256614037611,2.2509713647569773,2.0445066003957697,1.9569018203069608,1.4576099512892169,1.4267996310747777,1.3821742571763473,1.4736666722679037,1.4613920560506322,1.3681964889853866,1.4204166300514929,1.2028423019585386,1.2036329391356322,0.9525094959349794,0.7814961640562713,0.806977657379569,0.722114461843989,0.5013683719497377,0.4283845370829592,0.33476015832649303,0.28202121621313997,0.25617330917543885,0.1986084217395413,0.19670480612058056,0.2026530679301023,0.17806360340355454,0.17296736821640624,0.1699887787501977,0.17237221091962296,0.14382483783190358,0.1299574284679187,0.12008405127525046,0.11199134784169407,0.13854168510124998,0.13620435556120736,0.0,0.0,0.13042906603183468,0.10342536849342021,0.0,0.0,0.0,0.0,0.0,0.0,0.0,0.0,0.0,0.0,0.0,0.0,0.0,0.0,0.0,0.0,0.0,0.0,0.0,0.0,0.0,0.0,0.0,0.0,0.0,0.0,0.0,0.0
0.0,0.0,0.0,3.65321059748387,3.9910096601402314,2.8537111175577454,2.3538779518447894,2.0631898092931085,1.9526604623896748,1.5373244621426163,1.4714873452445452,1.3165302592775718,1.3049359105400624,0.9333703718815519,0.8502892818423889,0.8607236645082906,0.8761272257446224,0.9418154023125144,0.8276338723645847,0.868861784388653,0.6929179989604883,0.7223192176837523,0.5240919938157578,0.40000544988735975,0.429876373969327,0.35761427341714175,0.1990640218370047,0.15026580492962668,0.0,0.0,0.0,0.0,0.0,0.0,0.0,0.0,0.0,0.0,0.0,0.0,0.0,0.0,0.0,0.0,0.0,0.0,0.0,0.0,0.0,0.0,0.0,0.0,0.0,0.0,0.0,0.0,0.0,0.0,0.0,0.0,0.0,0.0,0.0,0.0,0.0,0.0,0.0,0.0,0.0,0.0,0.0,0.0,0.0,0.0,0.0,0.0
0.32970948036489434,0.0,0.0,0.0,1.3341958125065907,0.767034625406107,0.7154937118360035,0.47058647050345526,0.5708815353410914,0.4910440198160523,0.44030396807899796,0.36967607487994103,0.3526835145208149,0.3054824333521632,0.32882367397384493,0.24403779679111356,0.167172844605569,0.10956389624937499,0.16682806937251218,0.1011002069623044,0.1590627921077524,0.0,0.0,0.0,0.0,0.0,0.0,0.0,0.0,0.0,0.0,0.0,0.0,0.0,0.0,0.0,0.0,0.0,0.0,0.0,0.0,0.0,0.0,0.0,0.0,0.0,0.0,0.0,0.0,0.0,0.0,0.0,0.0,0.0,0.0,0.0,0.0,0.0,0.0,0.0,0.0,0.0,0.0,0.0,0.0,0.0,0.0,0.0,0.0,0.0,0.0,0.0,0.0,0.0,0.0,0.0
0.0,0.0,0.0,0.0,0.0,5.280009541277094,4.502038998509654,3.7907897490584492,3.7499231458786735,3.238380516178456,3.019080484420576,2.833541171400161,2.7454620243360974,2.1400615430172802,2.1009138161904,2.0741182111783925,2.137382359287369,2.098856253308247,2.03144300641496,2.011155983419152,1.84908935600474,1.8033146053972513,1.510729042121414,1.361111664070008,1.3386313788990574,1.2397315773934658,0.9367058204643296,0.8811510773263905,0.7652563551888741,0.7211040596506226,0.6821059662856201,0.6627073061908393,0.652277725387115,0.6322438300597382,0.6481931651036812,0.62830916034694,0.6354310371048422,0.6423258676826362,0.6339836906989877,0.6139644870476522,0.6134478233403295,0.6083612444243297,0.5968309412548127,0.5783913928594275,0.5728904328265862,0.5909420488576427,0.5497445771402161,0.5491425776294239,0.5551218622943401,0.5637954535385218,0.5130008044414434,0.5136307164095371,0.4706530709540227,0.4579578598688242,0.4683318773393484,0.41841867130303323,0.4094373868937077,0.38762561558608344,0.36045187824140457,0.3361639677385485,0.3254503889601488,0.3743509253811389,0.34036680312992873,0.3122453095799621,0.2842145110996278,0.27896485470535726,0.25825374626738573,0.22369664429804992,0.190600948441369,0.21689104094681633,0.16072976992138877,0.0,0.0,0.0,0.0,0.0
0.26652631728525655,0.0,0.0,0.0,0.0,0.0,5.074019031072063,4.207604995744479,4.257632671942011,3.7081471512540642,3.515625152248031,3.2750666278812854,3.295170618369186,2.7597782207059964,2.69687552277404,2.582082647123058,2.5185983504701945,2.4091421622432847,2.496450180639487,2.3296226653465446,2.4701272998336163,2.3605918282248393,1.9373151798587807,1.8963744330373609,1.7273467114601846,1.6734861155459544,1.2854622326194733,1.2387800370146582,1.0945353901296695,1.0612336434368752,1.115740525940878,1.075805071372499,1.0224596640985624,0.9756152261556095,1.0065095881242878,1.003662561808293,0.9530941567874821,0.9566621820379675,1.022472651003735,0.9964487374410584,0.9556625085320413,0.9949190038419808,0.9196493304016051,0.8235388230808051,0.9988909082104961,0.9428166241219623,0.8597386115378742,0.8569301247279612,0.8710456246624272,0.877639700414925,0.8714230501854052,0.7792411880232591,0.7303300109620716,0.84785618682158,0.6805620852236013,0.6971084558236159,0.5445447725916289,0.6801500373460755,0.696543777124416,0.6279270579331598,0.6326610790620718,0.14015051948950186,0.5567536410089735,0.4388884322864425,0.5536829583507333,0.4827985105891287,0.5551364918817965,0.42797309850098697,0.49017940909908897,0.4136470162685366,0.41604716016318044,0.2713757167606574,0.2936913659962135,0.21837719088904928,0.24797785795783,0.2269281300754593
0.2112331911679053,0.0,0.0,0.0,0.0,0.0,0.0,4.67672659729438,4.890201782780913,4.246862304568088,4.01738305821538,3.7462735320242806,3.7148183287754746,3.1058986392022896,3.029781940038048,2.956496884256768,2.8316384353716164,2.770975962868695,2.888976594759675,2.705331941387072,2.735227618520737,2.641962373604035,2.183671526123917,2.1224948506086556,1.9705841160462496,1.8805383614211817,1.4697474673271909,1.428036020612263,1.2906499907945577,1.268630464610436,1.2501861766777513,1.200820103140094,1.2126579541440903,1.143835867449687,1.1902134154010717,1.2004141001093336,1.1525087794985993,1.1562313292186148,1.1937601115516072,1.2188951815224482,1.1808562061745789,1.1900317165113399,1.1226428537785431,1.0779387513097873,1.1819400838026737,1.1526154096071355,1.0120352513666577,1.0396752535452607,1.081085783885674,1.0811539754380348,1.0271606092137926,0.9674830788147002,0.9147235609828804,0.9820647531671747,0.9277586929540498,0.8921748249972189,0.7916581569692027,0.8513206655646967,0.8964796740258215,0.8129979266869989,0.8404362136238281,0.4855403310012263,0.798198129277052,0.689308281457844,0.7267321127456045,0.6795081069353793,0.7374893167384527,0.6492244523282177,0.7004621058458886,0.6361352691313572,0.6135078326277478,0.46750201196529073,0.4720975534292199,0.385025014760463,0.40868683178495524,0.40154423245076565
0.0,0.0,0.0,0.0,0.0,0.0,0.0,0.0,0.5408549061806096,0.4427307875012536,0.35943266887318803,0.34533249995626747,0.3009422519003302,0.21567370773374306,0.21828335891655848,0.18215896983194352,0.11463312891176863,0.0,0.11390416780215673,0.0,0.0,0.0,0.0,0.0,0.0,0.0,0.0,0.0,0.0,0.0,0.0,0.0,0.0,0.0,0.0,0.0,0.0,0.0,0.0,0.0,0.0,0.0,0.0,0.0,0.0,0.0,0.0,0.0,0.0,0.0,0.0,0.0,0.0,0.0,0.0,0.0,0.0,0.0,0.0,0.0,0.0,0.0,0.0,0.0,0.0,0.0,0.0,0.0,0.0,0.0,0.0,0.0,0.0,0.0,0.0,0.0
0.26291904983307224,0.0,0.0,0.0,0.0,0.0,0.0,0.0,0.0,4.769954604504076,4.566913973492289,4.280816221990475,4.2266230369142885,3.5215071627573558,3.5555484382221616,3.4538080311794195,3.228987201551928,3.200200526091217,3.2955762197721077,3.174846824159701,3.2194576161513697,3.134907800816672,2.5612566410839364,2.501833047249418,2.3250557044547304,2.2355810337922835,1.7673837974663356,1.6905989875264285,1.5566199369898706,1.484646807897295,1.523358750552553,1.4448634828879914,1.4336416326687833,1.3938916070836536,1.4220157158406468,1.4219346450811798,1.344121848995918,1.4154538169998176,1.4371461532600447,1.4557815059584915,1.417523880071536,1.4337755456944388,1.3313631404355681,1.3113321655996304,1.4611352337969434,1.3749965093916636,1.2744339542084848,1.3098102376218435,1.3176759768271458,1.3104991752592565,1.3065286723605585,1.2165127476601294,1.2012967928697642,1.268023930217158,1.1532459501839158,1.1333201927344185,1.005922061743811,1.0939554325656866,1.12048696133012,1.0987503156723828,1.1073156837279823,0.5737500155951618,0.9907430012045844,0.9087935127852246,1.005993292726906,0.9425688700554391,1.0168174775874506,0.9210997143769171,0.9567641460524514,0.8596148062441344,0.8739893510451949,0.7012720854663984,0.7032129539837884,0.6149976579043419,0.6263770302428975,0.6306288966165332
0.0,0.0,0.0,0.0,0.0,0.0,0.0,0.0,0.0,0.0,2.5443620100616164,2.324205304738327,2.3168540327243923,1.8880927833268004,1.7863212104760848,1.7534435574133997,1.652087600673889,1.6998571590765752,1.6773264124201572,1.6079017675817788,1.5906645050229866,1.5164118100661335,1.2550861194220109,1.159230974679742,1.0992040733058976,1.0363062375309633,0.7701203766562513,0.7355287491406597,0.639250414589426,0.6024586101707566,0.5972823371060462,0.5517981059415029,0.5508972571784538,0.5289262531162325,0.5389635041208951,0.5359782690584004,0.5052645044535031,0.4905371556470249,0.5162631494020465,0.51112329618889,0.49768943890375894,0.4968920155250738,0.4724641178649342,0.4267176132822038,0.4698351039319438,0.48800027458021256,0.41728984880162084,0.4003322703100463,0.4050923957829794,0.43526968494869167,0.3854832655511386,0.3633253198931499,0.3185114765478066,0.34294592474700647,0.26735220191403475,0.27597214804401665,0.2227882299311118,0.25222453907259884,0.2526781780322935,0.17174328453083032,0.1905456793241686,0.0,0.1660454002604121,0.12243604785888379,0.12390018250602214,0.0,0.10555944521990168,0.0,0.0,0.0,0.0,0.0,0.0,0.0,0.0,0.0
0.0,0.0,0.0,0.0,0.0,0.0,0.0,0.0,0.0,0.0,0.0,3.015325495500176,2.858833052501559,2.335852572963108,2.3640068804270737,2.27489453784518,2.2033716443494002,2.1781452133042007,2.1613828103342905,2.1418296991047745,2.0853517374263917,2.0202113139996403,1.6445740464686107,1.5706279055211547,1.4864150198568016,1.4172466637859347,1.069732607689604,1.0081871961073015,0.9075018852258264,0.8582103220494606,0.8686603699441668,0.7805730310870836,0.807047309960631,0.7775470481333263,0.7849160027729544,0.7850159265697754,0.7261428185972544,0.7780558219334113,0.7503764955282133,0.7897218732490394,0.7479498593277897,0.7437073886663584,0.7024332921318306,0.6743426695680936,0.7705009515120897,0.732579136776488,0.680814273788471,0.6818494744049625,0.6528456266022712,0.6822547661960371,0.6640822001366053,0.6129176752013017,0.5733760584449571,0.6102824847266595,0.551775759050182,0.5345442956331006,0.4783721690980302,0.4979706011232173,0.478876095063916,0.44427940275960687,0.4608547146690771,0.251219579751512,0.4110733780056173,0.36652132339296023,0.39658198435380637,0.3410896871020432,0.37918302608592513,0.3157725282346784,0.3126928249557567,0.268993594786449,0.2642879371234552,0.17382882061132887,0.1473140990959767,0.0,0.0,0.0
0.0,0.0,0.0,0.0,0.0,0.0,0.0,0.0,0.0,0.0,0.0,0.0,1.7299275328052595,1.4287315315315308,1.4471055911566744,1.2916540365139353,1.2547617172538443,1.2161521719764616,1.226087837005045,1.1962418732748465,1.209592964151331,1.0936641501325735,0.9285929410720247,0.8662217133486013,0.7435888110062696,0.7240127668361205,0.4934928596973318,0.46898231779987964,0.38819868377208466,0.3473742826472081,0.36257359804075,0.33063864321064407,0.3414870980368819,0.3073520167734173,0.29691837009677435,0.29601767421418723,0.24094448070149097,0.2570285850772102,0.2901849164729083,0.29065839577516933,0.26239845817416096,0.25842050761047874,0.19739066785879922,0.16612313997524997,0.24155734385165364,0.21078262233569922,0.18661111810153846,0.1705221458175492,0.15159929247263548,0.16295682311814408,0.1284677523655886,0.0,0.0,0.0,0.0,0.0,0.0,0.0,0.0,0.0,0.0,0.0,0.0,0.0,0.0,0.0,0.0,0.0,0.0,0.0,0.0,0.0,0.0,0.0,0.0,0.0
0.0,0.0,0.0,0.0,0.0,0.0,0.0,0.0,0.0,0.0,0.0,0.0,0.0,4.739476209885968,4.584164781329872,4.637555480494864,4.559772484532558,4.60828808527279,4.552605437363266,4.4573981912478065,4.248434438400891,4.246254805622238,3.541554868531197,3.3140646774499642,3.280600938102407,3.093451814310572,2.4723550079368657,2.3706036755233777,2.159088323827145,2.1012060942363218,2.0607811628409234,2.0264556861043412,1.9869851287762346,1.9259555753310433,1.988466426522856,1.9684556606246935,1.979988122673147,1.9689641274133094,2.0148786527314053,1.967501229224267,1.9629760806427108,1.9850710993869447,1.9862986948590065,1.9389384279525348,1.9599276274777173,1.9878144440226786,1.9140501820017906,1.9274361176258838,1.9432478759448555,1.9712851845095827,1.9026055119548733,1.8864157445520262,1.801929136666375,1.8726133550080313,1.8082974996263312,1.7770771447346727,1.7347736435262275,1.7610020636457104,1.7521991923307711,1.6906308514104738,1.7076623294811462,1.557440225132732,1.702127542945152,1.68049839463353,1.6494197033105904,1.6427466867505376,1.6817206066897101,1.5775085516837062,1.5957716321653952,1.6066049594266218,1.5535264040004688,1.2795149267784707,1.2760523906810861,1.1808147139540797,1.1812160224348247,1.180772746382174
0.0,0.0,0.0,0.0,0.0,0.0,0.0,0.0,0.0,0.0,0.0,0.0,0.0,0.0,1.0336385338793275,0.9972204843520015,1.044218470629727,1.0281284572126772,0.9567730743410242,0.989579297178114,0.8347700863649296,0.8215491735293108,0.6382796435595051,0.5415026347877493,0.5411967105047095,0.47265630893735255,0.31294340883178157,0.2683460383015589,0.20253917979692132,0.17113899294279086,0.1327256943285856,0.11059656706421647,0.11110751551150475,0.10098297302093066,0.0,0.0,0.0,0.0,0.0,0.0,0.0,0.0,0.0,0.0,0.0,0.0,0.0,0.0,0.0,0.0,0.0,0.0,0.0,0.0,0.0,0.0,0.0,0.0,0.0,0.0,0.0,0.0,0.0,0.0,0.0,0.0,0.0,0.0,0.0,0.0,0.0,0.0,0.0,0.0,0.0,0.0
0.0,0.0,0.0,0.0,0.0,0.0,0.0,0.0,0.0,0.0,0.0,0.0,0.0,0.0,0.0,0.9226285043223834,1.0324900603032232,1.0299290530980556,0.8942981601889132,0.9904674062574029,0.8375508727257264,0.7793481398713743,0.6489843102145325,0.5530253219182829,0.5203421616985394,0.4754153373911816,0.29153102208115517,0.24519067667471367,0.1825729373703574,0.1363883104080254,0.11314884466295232,0.0,0.11294091890314857,0.12871627096946547,0.0,0.0,0.0,0.0,0.0,0.0,0.0,0.0,0.0,0.0,0.0,0.0,0.0,0.0,0.0,0.0,0.0,0.0,0.0,0.0,0.0,0.0,0.0,0.0,0.0,0.0,0.0,0.0,0.0,0.0,0.0,0.0,0.0,0.0,0.0,0.0,0.0,0.0,0.0,0.0,0.0,0.0
0.0,0.0,0.0,0.0,0.0,0.0,0.0,0.0,0.0,0.0,0.0,0.0,0.0,0.0,0.0,0.0,0.8321211054322413,0.8698178137935855,0.7903804627952796,0.7918333850068227,0.6649571283859627,0.6509164735291045,0.5004113659784103,0.37906000164421005,0.4110353350197067,0.34274480105672184,0.2058055964338668,0.16211558280527577,0.0,0.0,0.0,0.0,0.0,0.0,0.0,0.0,0.0,0.0,0.0,0.0,0.0,0.0,0.0,0.0,0.0,0.0,0.0,0.0,0.0,0.0,0.0,0.0,0.0,0.0,0.0,0.0,0.0,0.0,0.0,0.0,0.0,0.0,0.0,0.0,0.0,0.0,0.0,0.0,0.0,0.0,0.0,0.0,0.0,0.0,0.0,0.0
0.0,0.0,0.0,0.0,0.0,0.0,0.0,0.0,0.0,0.0,0.0,0.0,0.0,0.0,0.0,0.0,0.0,0.322199733691507,0.33952196104858035,0.29166727299264905,0.28260480328652704,0.2382561334527995,0.15752522526560558,0.10964852301035888,0.0,0.0,0.0,0.0,0.0,0.0,0.0,0.0,0.0,0.0,0.0,0.0,0.0,0.0,0.0,0.0,0.0,0.0,0.0,0.0,0.0,0.0,0.0,0.0,0.0,0.0,0.0,0.0,0.0,0.0,0.0,0.0,0.0,0.0,0.0,0.0,0.0,0.0,0.0,0.0,0.0,0.0,0.0,0.0,0.0,0.0,0.0,0.0,0.0,0.0,0.0,0.0
0.1902850423648894,0.0,0.0,0.0,0.0,0.0,0.0,0.0,0.0,0.0,0.0,0.0,0.0,0.0,0.0,0.0,0.0,0.0,1.2093925072274203,1.119168340316862,1.141843686191601,1.0889574135526663,0.8432573203000209,0.8038182227300015,0.7084601265683275,0.6781077320887683,0.48374410941840457,0.4409710075502332,0.38138790695104036,0.3472817939579871,0.3511419319612167,0.28993487995952877,0.2582036896637043,0.21953370257618265,0.24237144585119613,0.2545516589539892,0.2026693786917984,0.21702086596986808,0.24411217659987328,0.22069856832585458,0.19256063201930693,0.20668725877753374,0.1691562173616259,0.0,0.21179576810205913,0.1678564138493562,0.12374057758395168,0.14250535020614236,0.0,0.11183817389857904,0.10375719993042609,0.0,0.0,0.0,0.0,0.0,0.0,0.0,0.0,0.0,0.0,0.0,0.0,0.0,0.0,0.0,0.0,0.0,0.0,0.0,0.0,0.0,0.0,0.0,0.0,0.0
0.0,0.0,0.0,0.0,0.0,0.0,0.0,0.0,0.0,0.0,0.0,0.0,0.0,0.0,0.0,0.0,0.0,0.0,0.0,1.2345546624768424,1.106232369669571,1.1126146494157783,0.8644742012476839,0.7475198790092654,0.7624192817746925,0.6787370755141964,0.48318210627158464,0.4332843039312041,0.35199925867199466,0.31455056491093303,0.2871980592108656,0.22835506530584546,0.24843159909959595,0.22205743430597044,0.21723380008949478,0.22764673888355796,0.2066903176051591,0.21135299579882214,0.19602846964089365,0.18964321115535676,0.17837967008954164,0.17650629259320025,0.18853534057081608,0.18929008272248632,0.14814140357514272,0.13387178535831407,0.15039644533212623,0.13908046274655908,0.14249468596106152,0.1329929125838592,0.10078528387131491,0.0,0.0,0.0,0.0,0.0,0.0,0.0,0.0,0.0,0.0,0.0,0.0,0.0,0.0,0.0,0.0,0.0,0.0,0.0,0.0,0.0,0.0,0.0,0.0,0.0
0.0,0.0,0.0,0.0,0.0,0.0,0.0,0.0,0.0,0.0,0.0,0.0,0.0,0.0,0.0,0.0,0.0,0.0,0.0,0.0,2.56873163854565,2.4280358135254128,1.9492630673701143,1.9234965201314502,1.7451871688494989,1.719827899675525,1.278393891286599,1.2278490896304963,1.1024259452562384,1.0500002538547448,1.1017316705027724,0.9619137324605593,1.006856321770376,0.9741725598189059,0.9575144053277618,0.9727245017755057,0.8689892642266304,0.9227424443856068,0.921113351355124,0.9636105981998901,0.9201190295871704,0.9291415841422921,0.8304438582425031,0.8195215992721882,0.98925708673429,0.8947990014123279,0.8384296438395689,0.8713704187587978,0.7831757943219877,0.8112057760398874,0.83485809296936,0.7187775948373424,0.7128598655433156,0.7901598389050445,0.6189579436844924,0.6765035344764949,0.5194470837998418,0.6151982331659376,0.5885506107930557,0.5928855916347588,0.613424907114107,0.11016196432641667,0.49735126069223695,0.4487157236494653,0.5596423337720853,0.46039364100757674,0.5164221632963485,0.42710028694685975,0.44265744585682,0.309753496740348,0.3695885809476239,0.2396934607595601,0.22069258656389118,0.16358496097508451,0.18264302366602553,0.1677443157146699
0.0,0.0,0.0,0.0,0.0,0.0,0.0,0.0,0.0,0.0,0.0,0.0,0.0,0.0,0.0,0.0,0.0,0.0,0.0,0.0,0.0,1.0624217721390177,0.8846785059412472,0.7236938798271603,0.7473226444856875,0.6763946230696,0.4760852916155333,0.4120537720624141,0.33393017591256785,0.2835034439523228,0.25521023579612584,0.2230782183773895,0.2347679892693652,0.25337376053036526,0.22012935698587693,0.20786112862548256,0.2238935239244625,0.20455776155079375,0.18055347143800027,0.1755074557524519,0.18446999391416818,0.1525594275647093,0.1842952246216144,0.19613181479370528,0.13515078193541258,0.13656754437643753,0.1698148907939121,0.16260300070798878,0.14623930035002097,0.1255035439835957,0.1174489010940641,0.10704736899734109,0.1032205320321689,0.0,0.0,0.0,0.0,0.0,0.0,0.0,0.0,0.0,0.0,0.0,0.0,0.0,0.0,0.0,0.0,0.0,0.0,0.0,0.0,0.0,0.0,0.0
0.0,0.0,0.0,0.0,0.0,0.0,0.0,0.0,0.0,0.0,0.0,0.0,0.0,0.0,0.0,0.0,0.0,0.0,0.0,0.0,0.0,0.0,4.013286540933846,3.585444740499567,3.6996693826038607,3.510452527445534,2.8019712892830904,2.645410518490664,2.4184753452322187,2.275190490876721,2.263273758770568,2.1346228668512337,2.1708371247274854,2.1958618412807844,2.1506979582463597,2.1827293648933805,2.1809399755430947,2.186418828164702,2.095906325483555,2.1203414697889658,2.1328820075058776,2.1004373502878466,2.1859745349287802,2.251420202546806,2.083728755663383,2.124510220469627,2.2159085369148617,2.197132827499357,2.196661045067185,2.150922103229512,2.17514030017706,2.159504893349476,2.1385454392501253,2.1433541284374624,2.0419519535295634,2.0541849920810042,2.006618495408459,2.019555704966812,1.930397903535059,1.9210008656031676,1.9513083496733612,2.0653879276008587,1.9604503991141384,2.0642167359626358,2.029829733573714,1.983232757397659,2.000463269303706,1.933100856191723,1.8009886415966418,1.863139662072369,1.8395052775957643,1.5812205662944228,1.5110852643167012,1.476697397600764,1.3685620516031713,1.3951423637246936
0.0,0.0,0.0,0.0,0.0,0.0,0.0,0.0,0.0,0.0,0.0,0.0,0.0,0.0,0.0,0.0,0.0,0.0,0.0,0.0,0.0,0.0,0.0,3.0671544184494044,2.9221823343874904,2.8161522212242307,2.1497161206558744,2.0547266087487985,1.8773922383709083,1.7761630023683566,1.8034367232552944,1.773313575878975,1.6939688269902367,1.6964468934942916,1.7033940815508355,1.6738025507893899,1.676538287048173,1.7005259817479481,1.7481353103950619,1.6746525496695086,1.667347321684606,1.6977193560422483,1.626976077924097,1.5754040815539079,1.7121970981984018,1.6070601182573734,1.6489633507904422,1.6586237024968211,1.637958492732777,1.6387811471857956,1.64222410847833,1.5751154202515805,1.5703768965498544,1.579502361683942,1.498056755119215,1.4599233435695569,1.473374657223157,1.444383098753083,1.3907835619037177,1.3978550791456872,1.394308888460116,1.2102051692699753,1.3668714962687023,1.2959649277116347,1.3691578645214917,1.3422416139663236,1.3647483082384315,1.2506720125025281,1.304120474358345,1.2409418838805697,1.2423662835112141,0.9764289993882507,0.9680900494577407,0.878795815788969,0.876085606317476,0.8686178916189353
0.0,0.0,0.0,0.0,0.0,0.0,0.0,0.0,0.0,0.0,0.0,0.0,0.0,0.0,0.0,0.0,0.0,0.0,0.0,0.0,0.0,0.0,0.0,0.0,0.8473149926885064,0.7762736189249616,0.559894020581704,0.505644938094104,0.4182914356652889,0.3647532222482245,0.32706405274155426,0.33411003480390467,0.32892082343999374,0.3537910649103489,0.3134623887660453,0.28767721470566776,0.3135140645047737,0.2954769320142192,0.28918258975558364,0.27207446396890944,0.28786299580152963,0.2593030059502716,0.27753724221723997,0.318115944273259,0.2373969666320741,0.24567030890067848,0.2754297183730557,0.24913615871516182,0.2759268521915348,0.23282777278986805,0.21682653548206327,0.22444784902881687,0.23409799459656427,0.13658653584761063,0.16890109003154097,0.13687637239431064,0.19550311353520242,0.0,0.0,0.0,0.0,0.0,0.0,0.0,0.0,0.0,0.0,0.0,0.0,0.0,0.0,0.0,0.0,0.0,0.0,0.0
0.0,0.0,0.0,0.0,0.0,0.0,0.0,0.0,0.0,0.0,0.0,0.0,0.0,0.0,0.0,0.0,0.0,0.0,0.0,0.0,0.0,0.0,0.0,0.0,0.0,2.5387961958422114,1.9887805668936758,1.8857187918262834,1.7108785653170553,1.6559915969408163,1.6357852265696695,1.5513369221460958,1.4944903665541796,1.4554000653684376,1.4954734409713313,1.5392979528722712,1.4947607286122222,1.470313945278289,1.5086588952769218,1.4870702850736524,1.4524493874035018,1.4702141295304023,1.4969744903610769,1.3968273707701764,1.496724386427325,1.4808727754267874,1.4462492788549839,1.4490272957680193,1.4024804560152857,1.4629578175314442,1.4498327875228938,1.3734532663247792,1.3503938276064291,1.4154930426899655,1.2914723022518582,1.291710151755162,1.194102951122273,1.2518556476528386,1.2549458612582665,1.1845398761985089,1.2075500959885161,0.9424615287593324,1.1664083354500303,1.1673511063675603,1.1803990143551513,1.0969773642624034,1.1724429817175588,1.0895048004102597,1.060415986273517,1.02849525359457,1.026116195430534,0.8243356445840077,0.7994093351770212,0.7153575857319961,0.7282752941425635,0.700334910307368
0.0,0.0,0.0,0.0,0.0,0.0,0.0,0.0,0.0,0.0,0.0,0.0,0.0,0.0,0.0,0.0,0.0,0.0,0.0,0.0,0.0,0.0,0.0,0.0,0.0,0.0,4.884425673583699,4.679051076598431,4.314232967024639,4.133150739367706,4.133269074019634,3.9865074735698367,3.9782200065534763,4.043746615037334,3.991241673083252,3.9757769480527303,3.9769748443748854,3.9828532820375537,3.9882217724289655,3.9893798876957955,4.016140213975279,3.990841232900828,4.007090948396985,3.9911469579957957,4.058384740564444,4.003141271522401,4.083202029634339,4.101833751793319,4.027515208631804,4.042804323072888,4.0692817269981605,4.0107271809764,4.01944946383097,3.9941647441186134,3.842952537031617,3.8817692077338206,3.9021792128906583,3.8798183491822016,3.718818896690925,3.84201298536801,3.799240934208672,3.83777469704912,3.808085262640203,3.8511158047304326,3.9128594224163615,3.929190688915965,3.8975434817297434,3.81839873958219,3.744946143720719,3.7258930029503743,3.777200911284826,3.176432955041882,3.141542197015779,3.0021494320524935,2.9850438843782054,3.0167828350441206
0.0,0.0,0.0,0.0,0.0,0.0,0.0,0.0,0.0,0.0,0.0,0.0,0.0,0.0,0.0,0.0,0.0,0.0,0.0,0.0,0.0,0.0,0.0,0.0,0.0,0.0,0.0,2.391977637548595,2.181965682596726,2.0967650570228367,2.1192885037242277,2.0104888596197363,1.9644834339034796,1.9546304417604805,1.963659877889183,1.9687356975866472,1.9332182314595803,1.948304449188645,1.98648609118489,1.946570847278827,1.9431337222406095,1.966715331291344,1.931198025214239,1.8634952593529395,1.961696965762921,1.9548424798818314,1.9219723735329208,1.9391511635100014,1.863281112231041,1.9197430362636956,1.9385042773575587,1.8414328455174098,1.8397748609461395,1.9069427618535384,1.7113578023178921,1.7547497719319898,1.6450957554790286,1.7438137612056948,1.7055209884678484,1.6805974297050805,1.700301445832828,1.3512204629329059,1.6380239575868258,1.6182516317584081,1.6660724291912619,1.6044875410859438,1.6696193149368466,1.5647392939274454,1.5607226328224533,1.4997262158966191,1.5239420531963765,1.2287068036102848,1.2247756564987355,1.137701419190221,1.150481855334093,1.1313664796370737
0.0,0.0,0.0,0.0,0.0,0.0,0.0,0.0,0.0,0.0,0.0,0.0,0.0,0.0,0.0,0.0,0.0,0.0,0.0,0.0,0.0,0.0,0.0,0.0,0.0,0.0,0.0,0.0,3.2050498891389947,3.0716707636017127,3.081417194437346,3.0022587196971955,2.979961597180629,2.9604425200600426,3.0072700024546597,2.9896159960699236,2.998699573925208,2.9868929641788404,3.0107816083406274,3.0054615213049205,2.981559861861567,3.0147556524404817,2.949375197986778,2.9481931179579943,2.9816837359868966,3.02805276537958,2.9570509543107377,2.946733728351167,2.960272136653286,3.002583741078103,2.957877777445804,2.9177706311549985,2.8269258039983387,2.8854121744744923,2.8122555354966297,2.8012819797464155,2.753896799786198,2.760865065098723,2.73464254856522,2.721220927576573,2.7124653851524805,2.498094278229068,2.720100902431369,2.656252121556508,2.7050222471082117,2.694700342012301,2.7271442162532944,2.617734883871508,2.644192895742829,2.6260272180692694,2.6055662836706954,2.1793227727698907,2.1530701883716348,2.037373464481454,2.0329061947681297,2.043969768658715
0.0,0.0,0.0,0.0,0.0,0.0,0.0,0.0,0.0,0.0,0.0,0.0,0.0,0.0,0.0,0.0,0.0,0.0,0.0,0.0,0.0,0.0,0.0,0.0,0.0,0.0,0.0,0.0,0.0,2.068748795245657,2.0581228575178474,1.9668578803204855,1.9868891992765128,1.983690228355579,1.9651387371776865,1.9873626270957487,1.9701917862279452,1.938943934483489,1.921669751389914,1.9487263707964888,1.9362808086113237,1.927819465454626,1.9457820126449765,1.9691291360125964,1.952801058156549,1.9424978984051364,1.9448041164636072,1.938524174863522,1.948731427623446,1.921469014363097,1.9290126542367332,1.8654772879569026,1.8725915137999367,1.8631347690289317,1.75208620452845,1.7874612967103465,1.6995710514259341,1.7407856559083528,1.697674353397006,1.684656717217151,1.6897655483349587,1.5334485576959147,1.668309803410092,1.6568803963772194,1.7162805273237902,1.667646373583204,1.6903901517896123,1.6120882418392346,1.5812011210317443,1.5548032809601917,1.5445087521946765,1.2966571614115032,1.2429682874733787,1.1665251384494058,1.1480553823584834,1.1305990497413902
0.0,0.0,0.0,0.0,0.0,0.0,0.0,0.0,0.0,0.0,0.0,0.0,0.0,0.0,0.0,0.0,0.0,0.0,0.0,0.0,0.0,0.0,0.0,0.0,0.0,0.0,0.0,0.0,0.0,0.0,0.0,0.0,0.0,0.0,0.0,0.0,0.0,0.0,0.0,0.0,0.0,0.0,0.0,0.0,0.0,0.0,0.0,0.0,0.0,0.0,0.0,0.0,0.0,0.0,0.0,0.0,0.0,0.0,0.0,0.0,0.0,0.0,0.0,0.0,0.0,0.0,0.0,0.0,0.0,0.0,0.0,0.0,0.0,0.0,0.0,0.0
0.0,0.0,0.0,0.0,0.0,0.0,0.0,0.0,0.0,0.0,0.0,0.0,0.0,0.0,0.0,0.0,0.0,0.0,0.0,0.0,0.0,0.0,0.0,0.0,0.0,0.0,0.0,0.0,0.0,0.0,0.0,1.2351970230318345,1.2512321040603074,1.280170261987081,1.2316546837831086,1.2261718734936462,1.2800571771008606,1.2529325665992115,1.2018752007460929,1.1895133568826164,1.2226705834441414,1.1828098240424243,1.2500774845192293,1.3164811124592721,1.1177447105381328,1.2105034610137304,1.2953798996871275,1.2509475728389878,1.2569024441312433,1.2212557445649193,1.2036637117276796,1.2369628282338256,1.2327772811285416,1.1377115401346498,1.1572070125264755,1.1434301105572944,1.20473705532482,1.1251653616060853,1.007219432479538,1.0590404817117574,1.0259968807523991,1.504760004911383,1.1021804449724448,1.1753754408520383,1.0983391901290387,1.1540308206072623,1.0627312458201494,1.0533724530154664,0.9282881941574709,1.0242441463575749,0.9708961380671383,0.8101125373866084,0.7389480816668844,0.7117140690473134,0.6141167943844114,0.6333156271785414
0.0,0.0,0.0,0.0,0.0,0.0,0.0,0.0,0.0,0.0,0.0,0.0,0.0,0.0,0.0,0.0,0.0,0.0,0.0,0.0,0.0,0.0,0.0,0.0,0.0,0.0,0.0,0.0,0.0,0.0,0.0,0.0,0.11240903988965123,0.12040686650861188,0.11225770441456312,0.11112683111716226,0.12977926208281215,0.10327594480408603,0.13361961242035386,0.0,0.0,0.0,0.0,0.0,0.0,0.0,0.0,0.0,0.0,0.0,0.0,0.0,0.0,0.0,0.0,0.0,0.0,0.0,0.0,0.0,0.0,0.0,0.0,0.0,0.0,0.0,0.0,0.0,0.0,0.0,0.0,0.0,0.0,0.0,0.0,0.0
0.0,0.0,0.0,0.0,0.0,0.0,0.0,0.0,0.0,0.0,0.0,0.0,0.0,0.0,0.0,0.0,0.0,0.0,0.0,0.0,0.0,0.0,0.0,0.0,0.0,0.0,0.0,0.0,0.0,0.0,0.0,0.0,0.0,0.0,0.0,0.0,0.0,0.0,0.0,0.0,0.0,0.0,0.0,0.0,0.0,0.0,0.0,0.0,0.0,0.0,0.0,0.0,0.0,0.0,0.0,0.0,0.0,0.0,0.0,0.0,0.0,0.0,0.0,0.0,0.0,0.0,0.0,0.0,0.0,0.0,0.0,0.0,0.0,0.0,0.0,0.0
0.0,0.0,0.0,0.0,0.0,0.0,0.0,0.0,0.0,0.0,0.0,0.0,0.0,0.0,0.0,0.0,0.0,0.0,0.0,0.0,0.0,0.0,0.0,0.0,0.0,0.0,0.0,0.0,0.0,0.0,0.0,0.0,0.0,0.0,0.1830976294982401,0.17689649076712877,0.17253084109856087,0.17348856525738582,0.1635663895346644,0.18119180296868376,0.1754931416624726,0.1506841461512421,0.0,0.12645416293044193,0.14038046965565443,0.13425883130151356,0.0,0.0,0.0,0.0,0.0,0.0,0.0,0.0,0.0,0.0,0.0,0.0,0.0,0.0,0.0,0.0,0.0,0.0,0.0,0.0,0.0,0.0,0.0,0.0,0.0,0.0,0.0,0.0,0.0,0.0
0.0,0.0,0.0,0.0,0.0,0.0,0.0,0.0,0.0,0.0,0.0,0.0,0.0,0.0,0.0,0.0,0.0,0.0,0.0,0.0,0.0,0.0,0.0,0.0,0.0,0.0,0.0,0.0,0.0,0.0,0.0,0.0,0.0,0.0,0.0,0.0,0.0,0.0,0.0,0.0,0.0,0.0,0.0,0.0,0.0,0.0,0.0,0.0,0.0,0.0,0.0,0.0,0.0,0.0,0.0,0.0,0.0,0.0,0.0,0.0,0.0,0.0,0.0,0.0,0.0,0.0,0.0,0.0,0.0,0.0,0.0,0.0,0.0,0.0,0.0,0.0
0.0,0.0,0.0,0.0,0.0,0.0,0.0,0.0,0.0,0.0,0.0,0.0,0.0,0.0,0.0,0.0,0.0,0.0,0.0,0.0,0.0,0.0,0.0,0.0,0.0,0.0,0.0,0.0,0.0,0.0,0.0,0.0,0.0,0.0,0.0,0.0,0.1686965067390569,0.1942241928114523,0.1712895560506565,0.1698191383697082,0.1619993080306547,0.14272702077055582,0.16300274207881138,0.16158123854985734,0.12311913523218265,0.1345717134728805,0.12732936122917526,0.11530581039559762,0.11569499786283272,0.11370754114828607,0.0,0.0,0.0,0.0,0.0,0.0,0.0,0.0,0.0,0.0,0.0,0.0,0.0,0.0,0.0,0.0,0.0,0.0,0.0,0.0,0.0,0.0,0.0,0.0,0.0,0.0
0.0,0.0,0.0,0.0,0.0,0.0,0.0,0.0,0.0,0.0,0.0,0.0,0.0,0.0,0.0,0.0,0.0,0.0,0.0,0.0,0.0,0.0,0.0,0.0,0.0,0.0,0.0,0.0,0.0,0.0,0.0,0.0,0.0,0.0,0.0,0.0,0.0,0.0,0.0,0.0,0.0,0.0,0.0,0.0,0.0,0.0,0.0,0.0,0.0,0.0,0.0,0.0,0.0,0.0,0.0,0.0,0.0,0.0,0.0,0.0,0.0,0.0,0.0,0.0,0.0,0.0,0.0,0.0,0.0,0.0,0.0,0.0,0.0,0.0,0.0,0.0
0.0,0.0,0.0,0.0,0.0,0.0,0.0,0.0,0.0,0.0,0.0,0.0,0.0,0.0,0.0,0.0,0.0,0.0,0.0,0.0,0.0,0.0,0.0,0.0,0.0,0.0,0.0,0.0,0.0,0.0,0.0,0.0,0.0,0.0,0.0,0.0,0.0,0.0,0.0,0.0,0.0,0.0,0.0,0.0,0.0,0.0,0.0,0.0,0.0,0.0,0.0,0.0,0.0,0.0,0.0,0.0,0.0,0.0,0.0,0.0,0.0,0.0,0.0,0.0,0.0,0.0,0.0,0.0,0.0,0.0,0.0,0.0,0.0,0.0,0.0,0.0
0.0,0.0,0.0,0.0,0.0,0.0,0.0,0.0,0.0,0.0,0.0,0.0,0.0,0.0,0.0,0.0,0.0,0.0,0.0,0.0,0.0,0.0,0.0,0.0,0.0,0.0,0.0,0.0,0.0,0.0,0.0,0.0,0.0,0.0,0.0,0.0,0.0,0.0,0.0,0.0,0.0,0.0,0.0,0.10364310128091508,0.0,0.0,0.0,0.0,0.0,0.0,0.0,0.0,0.0,0.0,0.0,0.0,0.0,0.0,0.0,0.0,0.0,0.0,0.0,0.0,0.0,0.0,0.0,0.0,0.0,0.0,0.0,0.0,0.0,0.0,0.0,0.0
0.0,0.0,0.0,0.0,0.0,0.0,0.0,0.0,0.0,0.0,0.0,0.0,0.0,0.0,0.0,0.0,0.0,0.0,0.0,0.0,0.0,0.0,0.0,0.0,0.0,0.0,0.0,0.0,0.0,0.0,0.0,0.0,0.0,0.0,0.0,0.0,0.0,0.0,0.0,0.0,0.0,0.0,0.0,0.0,0.0,0.0,0.0,0.0,0.0,0.0,0.0,0.0,0.0,0.0,0.0,0.0,0.0,0.0,0.0,0.0,0.0,0.0,0.0,0.0,0.0,0.0,0.0,0.0,0.0,0.0,0.0,0.0,0.0,0.0,0.0,0.0
0.0,0.0,0.0,0.0,0.0,0.0,0.0,0.0,0.0,0.0,0.0,0.0,0.0,0.0,0.0,0.0,0.0,0.0,0.0,0.0,0.0,0.0,0.0,0.0,0.0,0.0,0.0,0.0,0.0,0.0,0.0,0.0,0.0,0.0,0.0,0.0,0.0,0.0,0.0,0.0,0.0,0.0,0.0,0.0,0.0,0.0,0.0,0.0,0.0,0.0,0.0,0.0,0.0,0.0,0.0,0.0,0.0,0.0,0.0,0.0,0.0,0.0,0.0,0.0,0.0,0.0,0.0,0.0,0.0,0.0,0.0,0.0,0.0,0.0,0.0,0.0
0.0,0.0,0.0,0.0,0.0,0.0,0.0,0.0,0.0,0.0,0.0,0.0,0.0,0.0,0.0,0.0,0.0,0.0,0.0,0.0,0.0,0.0,0.0,0.0,0.0,0.0,0.0,0.0,0.0,0.0,0.0,0.0,0.0,0.0,0.0,0.0,0.0,0.0,0.0,0.0,0.0,0.0,0.0,0.0,0.0,0.0,0.0,0.0,0.0,0.0,0.0,0.0,0.0,0.0,0.0,0.0,0.0,0.0,0.0,0.0,0.0,0.0,0.0,0.0,0.0,0.0,0.0,0.0,0.0,0.0,0.0,0.0,0.0,0.0,0.0,0.0
0.0,0.0,0.0,0.0,0.0,0.0,0.0,0.0,0.0,0.0,0.0,0.0,0.0,0.0,0.0,0.0,0.0,0.0,0.0,0.0,0.0,0.0,0.0,0.0,0.0,0.0,0.0,0.0,0.0,0.0,0.0,0.0,0.0,0.0,0.0,0.0,0.0,0.0,0.0,0.0,0.0,0.0,0.0,0.0,0.0,0.0,0.0,0.0,0.0,0.0,0.0,0.0,0.0,0.0,0.0,0.0,0.0,0.0,0.0,0.0,0.0,0.0,0.0,0.0,0.0,0.0,0.0,0.0,0.0,0.0,0.0,0.0,0.0,0.0,0.0,0.0
0.0,0.0,0.0,0.0,0.0,0.0,0.0,0.0,0.0,0.0,0.0,0.0,0.0,0.0,0.0,0.0,0.0,0.0,0.0,0.0,0.0,0.0,0.0,0.0,0.0,0.0,0.0,0.0,0.0,0.0,0.0,0.0,0.0,0.0,0.0,0.0,0.0,0.0,0.0,0.0,0.0,0.0,0.0,0.0,0.0,0.0,0.0,0.0,0.0,0.0,0.0,0.0,0.0,0.0,0.0,0.0,0.0,0.0,0.0,0.0,0.0,0.0,0.0,0.0,0.0,0.0,0.0,0.0,0.0,0.0,0.0,0.0,0.0,0.0,0.0,0.0
0.0,0.0,0.0,0.0,0.0,0.0,0.0,0.0,0.0,0.0,0.0,0.0,0.0,0.0,0.0,0.0,0.0,0.0,0.0,0.0,0.0,0.0,0.0,0.0,0.0,0.0,0.0,0.0,0.0,0.0,0.0,0.0,0.0,0.0,0.0,0.0,0.0,0.0,0.0,0.0,0.0,0.0,0.0,0.0,0.0,0.0,0.0,0.0,0.0,0.0,0.0,0.0,0.0,0.0,0.0,0.0,0.0,0.0,0.0,0.0,0.0,0.0,0.0,0.0,0.0,0.0,0.0,0.0,0.0,0.0,0.0,0.0,0.0,0.0,0.0,0.0
0.0,0.0,0.0,0.0,0.0,0.0,0.0,0.0,0.0,0.0,0.0,0.0,0.0,0.0,0.0,0.0,0.0,0.0,0.0,0.0,0.0,0.0,0.0,0.0,0.0,0.0,0.0,0.0,0.0,0.0,0.0,0.0,0.0,0.0,0.0,0.0,0.0,0.0,0.0,0.0,0.0,0.0,0.0,0.0,0.0,0.0,0.0,0.0,0.0,0.0,0.0,0.0,0.0,0.0,0.0,0.0,0.0,0.0,0.0,0.0,0.0,0.0,0.0,0.0,0.0,0.0,0.0,0.0,0.0,0.0,0.0,0.0,0.0,0.0,0.0,0.0
0.0,0.0,0.0,0.0,0.0,0.0,0.0,0.0,0.0,0.0,0.0,0.0,0.0,0.0,0.0,0.0,0.0,0.0,0.0,0.0,0.0,0.0,0.0,0.0,0.0,0.0,0.0,0.0,0.0,0.0,0.0,0.0,0.0,0.0,0.0,0.0,0.0,0.0,0.0,0.0,0.0,0.0,0.0,0.0,0.0,0.0,0.0,0.1654023148071871,0.10507845511146685,0.12286190196935581,0.11320260461187981,0.0,0.0,0.0,0.0,0.0,0.0,0.0,0.0,0.0,0.0,0.0,0.0,0.0,0.0,0.0,0.0,0.0,0.0,0.0,0.0,0.0,0.0,0.0,0.0,0.0
0.0,0.0,0.0,0.0,0.0,0.0,0.0,0.0,0.0,0.0,0.0,0.0,0.0,0.0,0.0,0.0,0.0,0.0,0.0,0.0,0.0,0.0,0.0,0.0,0.0,0.0,0.0,0.0,0.0,0.0,0.0,0.0,0.0,0.0,0.0,0.0,0.0,0.0,0.0,0.0,0.0,0.0,0.0,0.0,0.0,0.0,0.0,0.0,0.32887813650812037,0.3290788853648907,0.32685395389784755,0.2874004946605828,0.29405803461341207,0.2614409959055014,0.2087615495682087,0.20858354399523765,0.194196730463428,0.17637531205894108,0.11326032451244256,0.11949634200223785,0.10298173769103058,0.0,0.0,0.11205096578864426,0.0,0.0,0.0,0.0,0.0,0.0,0.0,0.0,0.0,0.0,0.0,0.0
0.0,0.0,0.0,0.0,0.0,0.0,0.0,0.0,0.0,0.0,0.0,0.0,0.0,0.0,0.0,0.0,0.0,0.0,0.0,0.0,0.0,0.0,0.0,0.0,0.0,0.0,0.0,0.0,0.0,0.0,0.0,0.0,0.0,0.0,0.0,0.0,0.0,0.0,0.0,0.0,0.0,0.0,0.0,0.0,0.0,0.0,0.0,0.0,0.0,0.0,0.0,0.0,0.0,0.0,0.0,0.0,0.0,0.0,0.0,0.0,0.0,0.0,0.0,0.0,0.0,0.0,0.0,0.0,0.0,0.0,0.0,0.0,0.0,0.0,0.0,0.0
0.0,0.0,0.0,0.0,0.0,0.0,0.0,0.0,0.0,0.0,0.0,0.0,0.0,0.0,0.0,0.0,0.0,0.0,0.0,0.0,0.0,0.0,0.0,0.0,0.0,0.0,0.0,0.0,0.0,0.0,0.0,0.0,0.0,0.0,0.0,0.0,0.0,0.0,0.0,0.0,0.0,0.0,0.0,0.0,0.0,0.0,0.0,0.0,0.0,0.0,0.5202391751450869,0.5172931697670179,0.46563232478897254,0.4507559690101426,0.4759567933326384,0.41947987825255406,0.4218641438379245,0.3903136028428582,0.36520197195762494,0.309199573128343,0.3097987282959169,0.3861896875257831,0.3397076796856906,0.29358530659652216,0.26030977816129397,0.2703688716209661,0.24870193257357368,0.2060198561067854,0.17311058337713678,0.20765312436243785,0.14582366382460557,0.0,0.0,0.0,0.0,0.0
0.0,0.0,0.0,0.0,0.0,0.0,0.0,0.0,0.0,0.0,0.0,0.0,0.0,0.0,0.0,0.0,0.0,0.0,0.0,0.0,0.0,0.0,0.0,0.0,0.0,0.0,0.0,0.0,0.0,0.0,0.0,0.0,0.0,0.0,0.0,0.0,0.0,0.0,0.0,0.0,0.0,0.0,0.0,0.0,0.0,0.0,0.0,0.0,0.0,0.0,0.0,1.008567066430536,1.0249069763505378,0.9816585814976133,0.9323783554402847,0.9096555497706214,0.9196796868620902,0.8952994094357295,0.8390365466676218,0.8417610326435984,0.8463251450770792,0.9109901371370519,0.8543680979587855,0.8575191377180931,0.8313255728745526,0.8382332694543659,0.8096134618449032,0.7778615197084203,0.6845368554830734,0.738215832995172,0.6926217839837838,0.542268402578127,0.4995339984607362,0.44618743249881565,0.3977407002499761,0.39363762246731654
0.0,0.0,0.0,0.0,0.0,0.0,0.0,0.0,0.0,0.0,0.0,0.0,0.0,0.0,0.0,0.0,0.0,0.0,0.0,0.0,0.0,0.0,0.0,0.0,0.0,0.0,0.0,0.0,0.0,0.0,0.0,0.0,0.0,0.0,0.0,0.0,0.0,0.0,0.0,0.0,0.0,0.0,0.0,0.0,0.0,0.0,0.0,0.0,0.0,0.0,0.0,0.0,1.0861636064000484,1.134596956668356,1.0656211916766107,1.0416280069651855,0.9747693457850514,0.995926099761261,1.0175780340647487,0.945967968704304,0.9718490462902837,0.7037561923503298,0.9391024889249936,0.8435451421023183,0.8789262597778548,0.8640072642550333,0.8924583357936166,0.7835551364551014,0.8047377150627184,0.7863709276425445,0.7563502654606555,0.55416222718162,0.5560039726025655,0.46466207827020406,0.48506693298325837,0.4813290896860862
0.0,0.0,0.0,0.0,0.0,0.0,0.0,0.0,0.0,0.0,0.0,0.0,0.0,0.0,0.0,0.0,0.0,0.0,0.0,0.0,0.0,0.0,0.0,0.0,0.0,0.0,0.0,0.0,0.0,0.0,0.0,0.0,0.0,0.0,0.0,0.0,0.0,0.0,0.0,0.0,0.0,0.0,0.0,0.0,0.0,0.0,0.0,0.0,0.0,0.0,0.0,0.0,0.0,0.0,0.0,0.0,0.0,0.0,0.0,0.0,0.0,0.0,0.0,0.0,0.0,0.0,0.0,0.0,0.0,0.0,0.0,0.0,0.0,0.0,0.0,0.0
0.0,0.0,0.0,0.0,0.0,0.0,0.0,0.0,0.0,0.0,0.0,0.0,0.0,0.0,0.0,0.0,0.0,0.0,0.0,0.0,0.0,0.0,0.0,0.0,0.0,0.0,0.0,0.0,0.0,0.0,0.0,0.0,0.0,0.0,0.0,0.0,0.0,0.0,0.0,0.0,0.0,0.0,0.0,0.0,0.0,0.0,0.0,0.0,0.0,0.0,0.0,0.0,0.0,0.0,1.5204915014843268,1.4835906454614642,1.51850226798694,1.4701380602016572,1.374034109242029,1.384610792235202,1.39260283603663,1.7066917026419923,1.4342578723995505,1.5305975022060796,1.442606036494001,1.428483223816472,1.4338056017463356,1.3872359890535237,1.2251466531442285,1.3506960767712695,1.3007914510699432,1.1101356055848854,1.039133169285093,1.0104612750810484,0.8898093199201565,0.913308113296329
0.0,0.0,0.0,0.0,0.0,0.0,0.0,0.0,0.0,0.0,0.0,0.0,0.0,0.0,0.0,0.0,0.0,0.0,0.0,0.0,0.0,0.0,0.0,0.0,0.0,0.0,0.0,0.0,0.0,0.0,0.0,0.0,0.0,0.0,0.0,0.0,0.0,0.0,0.0,0.0,0.0,0.0,0.0,0.0,0.0,0.0,0.0,0.0,0.0,0.0,0.0,0.0,0.0,0.0,0.0,0.4214485656037958,0.30180607792898645,0.3786799765021764,0.39643721565745277,0.2797391297790623,0.3178660093008205,0.12827527419243917,0.30017042143101896,0.2408876961563578,0.23369524105215528,0.20207051212805122,0.22373604229296856,0.1589443513142617,0.14324874003862287,0.13014621736256832,0.0,0.0,0.0,0.0,0.0,0.0
0.0,0.0,0.0,0.0,0.0,0.0,0.0,0.0,0.0,0.0,0.0,0.0,0.0,0.0,0.0,0.0,0.0,0.0,0.0,0.0,0.0,0.0,0.0,0.0,0.0,0.0,0.0,0.0,0.0,0.0,0.0,0.0,0.0,0.0,0.0,0.0,0.0,0.0,0.0,0.0,0.0,0.0,0.0,0.0,0.0,0.0,0.0,0.0,0.0,0.0,0.0,0.0,0.0,0.0,0.0,0.0,0.9450592527351747,0.9637878638635144,0.9258287986872542,0.8671407544926482,0.8881556524402991,0.8150211663650886,0.8988243032762628,0.8526826537762511,0.8414458043145427,0.8036760541299706,0.8310668854422811,0.7669738721308218,0.7275721409421663,0.7391760320962237,0.7127834522372383,0.5543171501969666,0.5268740053575028,0.44977579443785454,0.4519662405579271,0.42041070113248646
0.23613466576666586,0.0,0.0,0.0,0.0,0.0,0.0,0.0,0.0,0.0,0.0,0.0,0.0,0.0,0.0,0.0,0.0,0.0,0.0,0.0,0.0,0.0,0.0,0.0,0.0,0.0,0.0,0.0,0.0,0.0,0.0,0.0,0.0,0.0,0.0,0.0,0.0,0.0,0.0,0.0,0.0,0.0,0.0,0.0,0.0,0.0,0.0,0.0,0.0,0.0,0.0,0.0,0.0,0.0,0.0,0.0,0.0,0.2686935618825931,0.2698751656877938,0.2673188914020962,0.19878436236120633,0.0,0.12026739809816489,0.0,0.11927146844772923,0.0,0.0,0.0,0.0,0.0,0.0,0.0,0.0,0.0,0.0,0.0
0.0,0.0,0.0,0.0,0.0,0.0,0.0,0.0,0.0,0.0,0.0,0.0,0.0,0.0,0.0,0.0,0.0,0.0,0.0,0.0,0.0,0.0,0.0,0.0,0.0,0.0,0.0,0.0,0.0,0.0,0.0,0.0,0.0,0.0,0.0,0.0,0.0,0.0,0.0,0.0,0.0,0.0,0.0,0.0,0.0,0.0,0.0,0.0,0.0,0.0,0.0,0.0,0.0,0.0,0.0,0.0,0.0,0.0,1.7619814723561196,1.7261990209960505,1.7343940244284104,1.6706139448529065,1.7492002527814596,1.7565727972678589,1.7052812841802771,1.6996130230944557,1.7151540724967134,1.6268257381905804,1.6186760415803019,1.6238826697945188,1.6032463161968942,1.3111392727848783,1.2908348997781358,1.198121501086154,1.2107775511844137,1.1862908196990376
0.0,0.0,0.0,0.0,0.0,0.0,0.0,0.0,0.0,0.0,0.0,0.0,0.0,0.0,0.0,0.0,0.0,0.0,0.0,0.0,0.0,0.0,0.0,0.0,0.0,0.0,0.0,0.0,0.0,0.0,0.0,0.0,0.0,0.0,0.0,0.0,0.0,0.0,0.0,0.0,0.0,0.0,0.0,0.0,0.0,0.0,0.0,0.0,0.0,0.0,0.0,0.0,0.0,0.0,0.0,0.0,0.0,0.0,0.0,0.0,0.0,0.0,0.0,0.0,0.0,0.0,0.0,0.0,0.0,0.0,0.0,0.0,0.0,0.0,0.0,0.0
0.0,0.0,0.0,0.0,0.0,0.0,0.0,0.0,0.0,0.0,0.0,0.0,0.0,0.0,0.0,0.0,0.0,0.0,0.0,0.0,0.0,0.0,0.0,0.0,0.0,0.0,0.0,0.0,0.0,0.0,0.0,0.0,0.0,0.0,0.0,0.0,0.0,0.0,0.0,0.0,0.0,0.0,0.0,0.0,0.0,0.0,0.0,0.0,0.0,0.0,0.0,0.0,0.0,0.0,0.0,0.0,0.0,0.0,0.0,0.0,0.0,0.0,0.0,0.0,0.0,0.0,0.0,0.0,0.0,0.0,0.0,0.0,0.0,0.0,0.0,0.0
0.0,0.0,0.0,0.0,0.0,0.0,0.0,0.0,0.0,0.0,0.0,0.0,0.0,0.0,0.0,0.0,0.0,0.0,0.0,0.0,0.0,0.0,0.0,0.0,0.0,0.0,0.0,0.0,0.0,0.0,0.0,0.0,0.0,0.0,0.0,0.0,0.0,0.0,0.0,0.0,0.0,0.0,0.0,0.0,0.0,0.0,0.0,0.0,0.0,0.0,0.0,0.0,0.0,0.0,0.0,0.0,0.0,0.0,0.0,0.0,0.0,0.0,0.0,0.0,0.0,0.0,0.0,0.0,0.0,0.0,0.0,0.0,0.0,0.0,0.0,0.0
0.0,0.0,0.0,0.0,0.0,0.0,0.0,0.0,0.0,0.0,0.0,0.0,0.0,0.0,0.0,0.0,0.0,0.0,0.0,0.0,0.0,0.0,0.0,0.0,0.0,0.0,0.0,0.0,0.0,0.0,0.0,0.0,0.0,0.0,0.0,0.0,0.0,0.0,0.0,0.0,0.0,0.0,0.0,0.0,0.0,0.0,0.0,0.0,0.0,0.0,0.0,0.0,0.0,0.0,0.0,0.0,0.0,0.0,0.0,0.0,0.0,0.0,0.0,0.0,0.0,0.0,0.0,0.0,0.0,0.0,0.0,0.0,0.0,0.0,0.0,0.0
0.0,0.0,0.0,0.0,0.0,0.0,0.0,0.0,0.0,0.0,0.0,0.0,0.0,0.0,0.0,0.0,0.0,0.0,0.0,0.0,0.0,0.0,0.0,0.0,0.0,0.0,0.0,0.0,0.0,0.0,0.0,0.0,0.0,0.0,0.0,0.0,0.0,0.0,0.0,0.0,0.0,0.0,0.0,0.0,0.0,0.0,0.0,0.0,0.0,0.0,0.0,0.0,0.0,0.0,0.0,0.0,0.0,0.0,0.0,0.0,0.0,0.0,0.0,0.0,0.0,0.0,0.0,0.0,0.0,0.0,0.0,0.0,0.0,0.0,0.0,0.0
0.0,0.0,0.0,0.0,0.0,0.0,0.0,0.0,0.0,0.0,0.0,0.0,0.0,0.0,0.0,0.0,0.0,0.0,0.0,0.0,0.0,0.0,0.0,0.0,0.0,0.0,0.0,0.0,0.0,0.0,0.0,0.0,0.0,0.0,0.0,0.0,0.0,0.0,0.0,0.0,0.0,0.0,0.0,0.0,0.0,0.0,0.0,0.0,0.0,0.0,0.0,0.0,0.0,0.0,0.0,0.0,0.0,0.0,0.0,0.0,0.0,0.0,0.0,0.0,0.0,0.0,0.0,0.0,0.0,0.0,0.0,0.0,0.0,0.0,0.0,0.0
0.0,0.0,0.0,0.0,0.0,0.0,0.0,0.0,0.0,0.0,0.0,0.0,0.0,0.0,0.0,0.0,0.0,0.0,0.0,0.0,0.0,0.0,0.0,0.0,0.0,0.0,0.0,0.0,0.0,0.0,0.0,0.0,0.0,0.0,0.0,0.0,0.0,0.0,0.0,0.0,0.0,0.0,0.0,0.0,0.0,0.0,0.0,0.0,0.0,0.0,0.0,0.0,0.0,0.0,0.0,0.0,0.0,0.0,0.0,0.0,0.0,0.0,0.0,0.0,0.0,0.6051521605448594,0.5937087407525833,0.564474542222832,0.5127977519172767,0.48713328513269716,0.488134231720457,0.34261292072913596,0.3096680875747535,0.2589376629450778,0.2476906942658028,0.21999744201466465
0.0,0.0,0.0,0.0,0.0,0.0,0.0,0.0,0.0,0.0,0.0,0.0,0.0,0.0,0.0,0.0,0.0,0.0,0.0,0.0,0.0,0.0,0.0,0.0,0.0,0.0,0.0,0.0,0.0,0.0,0.0,0.0,0.0,0.0,0.0,0.0,0.0,0.0,0.0,0.0,0.0,0.0,0.0,0.0,0.0,0.0,0.0,0.0,0.0,0.0,0.0,0.0,0.0,0.0,0.0,0.0,0.0,0.0,0.0,0.0,0.0,0.0,0.0,0.0,0.0,0.0,0.0,0.0,0.0,0.0,0.0,0.0,0.0,0.0,0.0,0.0
0.0,0.0,0.0,0.0,0.0,0.0,0.0,0.0,0.0,0.0,0.0,0.0,0.0,0.0,0.0,0.0,0.0,0.0,0.0,0.0,0.0,0.0,0.0,0.0,0.0,0.0,0.0,0.0,0.0,0.0,0.0,0.0,0.0,0.0,0.0,0.0,0.0,0.0,0.0,0.0,0.0,0.0,0.0,0.0,0.0,0.0,0.0,0.0,0.0,0.0,0.0,0.0,0.0,0.0,0.0,0.0,0.0,0.0,0.0,0.0,0.0,0.0,0.0,0.0,0.0,0.0,0.0,1.8498795432255486,1.7507866312637446,1.791138990180611,1.7738109818451906,1.4831188259835497,1.4388580252966743,1.3901254941502765,1.283800545773793,1.3393971190969585
0.0,0.0,0.0,0.0,0.0,0.0,0.0,0.0,0.0,0.0,0.0,0.0,0.0,0.0,0.0,0.0,0.0,0.0,0.0,0.0,0.0,0.0,0.0,0.0,0.0,0.0,0.0,0.0,0.0,0.0,0.0,0.0,0.0,0.0,0.0,0.0,0.0,0.0,0.0,0.0,0.0,0.0,0.0,0.0,0.0,0.0,0.0,0.0,0.0,0.0,0.0,0.0,0.0,0.0,0.0,0.0,0.0,0.0,0.0,0.0,0.0,0.0,0.0,0.0,0.0,0.0,0.0,0.0,1.7153789758500242,1.5576333592299183,1.6192798000741329,1.2931130319388098,1.2943700699000047,1.1841735155710196,1.2303131205853073,1.1905853570500295
0.0,0.0,0.0,0.0,0.0,0.0,0.0,0.0,0.0,0.0,0.0,0.0,0.0,0.0,0.0,0.0,0.0,0.0,0.0,0.0,0.0,0.0,0.0,0.0,0.0,0.0,0.0,0.0,0.0,0.0,0.0,0.0,0.0,0.0,0.0,0.0,0.0,0.0,0.0,0.0,0.0,0.0,0.0,0.0,0.0,0.0,0.0,0.0,0.0,0.0,0.0,0.0,0.0,0.0,0.0,0.0,0.0,0.0,0.0,0.0,0.0,0.0,0.0,0.0,0.0,0.0,0.0,0.0,0.0,0.0,0.0,0.0,0.0,0.0,0.0,0.0
0.0,0.0,0.0,0.0,0.0,0.0,0.0,0.0,0.0,0.0,0.0,0.0,0.0,0.0,0.0,0.0,0.0,0.0,0.0,0.0,0.0,0.0,0.0,0.0,0.0,0.0,0.0,0.0,0.0,0.0,0.0,0.0,0.0,0.0,0.0,0.0,0.0,0.0,0.0,0.0,0.0,0.0,0.0,0.0,0.0,0.0,0.0,0.0,0.0,0.0,0.0,0.0,0.0,0.0,0.0,0.0,0.0,0.0,0.0,0.0,0.0,0.0,0.0,0.0,0.0,0.0,0.0,0.0,0.0,0.0,0.8091846803757207,0.6108093639103812,0.6160551484207325,0.5295748478527721,0.5557540045662553,0.5320463936341032
0.0,0.0,0.0,0.0,0.0,0.0,0.0,0.0,0.0,0.0,0.0,0.0,0.0,0.0,0.0,0.0,0.0,0.0,0.0,0.0,0.0,0.0,0.0,0.0,0.0,0.0,0.0,0.0,0.0,0.0,0.0,0.0,0.0,0.0,0.0,0.0,0.0,0.0,0.0,0.0,0.0,0.0,0.0,0.0,0.0,0.0,0.0,0.0,0.0,0.0,0.0,0.0,0.0,0.0,0.0,0.0,0.0,0.0,0.0,0.0,0.0,0.0,0.0,0.0,0.0,0.0,0.0,0.0,0.0,0.0,0.0,4.162175980052507,4.150223940339613,3.9593273488840004,3.9868547125466454,4.026190378415236
0.0,0.0,0.0,0.0,0.0,0.0,0.0,0.0,0.0,0.0,0.0,0.0,0.0,0.0,0.0,0.0,0.0,0.0,0.0,0.0,0.0,0.0,0.0,0.0,0.0,0.0,0.0,0.0,0.0,0.0,0.0,0.0,0.0,0.0,0.0,0.0,0.0,0.0,0.0,0.0,0.0,0.0,0.0,0.0,0.0,0.0,0.0,0.0,0.0,0.0,0.0,0.0,0.0,0.0,0.0,0.0,0.0,0.0,0.0,0.0,0.0,0.0,0.0,0.0,0.0,0.0,0.0,0.0,0.0,0.0,0.0,0.0,1.2609188519342496,1.1586893337072102,1.186638618384332,1.1339616096135483
0.0,0.0,0.0,0.0,0.0,0.0,0.0,0.0,0.0,0.0,0.0,0.0,0.0,0.0,0.0,0.0,0.0,0.0,0.0,0.0,0.0,0.0,0.0,0.0,0.0,0.0,0.0,0.0,0.0,0.0,0.0,0.0,0.0,0.0,0.0,0.0,0.0,0.0,0.0,0.0,0.0,0.0,0.0,0.0,0.0,0.0,0.0,0.0,0.0,0.0,0.0,0.0,0.0,0.0,0.0,0.0,0.0,0.0,0.0,0.0,0.0,0.0,0.0,0.0,0.0,0.0,0.0,0.0,0.0,0.0,0.0,0.0,0.0,2.164015244565296,2.1141448081070964,2.104049884554067
0.0,0.0,0.0,0.0,0.0,0.0,0.0,0.0,0.0,0.0,0.0,0.0,0.0,0.0,0.0,0.0,0.0,0.0,0.0,0.0,0.0,0.0,0.0,0.0,0.0,0.0,0.0,0.0,0.0,0.0,0.0,0.0,0.0,0.0,0.0,0.0,0.0,0.0,0.0,0.0,0.0,0.0,0.0,0.0,0.0,0.0,0.0,0.0,0.0,0.0,0.0,0.0,0.0,0.0,0.0,0.0,0.0,0.0,0.0,0.0,0.0,0.0,0.0,0.0,0.0,0.0,0.0,0.0,0.0,0.0,0.0,0.0,0.0,0.0,0.963868258419654,0.963398818367953
0.0,0.0,0.0,0.0,0.0,0.0,0.0,0.0,0.0,0.0,0.0,0.0,0.0,0.0,0.0,0.0,0.0,0.0,0.0,0.0,0.0,0.0,0.0,0.0,0.0,0.0,0.0,0.0,0.0,0.0,0.0,0.0,0.0,0.0,0.0,0.0,0.0,0.0,0.0,0.0,0.0,0.0,0.0,0.0,0.0,0.0,0.0,0.0,0.0,0.0,0.0,0.0,0.0,0.0,0.0,0.0,0.0,0.0,0.0,0.0,0.0,0.0,0.0,0.0,0.0,0.0,0.0,0.0,0.0,0.0,0.0,0.0,0.0,0.0,0.0,0.0
0.0,0.0,0.0,0.0,0.0,0.0,0.0,0.0,0.0,0.0,0.0,0.0,0.0,0.0,0.0,0.0,0.0,0.0,0.0,0.0,0.0,0.0,0.0,0.0,0.0,0.0,0.0,0.0,0.0,0.0,0.0,0.0,0.0,0.0,0.0,0.0,0.0,0.0,0.0,0.0,0.0,0.0,0.0,0.0,0.0,0.0,0.0,0.0,0.0,0.0,0.0,0.0,0.0,0.0,0.0,0.0,0.0,0.0,0.0,0.0,0.0,0.0,0.0,0.0,0.0,0.0,0.0,0.0,0.0,0.0,0.0,0.0,0.0,0.0,0.0,0.0
